"","X","event.id","visible","lon","lat","comments","sensor.type","individual.taxon.canonical.name","tag.local.identifier","id","study.name","date","hour"
"1",1,26593053630,"true",-5.856716,5.08763,"Succeeded","gps","Elephantidae","Collar 5990","Collar 5990","Elephant Research - Ivory Coast - Collar 5990","2018-12-30","00:00:35"
"2",2,26593053631,"true",-5.855225,5.094325,"Succeeded","gps","Elephantidae","Collar 5990","Collar 5990","Elephant Research - Ivory Coast - Collar 5990","2018-12-30","02:02:24"
"3",3,26593053632,"true",-5.855311,5.094379,"Succeeded","gps","Elephantidae","Collar 5990","Collar 5990","Elephant Research - Ivory Coast - Collar 5990","2018-12-30","04:01:02"
"4",4,26593053633,"true",-5.854538,5.095065,"Succeeded","gps","Elephantidae","Collar 5990","Collar 5990","Elephant Research - Ivory Coast - Collar 5990","2018-12-30","06:01:00"
"5",5,26593053634,"true",-5.853809,5.09411,"Succeeded","gps","Elephantidae","Collar 5990","Collar 5990","Elephant Research - Ivory Coast - Collar 5990","2018-12-30","08:00:36"
"6",6,26593053635,"true",-5.852553,5.094572,"Succeeded","gps","Elephantidae","Collar 5990","Collar 5990","Elephant Research - Ivory Coast - Collar 5990","2018-12-30","10:01:25"
"7",7,26593053636,"true",-5.853583,5.092941,"Succeeded","gps","Elephantidae","Collar 5990","Collar 5990","Elephant Research - Ivory Coast - Collar 5990","2018-12-30","16:01:00"
"8",8,26593053637,"true",-5.852832,5.09676,"Succeeded","gps","Elephantidae","Collar 5990","Collar 5990","Elephant Research - Ivory Coast - Collar 5990","2018-12-30","18:01:00"
"9",9,26593053638,"true",-5.851641,5.101063,"Succeeded","gps","Elephantidae","Collar 5990","Collar 5990","Elephant Research - Ivory Coast - Collar 5990","2018-12-30","20:01:24"
"10",10,26593053639,"true",-5.850032,5.106695,"Succeeded","gps","Elephantidae","Collar 5990","Collar 5990","Elephant Research - Ivory Coast - Collar 5990","2018-12-30","22:01:29"
"11",11,26593053640,"true",-5.85088,5.106245,"Succeeded","gps","Elephantidae","Collar 5990","Collar 5990","Elephant Research - Ivory Coast - Collar 5990","2018-12-31","00:00:53"
"12",12,26593053641,"true",-5.849034,5.104142,"Succeeded","gps","Elephantidae","Collar 5990","Collar 5990","Elephant Research - Ivory Coast - Collar 5990","2018-12-31","02:01:01"
"13",13,26593053642,"true",-5.849034,5.104024,"Succeeded","gps","Elephantidae","Collar 5990","Collar 5990","Elephant Research - Ivory Coast - Collar 5990","2018-12-31","04:01:54"
"14",14,26593053643,"true",-5.849324,5.103884,"Succeeded","gps","Elephantidae","Collar 5990","Collar 5990","Elephant Research - Ivory Coast - Collar 5990","2018-12-31","06:00:53"
"15",15,26593053644,"true",-5.848251,5.102071,"Succeeded","gps","Elephantidae","Collar 5990","Collar 5990","Elephant Research - Ivory Coast - Collar 5990","2018-12-31","08:01:02"
"16",16,26593053645,"true",-5.847489,5.101395,"Succeeded","gps","Elephantidae","Collar 5990","Collar 5990","Elephant Research - Ivory Coast - Collar 5990","2018-12-31","10:01:24"
"17",17,26593053646,"true",-5.848219,5.100666,"Succeeded","gps","Elephantidae","Collar 5990","Collar 5990","Elephant Research - Ivory Coast - Collar 5990","2018-12-31","12:03:00"
"18",18,26593053647,"true",-5.847747,5.102082,"Succeeded","gps","Elephantidae","Collar 5990","Collar 5990","Elephant Research - Ivory Coast - Collar 5990","2018-12-31","18:01:21"
"19",19,26593053648,"true",-5.853315,5.10809,"Succeeded","gps","Elephantidae","Collar 5990","Collar 5990","Elephant Research - Ivory Coast - Collar 5990","2018-12-31","20:00:35"
"20",20,26593053649,"true",-5.84558,5.119323,"Succeeded","gps","Elephantidae","Collar 5990","Collar 5990","Elephant Research - Ivory Coast - Collar 5990","2018-12-31","22:01:24"
"21",21,26593053650,"true",-5.83366,5.119119,"Succeeded","gps","Elephantidae","Collar 5990","Collar 5990","Elephant Research - Ivory Coast - Collar 5990","2019-01-01","00:00:50"
"22",22,26593053651,"true",-5.82704,5.121415,"Succeeded","gps","Elephantidae","Collar 5990","Collar 5990","Elephant Research - Ivory Coast - Collar 5990","2019-01-01","02:00:33"
"23",23,26593053652,"true",-5.821161,5.11663,"Succeeded","gps","Elephantidae","Collar 5990","Collar 5990","Elephant Research - Ivory Coast - Collar 5990","2019-01-01","04:00:55"
"24",24,26593053653,"true",-5.818146,5.118765,"Succeeded","gps","Elephantidae","Collar 5990","Collar 5990","Elephant Research - Ivory Coast - Collar 5990","2019-01-01","06:01:24"
"25",25,26593053654,"true",-5.817137,5.120471,"Succeeded","gps","Elephantidae","Collar 5990","Collar 5990","Elephant Research - Ivory Coast - Collar 5990","2019-01-01","08:00:37"
"26",26,26593053655,"true",-5.81585,5.121877,"Succeeded","gps","Elephantidae","Collar 5990","Collar 5990","Elephant Research - Ivory Coast - Collar 5990","2019-01-01","10:00:55"
"27",27,26593053656,"true",-5.815807,5.121469,"Succeeded","gps","Elephantidae","Collar 5990","Collar 5990","Elephant Research - Ivory Coast - Collar 5990","2019-01-01","12:00:55"
"28",28,26593053657,"true",-5.817373,5.117274,"Succeeded","gps","Elephantidae","Collar 5990","Collar 5990","Elephant Research - Ivory Coast - Collar 5990","2019-01-01","14:02:54"
"29",29,26593053658,"true",-5.817556,5.117392,"Succeeded","gps","Elephantidae","Collar 5990","Collar 5990","Elephant Research - Ivory Coast - Collar 5990","2019-01-01","16:02:07"
"30",30,26593053659,"true",-5.817395,5.116341,"Succeeded","gps","Elephantidae","Collar 5990","Collar 5990","Elephant Research - Ivory Coast - Collar 5990","2019-01-01","18:02:37"
"31",31,26593053660,"true",-5.817019,5.115589,"Succeeded","gps","Elephantidae","Collar 5990","Collar 5990","Elephant Research - Ivory Coast - Collar 5990","2019-01-01","20:01:31"
"32",32,26593053661,"true",-5.814412,5.113583,"Succeeded","gps","Elephantidae","Collar 5990","Collar 5990","Elephant Research - Ivory Coast - Collar 5990","2019-01-02","00:00:38"
"33",33,26593053662,"true",-5.813608,5.113197,"Succeeded","gps","Elephantidae","Collar 5990","Collar 5990","Elephant Research - Ivory Coast - Collar 5990","2019-01-02","02:01:07"
"34",34,26593053663,"true",-5.813146,5.112746,"Succeeded","gps","Elephantidae","Collar 5990","Collar 5990","Elephant Research - Ivory Coast - Collar 5990","2019-01-02","04:00:49"
"35",35,26593053664,"true",-5.813275,5.112918,"Succeeded","gps","Elephantidae","Collar 5990","Collar 5990","Elephant Research - Ivory Coast - Collar 5990","2019-01-02","06:01:20"
"36",36,26593053665,"true",-5.814219,5.114023,"Succeeded","gps","Elephantidae","Collar 5990","Collar 5990","Elephant Research - Ivory Coast - Collar 5990","2019-01-02","08:01:01"
"37",37,26593053666,"true",-5.813693,5.114914,"Succeeded","gps","Elephantidae","Collar 5990","Collar 5990","Elephant Research - Ivory Coast - Collar 5990","2019-01-02","10:01:54"
"38",38,26593053667,"true",-5.81335,5.115332,"Succeeded","gps","Elephantidae","Collar 5990","Collar 5990","Elephant Research - Ivory Coast - Collar 5990","2019-01-02","12:01:55"
"39",39,26593053668,"true",-5.813554,5.114978,"Succeeded","gps","Elephantidae","Collar 5990","Collar 5990","Elephant Research - Ivory Coast - Collar 5990","2019-01-02","14:02:37"
"40",40,26593053669,"true",-5.81349,5.114731,"Succeeded","gps","Elephantidae","Collar 5990","Collar 5990","Elephant Research - Ivory Coast - Collar 5990","2019-01-02","16:02:07"
"41",41,26593053670,"true",-5.812857,5.114313,"Succeeded","gps","Elephantidae","Collar 5990","Collar 5990","Elephant Research - Ivory Coast - Collar 5990","2019-01-02","18:01:20"
"42",42,26593053671,"true",-5.811548,5.111931,"Succeeded","gps","Elephantidae","Collar 5990","Collar 5990","Elephant Research - Ivory Coast - Collar 5990","2019-01-02","20:01:00"
"43",43,26593053672,"true",-5.81335,5.111673,"Succeeded","gps","Elephantidae","Collar 5990","Collar 5990","Elephant Research - Ivory Coast - Collar 5990","2019-01-02","22:02:07"
"44",44,26593053673,"true",-5.815904,5.113379,"Succeeded","gps","Elephantidae","Collar 5990","Collar 5990","Elephant Research - Ivory Coast - Collar 5990","2019-01-03","00:01:06"
"45",45,26593053674,"true",-5.818371,5.113401,"Succeeded","gps","Elephantidae","Collar 5990","Collar 5990","Elephant Research - Ivory Coast - Collar 5990","2019-01-03","02:02:37"
"46",46,26593053675,"true",-5.818382,5.113401,"Succeeded","gps","Elephantidae","Collar 5990","Collar 5990","Elephant Research - Ivory Coast - Collar 5990","2019-01-03","04:02:36"
"47",47,26593053676,"true",-5.818414,5.113369,"Succeeded","gps","Elephantidae","Collar 5990","Collar 5990","Elephant Research - Ivory Coast - Collar 5990","2019-01-03","06:01:06"
"48",48,26593053677,"true",-5.818178,5.114731,"Succeeded","gps","Elephantidae","Collar 5990","Collar 5990","Elephant Research - Ivory Coast - Collar 5990","2019-01-03","08:01:42"
"49",49,26593053678,"true",-5.818403,5.115311,"Succeeded","gps","Elephantidae","Collar 5990","Collar 5990","Elephant Research - Ivory Coast - Collar 5990","2019-01-03","10:02:37"
"50",50,26593053679,"true",-5.816837,5.117295,"Succeeded","gps","Elephantidae","Collar 5990","Collar 5990","Elephant Research - Ivory Coast - Collar 5990","2019-01-03","14:02:01"
"51",51,26593053680,"true",-5.816966,5.117725,"Succeeded","gps","Elephantidae","Collar 5990","Collar 5990","Elephant Research - Ivory Coast - Collar 5990","2019-01-03","16:00:49"
"52",52,26593053681,"true",-5.81585,5.117338,"Succeeded","gps","Elephantidae","Collar 5990","Collar 5990","Elephant Research - Ivory Coast - Collar 5990","2019-01-03","18:01:08"
"53",53,26593053682,"true",-5.813833,5.116695,"Succeeded","gps","Elephantidae","Collar 5990","Collar 5990","Elephant Research - Ivory Coast - Collar 5990","2019-01-03","20:00:35"
"54",54,26593053683,"true",-5.818285,5.113465,"Succeeded","gps","Elephantidae","Collar 5990","Collar 5990","Elephant Research - Ivory Coast - Collar 5990","2019-01-04","02:01:06"
"55",55,26593053684,"true",-5.817105,5.115793,"Succeeded","gps","Elephantidae","Collar 5990","Collar 5990","Elephant Research - Ivory Coast - Collar 5990","2019-01-04","04:00:33"
"56",56,26593053685,"true",-5.818403,5.117027,"Succeeded","gps","Elephantidae","Collar 5990","Collar 5990","Elephant Research - Ivory Coast - Collar 5990","2019-01-04","06:00:38"
"57",57,26593053686,"true",-5.817931,5.117682,"Succeeded","gps","Elephantidae","Collar 5990","Collar 5990","Elephant Research - Ivory Coast - Collar 5990","2019-01-04","08:00:54"
"58",58,26593053687,"true",-5.817084,5.11766,"Succeeded","gps","Elephantidae","Collar 5990","Collar 5990","Elephant Research - Ivory Coast - Collar 5990","2019-01-04","10:00:54"
"59",59,26593053688,"true",-5.816333,5.117016,"Succeeded","gps","Elephantidae","Collar 5990","Collar 5990","Elephant Research - Ivory Coast - Collar 5990","2019-01-04","12:01:37"
"60",60,26593053689,"true",-5.816064,5.117403,"Succeeded","gps","Elephantidae","Collar 5990","Collar 5990","Elephant Research - Ivory Coast - Collar 5990","2019-01-04","14:01:41"
"61",61,26593053690,"true",-5.816976,5.117671,"Succeeded","gps","Elephantidae","Collar 5990","Collar 5990","Elephant Research - Ivory Coast - Collar 5990","2019-01-04","16:01:24"
"62",62,26593053691,"true",-5.816687,5.118122,"Succeeded","gps","Elephantidae","Collar 5990","Collar 5990","Elephant Research - Ivory Coast - Collar 5990","2019-01-04","18:01:06"
"63",63,26593053692,"true",-5.817824,5.118358,"Succeeded","gps","Elephantidae","Collar 5990","Collar 5990","Elephant Research - Ivory Coast - Collar 5990","2019-01-04","20:02:36"
"64",64,26593053693,"true",-5.818993,5.121362,"Succeeded","gps","Elephantidae","Collar 5990","Collar 5990","Elephant Research - Ivory Coast - Collar 5990","2019-01-04","22:00:36"
"65",65,26593053694,"true",-5.820099,5.117885,"Succeeded","gps","Elephantidae","Collar 5990","Collar 5990","Elephant Research - Ivory Coast - Collar 5990","2019-01-05","00:00:33"
"66",66,26593053695,"true",-5.819165,5.117435,"Succeeded","gps","Elephantidae","Collar 5990","Collar 5990","Elephant Research - Ivory Coast - Collar 5990","2019-01-05","02:01:06"
"67",67,26593053696,"true",-5.819154,5.117435,"Succeeded","gps","Elephantidae","Collar 5990","Collar 5990","Elephant Research - Ivory Coast - Collar 5990","2019-01-05","04:00:37"
"68",68,26593053697,"true",-5.820141,5.116888,"Succeeded","gps","Elephantidae","Collar 5990","Collar 5990","Elephant Research - Ivory Coast - Collar 5990","2019-01-05","06:00:33"
"69",69,26593053698,"true",-5.823264,5.116298,"Succeeded","gps","Elephantidae","Collar 5990","Collar 5990","Elephant Research - Ivory Coast - Collar 5990","2019-01-05","08:00:33"
"70",70,26593053699,"true",-5.824186,5.118143,"Succeeded","gps","Elephantidae","Collar 5990","Collar 5990","Elephant Research - Ivory Coast - Collar 5990","2019-01-05","10:00:54"
"71",71,26593053700,"true",-5.824733,5.118282,"Succeeded","gps","Elephantidae","Collar 5990","Collar 5990","Elephant Research - Ivory Coast - Collar 5990","2019-01-05","12:01:41"
"72",72,26593053701,"true",-5.825281,5.119624,"Succeeded","gps","Elephantidae","Collar 5990","Collar 5990","Elephant Research - Ivory Coast - Collar 5990","2019-01-05","14:02:02"
"73",73,26593053702,"true",-5.823832,5.119216,"Succeeded","gps","Elephantidae","Collar 5990","Collar 5990","Elephant Research - Ivory Coast - Collar 5990","2019-01-05","16:01:30"
"74",74,26593053703,"true",-5.823027,5.119495,"Succeeded","gps","Elephantidae","Collar 5990","Collar 5990","Elephant Research - Ivory Coast - Collar 5990","2019-01-05","18:01:01"
"75",75,26593053704,"true",-5.823489,5.125803,"Succeeded","gps","Elephantidae","Collar 5990","Collar 5990","Elephant Research - Ivory Coast - Collar 5990","2019-01-05","20:00:36"
"76",76,26593053705,"true",-5.82101,5.124956,"Succeeded","gps","Elephantidae","Collar 5990","Collar 5990","Elephant Research - Ivory Coast - Collar 5990","2019-01-05","22:00:55"
"77",77,26593053706,"true",-5.822448,5.120675,"Succeeded","gps","Elephantidae","Collar 5990","Collar 5990","Elephant Research - Ivory Coast - Collar 5990","2019-01-06","00:00:35"
"78",78,26593053707,"true",-5.82351,5.119838,"Succeeded","gps","Elephantidae","Collar 5990","Collar 5990","Elephant Research - Ivory Coast - Collar 5990","2019-01-06","02:00:33"
"79",79,26593053708,"true",-5.823768,5.117617,"Succeeded","gps","Elephantidae","Collar 5990","Collar 5990","Elephant Research - Ivory Coast - Collar 5990","2019-01-06","04:00:37"
"80",80,26593053709,"true",-5.823714,5.11751,"Succeeded","gps","Elephantidae","Collar 5990","Collar 5990","Elephant Research - Ivory Coast - Collar 5990","2019-01-06","06:01:06"
"81",81,26593053710,"true",-5.82469,5.117542,"Succeeded","gps","Elephantidae","Collar 5990","Collar 5990","Elephant Research - Ivory Coast - Collar 5990","2019-01-06","08:00:33"
"82",82,26593053711,"true",-5.825323,5.118701,"Succeeded","gps","Elephantidae","Collar 5990","Collar 5990","Elephant Research - Ivory Coast - Collar 5990","2019-01-06","10:01:06"
"83",83,26593053712,"true",-5.824723,5.11825,"Succeeded","gps","Elephantidae","Collar 5990","Collar 5990","Elephant Research - Ivory Coast - Collar 5990","2019-01-06","12:02:30"
"84",84,26593053713,"true",-5.821719,5.115858,"Succeeded","gps","Elephantidae","Collar 5990","Collar 5990","Elephant Research - Ivory Coast - Collar 5990","2019-01-06","14:00:42"
"85",85,26593053714,"true",-5.821761,5.115858,"Succeeded","gps","Elephantidae","Collar 5990","Collar 5990","Elephant Research - Ivory Coast - Collar 5990","2019-01-06","16:00:41"
"86",86,26593053715,"true",-5.822513,5.117295,"Succeeded","gps","Elephantidae","Collar 5990","Collar 5990","Elephant Research - Ivory Coast - Collar 5990","2019-01-06","18:01:01"
"87",87,26593053716,"true",-5.825624,5.120214,"Succeeded","gps","Elephantidae","Collar 5990","Collar 5990","Elephant Research - Ivory Coast - Collar 5990","2019-01-06","20:00:34"
"88",88,26593053717,"true",-5.832093,5.119613,"Succeeded","gps","Elephantidae","Collar 5990","Collar 5990","Elephant Research - Ivory Coast - Collar 5990","2019-01-06","22:01:06"
"89",89,26593053718,"true",-5.834958,5.120149,"Succeeded","gps","Elephantidae","Collar 5990","Collar 5990","Elephant Research - Ivory Coast - Collar 5990","2019-01-07","00:02:06"
"90",90,26593053719,"true",-5.835773,5.120514,"Succeeded","gps","Elephantidae","Collar 5990","Collar 5990","Elephant Research - Ivory Coast - Collar 5990","2019-01-07","02:00:37"
"91",91,26593053720,"true",-5.835816,5.120578,"Succeeded","gps","Elephantidae","Collar 5990","Collar 5990","Elephant Research - Ivory Coast - Collar 5990","2019-01-07","04:00:37"
"92",92,26593053721,"true",-5.835816,5.118658,"Succeeded","gps","Elephantidae","Collar 5990","Collar 5990","Elephant Research - Ivory Coast - Collar 5990","2019-01-07","06:00:36"
"93",93,26593053722,"true",-5.835999,5.117531,"Succeeded","gps","Elephantidae","Collar 5990","Collar 5990","Elephant Research - Ivory Coast - Collar 5990","2019-01-07","08:00:50"
"94",94,26593053723,"true",-5.835055,5.118164,"Succeeded","gps","Elephantidae","Collar 5990","Collar 5990","Elephant Research - Ivory Coast - Collar 5990","2019-01-07","10:00:38"
"95",95,26593053724,"true",-5.836321,5.120986,"Succeeded","gps","Elephantidae","Collar 5990","Collar 5990","Elephant Research - Ivory Coast - Collar 5990","2019-01-07","12:00:50"
"96",96,26593053725,"true",-5.843112,5.123228,"Succeeded","gps","Elephantidae","Collar 5990","Collar 5990","Elephant Research - Ivory Coast - Collar 5990","2019-01-07","14:00:49"
"97",97,26593053726,"true",-5.846888,5.121801,"Succeeded","gps","Elephantidae","Collar 5990","Collar 5990","Elephant Research - Ivory Coast - Collar 5990","2019-01-07","16:01:07"
"98",98,26593053727,"true",-5.8475,5.122681,"Succeeded","gps","Elephantidae","Collar 5990","Collar 5990","Elephant Research - Ivory Coast - Collar 5990","2019-01-07","18:01:02"
"99",99,26593053728,"true",-5.851116,5.123239,"Succeeded","gps","Elephantidae","Collar 5990","Collar 5990","Elephant Research - Ivory Coast - Collar 5990","2019-01-07","20:00:49"
"100",100,26593053729,"true",-5.848026,5.128958,"Succeeded","gps","Elephantidae","Collar 5990","Collar 5990","Elephant Research - Ivory Coast - Collar 5990","2019-01-07","22:01:02"
"101",101,26593053730,"true",-5.84942,5.11633,"Succeeded","gps","Elephantidae","Collar 5990","Collar 5990","Elephant Research - Ivory Coast - Collar 5990","2019-01-08","00:00:36"
"102",102,26593053731,"true",-5.849689,5.100537,"Succeeded","gps","Elephantidae","Collar 5990","Collar 5990","Elephant Research - Ivory Coast - Collar 5990","2019-01-08","02:01:03"
"103",103,26593053732,"true",-5.850633,5.097855,"Succeeded","gps","Elephantidae","Collar 5990","Collar 5990","Elephant Research - Ivory Coast - Collar 5990","2019-01-08","04:00:55"
"104",104,26593053733,"true",-5.850772,5.097608,"Succeeded","gps","Elephantidae","Collar 5990","Collar 5990","Elephant Research - Ivory Coast - Collar 5990","2019-01-08","06:00:55"
"105",105,26593053734,"true",-5.852671,5.095355,"Succeeded","gps","Elephantidae","Collar 5990","Collar 5990","Elephant Research - Ivory Coast - Collar 5990","2019-01-08","08:00:36"
"106",106,26593053735,"true",-5.854667,5.0919,"Succeeded","gps","Elephantidae","Collar 5990","Collar 5990","Elephant Research - Ivory Coast - Collar 5990","2019-01-08","10:01:07"
"107",107,26593053736,"true",-5.855439,5.089518,"Succeeded","gps","Elephantidae","Collar 5990","Collar 5990","Elephant Research - Ivory Coast - Collar 5990","2019-01-08","16:02:31"
"108",108,26593053737,"true",-5.857853,5.089111,"Succeeded","gps","Elephantidae","Collar 5990","Collar 5990","Elephant Research - Ivory Coast - Collar 5990","2019-01-08","18:01:06"
"109",109,26593053738,"true",-5.863819,5.08424,"Succeeded","gps","Elephantidae","Collar 5990","Collar 5990","Elephant Research - Ivory Coast - Collar 5990","2019-01-09","00:01:02"
"110",110,26593053739,"true",-5.860675,5.085313,"Succeeded","gps","Elephantidae","Collar 5990","Collar 5990","Elephant Research - Ivory Coast - Collar 5990","2019-01-09","02:00:48"
"111",111,26593053740,"true",-5.860975,5.085452,"Succeeded","gps","Elephantidae","Collar 5990","Collar 5990","Elephant Research - Ivory Coast - Collar 5990","2019-01-09","04:01:00"
"112",112,26593053741,"true",-5.860364,5.086761,"Succeeded","gps","Elephantidae","Collar 5990","Collar 5990","Elephant Research - Ivory Coast - Collar 5990","2019-01-09","06:01:24"
"113",113,26593053742,"true",-5.860224,5.090516,"Succeeded","gps","Elephantidae","Collar 5990","Collar 5990","Elephant Research - Ivory Coast - Collar 5990","2019-01-09","08:00:38"
"114",114,26593053743,"true",-5.863861,5.091342,"Succeeded","gps","Elephantidae","Collar 5990","Collar 5990","Elephant Research - Ivory Coast - Collar 5990","2019-01-09","10:01:36"
"115",115,26593053744,"true",-5.862123,5.090516,"Succeeded","gps","Elephantidae","Collar 5990","Collar 5990","Elephant Research - Ivory Coast - Collar 5990","2019-01-09","12:02:35"
"116",116,26593053745,"true",-5.862306,5.090269,"Succeeded","gps","Elephantidae","Collar 5990","Collar 5990","Elephant Research - Ivory Coast - Collar 5990","2019-01-09","16:02:54"
"117",117,26593053746,"true",-5.864698,5.08837,"Succeeded","gps","Elephantidae","Collar 5990","Collar 5990","Elephant Research - Ivory Coast - Collar 5990","2019-01-09","18:01:11"
"118",118,26593053747,"true",-5.868861,5.090527,"Succeeded","gps","Elephantidae","Collar 5990","Collar 5990","Elephant Research - Ivory Coast - Collar 5990","2019-01-09","20:00:36"
"119",119,26593053748,"true",-5.869709,5.093381,"Succeeded","gps","Elephantidae","Collar 5990","Collar 5990","Elephant Research - Ivory Coast - Collar 5990","2019-01-09","22:00:33"
"120",120,26593053749,"true",-5.868346,5.090227,"Succeeded","gps","Elephantidae","Collar 5990","Collar 5990","Elephant Research - Ivory Coast - Collar 5990","2019-01-10","00:00:50"
"121",121,26593053750,"true",-5.865911,5.088263,"Succeeded","gps","Elephantidae","Collar 5990","Collar 5990","Elephant Research - Ivory Coast - Collar 5990","2019-01-10","04:00:37"
"122",122,26593053751,"true",-5.865428,5.088928,"Succeeded","gps","Elephantidae","Collar 5990","Collar 5990","Elephant Research - Ivory Coast - Collar 5990","2019-01-10","06:01:18"
"123",123,26593053752,"true",-5.865042,5.090044,"Succeeded","gps","Elephantidae","Collar 5990","Collar 5990","Elephant Research - Ivory Coast - Collar 5990","2019-01-10","08:02:06"
"124",124,26593053753,"true",-5.865889,5.087813,"Succeeded","gps","Elephantidae","Collar 5990","Collar 5990","Elephant Research - Ivory Coast - Collar 5990","2019-01-10","12:01:06"
"125",125,26593053754,"true",-5.865675,5.088102,"Succeeded","gps","Elephantidae","Collar 5990","Collar 5990","Elephant Research - Ivory Coast - Collar 5990","2019-01-10","18:00:49"
"126",126,26593053755,"true",-5.869172,5.085667,"Succeeded","gps","Elephantidae","Collar 5990","Collar 5990","Elephant Research - Ivory Coast - Collar 5990","2019-01-10","20:00:54"
"127",127,26593053756,"true",-5.870213,5.08351,"Succeeded","gps","Elephantidae","Collar 5990","Collar 5990","Elephant Research - Ivory Coast - Collar 5990","2019-01-10","22:00:36"
"128",128,26593053757,"true",-5.86693,5.086364,"Succeeded","gps","Elephantidae","Collar 5990","Collar 5990","Elephant Research - Ivory Coast - Collar 5990","2019-01-11","00:03:00"
"129",129,26593053758,"true",-5.866951,5.086611,"Succeeded","gps","Elephantidae","Collar 5990","Collar 5990","Elephant Research - Ivory Coast - Collar 5990","2019-01-11","02:01:32"
"130",130,26593053759,"true",-5.866973,5.086718,"Succeeded","gps","Elephantidae","Collar 5990","Collar 5990","Elephant Research - Ivory Coast - Collar 5990","2019-01-11","04:01:25"
"131",131,26593053760,"true",-5.867906,5.086493,"Succeeded","gps","Elephantidae","Collar 5990","Collar 5990","Elephant Research - Ivory Coast - Collar 5990","2019-01-11","06:00:42"
"132",132,26593053761,"true",-5.867541,5.088735,"Succeeded","gps","Elephantidae","Collar 5990","Collar 5990","Elephant Research - Ivory Coast - Collar 5990","2019-01-11","08:01:06"
"133",133,26593053762,"true",-5.868453,5.088328,"Succeeded","gps","Elephantidae","Collar 5990","Collar 5990","Elephant Research - Ivory Coast - Collar 5990","2019-01-11","10:01:36"
"134",134,26593053763,"true",-5.866962,5.086697,"Succeeded","gps","Elephantidae","Collar 5990","Collar 5990","Elephant Research - Ivory Coast - Collar 5990","2019-01-11","14:00:54"
"135",135,26593053764,"true",-5.867799,5.085935,"Succeeded","gps","Elephantidae","Collar 5990","Collar 5990","Elephant Research - Ivory Coast - Collar 5990","2019-01-11","18:00:54"
"136",136,26593053765,"true",-5.869226,5.083296,"Succeeded","gps","Elephantidae","Collar 5990","Collar 5990","Elephant Research - Ivory Coast - Collar 5990","2019-01-11","20:01:49"
"137",137,26593053766,"true",-5.871082,5.082523,"Succeeded","gps","Elephantidae","Collar 5990","Collar 5990","Elephant Research - Ivory Coast - Collar 5990","2019-01-11","22:01:35"
"138",138,26593053767,"true",-5.868872,5.082598,"Succeeded","gps","Elephantidae","Collar 5990","Collar 5990","Elephant Research - Ivory Coast - Collar 5990","2019-01-12","00:01:12"
"139",139,26593053768,"true",-5.867745,5.085559,"Succeeded","gps","Elephantidae","Collar 5990","Collar 5990","Elephant Research - Ivory Coast - Collar 5990","2019-01-12","02:01:31"
"140",140,26593053769,"true",-5.86738,5.086321,"Succeeded","gps","Elephantidae","Collar 5990","Collar 5990","Elephant Research - Ivory Coast - Collar 5990","2019-01-12","04:00:41"
"141",141,26593053770,"true",-5.867413,5.086557,"Succeeded","gps","Elephantidae","Collar 5990","Collar 5990","Elephant Research - Ivory Coast - Collar 5990","2019-01-12","06:00:58"
"142",142,26593053771,"true",-5.867209,5.089239,"Succeeded","gps","Elephantidae","Collar 5990","Collar 5990","Elephant Research - Ivory Coast - Collar 5990","2019-01-12","08:00:37"
"143",143,26593053772,"true",-5.865621,5.089883,"Succeeded","gps","Elephantidae","Collar 5990","Collar 5990","Elephant Research - Ivory Coast - Collar 5990","2019-01-12","10:01:37"
"144",144,26593053773,"true",-5.865235,5.089926,"Succeeded","gps","Elephantidae","Collar 5990","Collar 5990","Elephant Research - Ivory Coast - Collar 5990","2019-01-12","12:02:08"
"145",145,26593053774,"true",-5.86517,5.089819,"Succeeded","gps","Elephantidae","Collar 5990","Collar 5990","Elephant Research - Ivory Coast - Collar 5990","2019-01-12","14:02:25"
"146",146,26593053775,"true",-5.865524,5.089658,"Succeeded","gps","Elephantidae","Collar 5990","Collar 5990","Elephant Research - Ivory Coast - Collar 5990","2019-01-12","16:02:07"
"147",147,26593053776,"true",-5.866436,5.089046,"Succeeded","gps","Elephantidae","Collar 5990","Collar 5990","Elephant Research - Ivory Coast - Collar 5990","2019-01-12","18:00:39"
"148",148,26593053777,"true",-5.868271,5.089379,"Succeeded","gps","Elephantidae","Collar 5990","Collar 5990","Elephant Research - Ivory Coast - Collar 5990","2019-01-12","20:01:37"
"149",149,26593053778,"true",-5.867123,5.092029,"Succeeded","gps","Elephantidae","Collar 5990","Collar 5990","Elephant Research - Ivory Coast - Collar 5990","2019-01-12","22:00:37"
"150",150,26593053779,"true",-5.866458,5.093928,"Succeeded","gps","Elephantidae","Collar 5990","Collar 5990","Elephant Research - Ivory Coast - Collar 5990","2019-01-13","00:01:20"
"151",151,26593053780,"true",-5.866039,5.092104,"Succeeded","gps","Elephantidae","Collar 5990","Collar 5990","Elephant Research - Ivory Coast - Collar 5990","2019-01-13","02:01:06"
"152",152,26593053781,"true",-5.865481,5.091535,"Succeeded","gps","Elephantidae","Collar 5990","Collar 5990","Elephant Research - Ivory Coast - Collar 5990","2019-01-13","04:00:51"
"153",153,26593053782,"true",-5.865503,5.091782,"Succeeded","gps","Elephantidae","Collar 5990","Collar 5990","Elephant Research - Ivory Coast - Collar 5990","2019-01-13","06:01:06"
"154",154,26593053783,"true",-5.864548,5.091932,"Succeeded","gps","Elephantidae","Collar 5990","Collar 5990","Elephant Research - Ivory Coast - Collar 5990","2019-01-13","08:01:25"
"155",155,26593053784,"true",-5.863271,5.092083,"Succeeded","gps","Elephantidae","Collar 5990","Collar 5990","Elephant Research - Ivory Coast - Collar 5990","2019-01-13","10:01:01"
"156",156,26593053785,"true",-5.862102,5.092244,"Succeeded","gps","Elephantidae","Collar 5990","Collar 5990","Elephant Research - Ivory Coast - Collar 5990","2019-01-13","12:01:07"
"157",157,26593053786,"true",-5.862649,5.092619,"Succeeded","gps","Elephantidae","Collar 5990","Collar 5990","Elephant Research - Ivory Coast - Collar 5990","2019-01-13","14:02:00"
"158",158,26593053787,"true",-5.862767,5.092565,"Succeeded","gps","Elephantidae","Collar 5990","Collar 5990","Elephant Research - Ivory Coast - Collar 5990","2019-01-13","16:01:08"
"159",159,26593053788,"true",-5.862435,5.092533,"Succeeded","gps","Elephantidae","Collar 5990","Collar 5990","Elephant Research - Ivory Coast - Collar 5990","2019-01-13","18:01:07"
"160",160,26593053789,"true",-5.865621,5.09396,"Succeeded","gps","Elephantidae","Collar 5990","Collar 5990","Elephant Research - Ivory Coast - Collar 5990","2019-01-13","20:01:02"
"161",161,26593053790,"true",-5.865127,5.092587,"Succeeded","gps","Elephantidae","Collar 5990","Collar 5990","Elephant Research - Ivory Coast - Collar 5990","2019-01-13","22:02:24"
"162",162,26593053791,"true",-5.86296,5.093585,"Succeeded","gps","Elephantidae","Collar 5990","Collar 5990","Elephant Research - Ivory Coast - Collar 5990","2019-01-14","00:01:30"
"163",163,26593053792,"true",-5.862413,5.092158,"Succeeded","gps","Elephantidae","Collar 5990","Collar 5990","Elephant Research - Ivory Coast - Collar 5990","2019-01-14","02:00:37"
"164",164,26593053793,"true",-5.862842,5.092276,"Succeeded","gps","Elephantidae","Collar 5990","Collar 5990","Elephant Research - Ivory Coast - Collar 5990","2019-01-14","04:00:54"
"165",165,26593053794,"true",-5.862789,5.092244,"Succeeded","gps","Elephantidae","Collar 5990","Collar 5990","Elephant Research - Ivory Coast - Collar 5990","2019-01-14","06:01:06"
"166",166,26593053795,"true",-5.860643,5.092222,"Succeeded","gps","Elephantidae","Collar 5990","Collar 5990","Elephant Research - Ivory Coast - Collar 5990","2019-01-14","08:01:30"
"167",167,26593053796,"true",-5.860021,5.09087,"Succeeded","gps","Elephantidae","Collar 5990","Collar 5990","Elephant Research - Ivory Coast - Collar 5990","2019-01-14","10:01:38"
"168",168,26593053797,"true",-5.863904,5.089551,"Succeeded","gps","Elephantidae","Collar 5990","Collar 5990","Elephant Research - Ivory Coast - Collar 5990","2019-01-14","18:01:07"
"169",169,26593053798,"true",-5.866919,5.088649,"Succeeded","gps","Elephantidae","Collar 5990","Collar 5990","Elephant Research - Ivory Coast - Collar 5990","2019-01-14","20:01:31"
"170",170,26593053799,"true",-5.867456,5.083285,"Succeeded","gps","Elephantidae","Collar 5990","Collar 5990","Elephant Research - Ivory Coast - Collar 5990","2019-01-14","22:00:34"
"171",171,26593053800,"true",-5.867112,5.086439,"Succeeded","gps","Elephantidae","Collar 5990","Collar 5990","Elephant Research - Ivory Coast - Collar 5990","2019-01-15","00:02:39"
"172",172,26593053801,"true",-5.866436,5.086493,"Succeeded","gps","Elephantidae","Collar 5990","Collar 5990","Elephant Research - Ivory Coast - Collar 5990","2019-01-15","02:01:50"
"173",173,26593053802,"true",-5.866436,5.086568,"Succeeded","gps","Elephantidae","Collar 5990","Collar 5990","Elephant Research - Ivory Coast - Collar 5990","2019-01-15","04:00:41"
"174",174,26593053803,"true",-5.86678,5.088306,"Succeeded","gps","Elephantidae","Collar 5990","Collar 5990","Elephant Research - Ivory Coast - Collar 5990","2019-01-15","06:01:31"
"175",175,26593053804,"true",-5.866801,5.090334,"Succeeded","gps","Elephantidae","Collar 5990","Collar 5990","Elephant Research - Ivory Coast - Collar 5990","2019-01-15","08:01:06"
"176",176,26593053805,"true",-5.865696,5.090398,"Succeeded","gps","Elephantidae","Collar 5990","Collar 5990","Elephant Research - Ivory Coast - Collar 5990","2019-01-15","10:01:43"
"177",177,26593053806,"true",-5.865396,5.087619,"Succeeded","gps","Elephantidae","Collar 5990","Collar 5990","Elephant Research - Ivory Coast - Collar 5990","2019-01-15","12:01:36"
"178",178,26593053807,"true",-5.865921,5.087984,"Succeeded","gps","Elephantidae","Collar 5990","Collar 5990","Elephant Research - Ivory Coast - Collar 5990","2019-01-15","14:02:29"
"179",179,26593053808,"true",-5.866222,5.087587,"Succeeded","gps","Elephantidae","Collar 5990","Collar 5990","Elephant Research - Ivory Coast - Collar 5990","2019-01-15","16:01:44"
"180",180,26593053809,"true",-5.866554,5.088456,"Succeeded","gps","Elephantidae","Collar 5990","Collar 5990","Elephant Research - Ivory Coast - Collar 5990","2019-01-15","18:01:36"
"181",181,26593053810,"true",-5.86369,5.085034,"Succeeded","gps","Elephantidae","Collar 5990","Collar 5990","Elephant Research - Ivory Coast - Collar 5990","2019-01-15","20:00:54"
"182",182,26593053811,"true",-5.865621,5.081139,"Succeeded","gps","Elephantidae","Collar 5990","Collar 5990","Elephant Research - Ivory Coast - Collar 5990","2019-01-15","22:01:06"
"183",183,26593053812,"true",-5.866737,5.082909,"Succeeded","gps","Elephantidae","Collar 5990","Collar 5990","Elephant Research - Ivory Coast - Collar 5990","2019-01-16","00:00:54"
"184",184,26593053813,"true",-5.86767,5.085699,"Succeeded","gps","Elephantidae","Collar 5990","Collar 5990","Elephant Research - Ivory Coast - Collar 5990","2019-01-16","02:01:24"
"185",185,26593053814,"true",-5.866629,5.086536,"Succeeded","gps","Elephantidae","Collar 5990","Collar 5990","Elephant Research - Ivory Coast - Collar 5990","2019-01-16","04:01:00"
"186",186,26593053815,"true",-5.866565,5.086643,"Succeeded","gps","Elephantidae","Collar 5990","Collar 5990","Elephant Research - Ivory Coast - Collar 5990","2019-01-16","06:01:24"
"187",187,26593053816,"true",-5.865964,5.088016,"Succeeded","gps","Elephantidae","Collar 5990","Collar 5990","Elephant Research - Ivory Coast - Collar 5990","2019-01-16","08:00:37"
"188",188,26593053817,"true",-5.865557,5.087641,"Succeeded","gps","Elephantidae","Collar 5990","Collar 5990","Elephant Research - Ivory Coast - Collar 5990","2019-01-16","12:02:06"
"189",189,26593053818,"true",-5.865074,5.089003,"Succeeded","gps","Elephantidae","Collar 5990","Collar 5990","Elephant Research - Ivory Coast - Collar 5990","2019-01-16","14:02:01"
"190",190,26593053819,"true",-5.864999,5.089239,"Succeeded","gps","Elephantidae","Collar 5990","Collar 5990","Elephant Research - Ivory Coast - Collar 5990","2019-01-16","16:02:42"
"191",191,26593053820,"true",-5.865696,5.090023,"Succeeded","gps","Elephantidae","Collar 5990","Collar 5990","Elephant Research - Ivory Coast - Collar 5990","2019-01-16","18:02:00"
"192",192,26593053821,"true",-5.867016,5.088531,"Succeeded","gps","Elephantidae","Collar 5990","Collar 5990","Elephant Research - Ivory Coast - Collar 5990","2019-01-16","20:02:24"
"193",193,26593053822,"true",-5.867928,5.083736,"Succeeded","gps","Elephantidae","Collar 5990","Collar 5990","Elephant Research - Ivory Coast - Collar 5990","2019-01-16","22:00:55"
"194",194,26593053823,"true",-5.86914,5.083317,"Succeeded","gps","Elephantidae","Collar 5990","Collar 5990","Elephant Research - Ivory Coast - Collar 5990","2019-01-17","00:01:00"
"195",195,26593053824,"true",-5.867134,5.08675,"Succeeded","gps","Elephantidae","Collar 5990","Collar 5990","Elephant Research - Ivory Coast - Collar 5990","2019-01-17","02:02:41"
"196",196,26593053825,"true",-5.867938,5.086568,"Succeeded","gps","Elephantidae","Collar 5990","Collar 5990","Elephant Research - Ivory Coast - Collar 5990","2019-01-17","04:02:32"
"197",197,26593053826,"true",-5.867777,5.087222,"Succeeded","gps","Elephantidae","Collar 5990","Collar 5990","Elephant Research - Ivory Coast - Collar 5990","2019-01-17","06:00:50"
"198",198,26593053827,"true",-5.868035,5.089121,"Succeeded","gps","Elephantidae","Collar 5990","Collar 5990","Elephant Research - Ivory Coast - Collar 5990","2019-01-17","08:01:01"
"199",199,26593053828,"true",-5.865567,5.087791,"Succeeded","gps","Elephantidae","Collar 5990","Collar 5990","Elephant Research - Ivory Coast - Collar 5990","2019-01-17","10:03:01"
"200",200,26593053829,"true",-5.861898,5.090559,"Succeeded","gps","Elephantidae","Collar 5990","Collar 5990","Elephant Research - Ivory Coast - Collar 5990","2019-01-17","16:01:29"
"201",201,26593053830,"true",-5.860975,5.091814,"Succeeded","gps","Elephantidae","Collar 5990","Collar 5990","Elephant Research - Ivory Coast - Collar 5990","2019-01-17","18:02:12"
"202",202,26593053831,"true",-5.861147,5.094829,"Succeeded","gps","Elephantidae","Collar 5990","Collar 5990","Elephant Research - Ivory Coast - Collar 5990","2019-01-17","20:01:07"
"203",203,26593053832,"true",-5.86046,5.095988,"Succeeded","gps","Elephantidae","Collar 5990","Collar 5990","Elephant Research - Ivory Coast - Collar 5990","2019-01-17","22:00:37"
"204",204,26593053833,"true",-5.856244,5.0944,"Succeeded","gps","Elephantidae","Collar 5990","Collar 5990","Elephant Research - Ivory Coast - Collar 5990","2019-01-18","00:02:42"
"205",205,26593053834,"true",-5.854763,5.093231,"Succeeded","gps","Elephantidae","Collar 5990","Collar 5990","Elephant Research - Ivory Coast - Collar 5990","2019-01-18","04:00:55"
"206",206,26593053835,"true",-5.855246,5.092823,"Succeeded","gps","Elephantidae","Collar 5990","Collar 5990","Elephant Research - Ivory Coast - Collar 5990","2019-01-18","06:01:08"
"207",207,26593053836,"true",-5.855032,5.092641,"Succeeded","gps","Elephantidae","Collar 5990","Collar 5990","Elephant Research - Ivory Coast - Collar 5990","2019-01-18","08:01:08"
"208",208,26593053837,"true",-5.854753,5.085002,"Succeeded","gps","Elephantidae","Collar 5990","Collar 5990","Elephant Research - Ivory Coast - Collar 5990","2019-01-18","16:01:10"
"209",209,26593053838,"true",-5.857124,5.089518,"Succeeded","gps","Elephantidae","Collar 5990","Collar 5990","Elephant Research - Ivory Coast - Collar 5990","2019-01-18","20:01:07"
"210",210,26593053839,"true",-5.854109,5.097844,"Succeeded","gps","Elephantidae","Collar 5990","Collar 5990","Elephant Research - Ivory Coast - Collar 5990","2019-01-18","22:00:34"
"211",211,26593053840,"true",-5.851706,5.097587,"Succeeded","gps","Elephantidae","Collar 5990","Collar 5990","Elephant Research - Ivory Coast - Collar 5990","2019-01-19","00:02:31"
"212",212,26593053841,"true",-5.850075,5.098316,"Succeeded","gps","Elephantidae","Collar 5990","Collar 5990","Elephant Research - Ivory Coast - Collar 5990","2019-01-19","02:00:39"
"213",213,26593053842,"true",-5.85059,5.099582,"Succeeded","gps","Elephantidae","Collar 5990","Collar 5990","Elephant Research - Ivory Coast - Collar 5990","2019-01-19","04:00:34"
"214",214,26593053843,"true",-5.851309,5.100902,"Succeeded","gps","Elephantidae","Collar 5990","Collar 5990","Elephant Research - Ivory Coast - Collar 5990","2019-01-19","06:00:34"
"215",215,26593053844,"true",-5.849721,5.100762,"Succeeded","gps","Elephantidae","Collar 5990","Collar 5990","Elephant Research - Ivory Coast - Collar 5990","2019-01-19","08:00:36"
"216",216,26593053845,"true",-5.849549,5.098949,"Succeeded","gps","Elephantidae","Collar 5990","Collar 5990","Elephant Research - Ivory Coast - Collar 5990","2019-01-19","10:01:32"
"217",217,26593053846,"true",-5.846921,5.097297,"Succeeded","gps","Elephantidae","Collar 5990","Collar 5990","Elephant Research - Ivory Coast - Collar 5990","2019-01-19","16:02:25"
"218",218,26593053847,"true",-5.846749,5.099786,"Succeeded","gps","Elephantidae","Collar 5990","Collar 5990","Elephant Research - Ivory Coast - Collar 5990","2019-01-19","18:01:36"
"219",219,26593053848,"true",-5.843455,5.101524,"Succeeded","gps","Elephantidae","Collar 5990","Collar 5990","Elephant Research - Ivory Coast - Collar 5990","2019-01-19","20:01:30"
"220",220,26593053849,"true",-5.845708,5.101309,"Succeeded","gps","Elephantidae","Collar 5990","Collar 5990","Elephant Research - Ivory Coast - Collar 5990","2019-01-19","22:00:36"
"221",221,26593053850,"true",-5.844904,5.099925,"Succeeded","gps","Elephantidae","Collar 5990","Collar 5990","Elephant Research - Ivory Coast - Collar 5990","2019-01-20","00:01:06"
"222",222,26593053851,"true",-5.844861,5.099207,"Succeeded","gps","Elephantidae","Collar 5990","Collar 5990","Elephant Research - Ivory Coast - Collar 5990","2019-01-20","02:01:53"
"223",223,26593053852,"true",-5.84573,5.09778,"Succeeded","gps","Elephantidae","Collar 5990","Collar 5990","Elephant Research - Ivory Coast - Collar 5990","2019-01-20","04:00:38"
"224",224,26593053853,"true",-5.846974,5.097651,"Succeeded","gps","Elephantidae","Collar 5990","Collar 5990","Elephant Research - Ivory Coast - Collar 5990","2019-01-20","06:00:40"
"225",225,26593053854,"true",-5.848669,5.099743,"Succeeded","gps","Elephantidae","Collar 5990","Collar 5990","Elephant Research - Ivory Coast - Collar 5990","2019-01-20","08:00:36"
"226",226,26593053855,"true",-5.851684,5.096986,"Succeeded","gps","Elephantidae","Collar 5990","Collar 5990","Elephant Research - Ivory Coast - Collar 5990","2019-01-20","10:02:55"
"227",227,26593053856,"true",-5.854828,5.09116,"Succeeded","gps","Elephantidae","Collar 5990","Collar 5990","Elephant Research - Ivory Coast - Collar 5990","2019-01-20","14:02:12"
"228",228,26593053857,"true",-5.855836,5.090978,"Succeeded","gps","Elephantidae","Collar 5990","Collar 5990","Elephant Research - Ivory Coast - Collar 5990","2019-01-20","16:01:06"
"229",229,26593053858,"true",-5.859291,5.088961,"Succeeded","gps","Elephantidae","Collar 5990","Collar 5990","Elephant Research - Ivory Coast - Collar 5990","2019-01-20","18:02:24"
"230",230,26593053859,"true",-5.86354,5.083145,"Succeeded","gps","Elephantidae","Collar 5990","Collar 5990","Elephant Research - Ivory Coast - Collar 5990","2019-01-20","22:01:24"
"231",231,26593053860,"true",-5.868099,5.083907,"Succeeded","gps","Elephantidae","Collar 5990","Collar 5990","Elephant Research - Ivory Coast - Collar 5990","2019-01-21","00:00:33"
"232",232,26593053861,"true",-5.866994,5.08645,"Succeeded","gps","Elephantidae","Collar 5990","Collar 5990","Elephant Research - Ivory Coast - Collar 5990","2019-01-21","02:02:24"
"233",233,26593053862,"true",-5.867617,5.086729,"Succeeded","gps","Elephantidae","Collar 5990","Collar 5990","Elephant Research - Ivory Coast - Collar 5990","2019-01-21","04:01:41"
"234",234,26593053863,"true",-5.868024,5.087855,"Succeeded","gps","Elephantidae","Collar 5990","Collar 5990","Elephant Research - Ivory Coast - Collar 5990","2019-01-21","06:00:48"
"235",235,26593053864,"true",-5.866361,5.089679,"Succeeded","gps","Elephantidae","Collar 5990","Collar 5990","Elephant Research - Ivory Coast - Collar 5990","2019-01-21","08:01:23"
"236",236,26593053865,"true",-5.863668,5.090033,"Succeeded","gps","Elephantidae","Collar 5990","Collar 5990","Elephant Research - Ivory Coast - Collar 5990","2019-01-21","10:01:30"
"237",237,26593053866,"true",-5.863014,5.089594,"Succeeded","gps","Elephantidae","Collar 5990","Collar 5990","Elephant Research - Ivory Coast - Collar 5990","2019-01-21","12:03:00"
"238",238,26593053867,"true",-5.862166,5.089701,"Succeeded","gps","Elephantidae","Collar 5990","Collar 5990","Elephant Research - Ivory Coast - Collar 5990","2019-01-21","14:02:54"
"239",239,26593053868,"true",-5.861834,5.090355,"Succeeded","gps","Elephantidae","Collar 5990","Collar 5990","Elephant Research - Ivory Coast - Collar 5990","2019-01-21","16:01:24"
"240",240,26593053869,"true",-5.863647,5.089486,"Succeeded","gps","Elephantidae","Collar 5990","Collar 5990","Elephant Research - Ivory Coast - Collar 5990","2019-01-21","18:01:54"
"241",241,26593053870,"true",-5.86679,5.088982,"Succeeded","gps","Elephantidae","Collar 5990","Collar 5990","Elephant Research - Ivory Coast - Collar 5990","2019-01-21","20:00:33"
"242",242,26593053871,"true",-5.867563,5.083382,"Succeeded","gps","Elephantidae","Collar 5990","Collar 5990","Elephant Research - Ivory Coast - Collar 5990","2019-01-22","00:00:54"
"243",243,26593053872,"true",-5.862799,5.084787,"Succeeded","gps","Elephantidae","Collar 5990","Collar 5990","Elephant Research - Ivory Coast - Collar 5990","2019-01-22","02:00:33"
"244",244,26593053873,"true",-5.862982,5.084508,"Succeeded","gps","Elephantidae","Collar 5990","Collar 5990","Elephant Research - Ivory Coast - Collar 5990","2019-01-22","04:00:36"
"245",245,26593053874,"true",-5.862789,5.084766,"Succeeded","gps","Elephantidae","Collar 5990","Collar 5990","Elephant Research - Ivory Coast - Collar 5990","2019-01-22","06:00:35"
"246",246,26593053875,"true",-5.86192,5.08807,"Succeeded","gps","Elephantidae","Collar 5990","Collar 5990","Elephant Research - Ivory Coast - Collar 5990","2019-01-22","08:01:54"
"247",247,26593053876,"true",-5.86178,5.089465,"Succeeded","gps","Elephantidae","Collar 5990","Collar 5990","Elephant Research - Ivory Coast - Collar 5990","2019-01-22","10:02:03"
"248",248,26593053877,"true",-5.862102,5.08983,"Succeeded","gps","Elephantidae","Collar 5990","Collar 5990","Elephant Research - Ivory Coast - Collar 5990","2019-01-22","14:01:36"
"249",249,26593053878,"true",-5.862381,5.09101,"Succeeded","gps","Elephantidae","Collar 5990","Collar 5990","Elephant Research - Ivory Coast - Collar 5990","2019-01-22","16:03:06"
"250",250,26593053879,"true",-5.860128,5.090452,"Succeeded","gps","Elephantidae","Collar 5990","Collar 5990","Elephant Research - Ivory Coast - Collar 5990","2019-01-22","18:00:37"
"251",251,26593053880,"true",-5.859924,5.092158,"Succeeded","gps","Elephantidae","Collar 5990","Collar 5990","Elephant Research - Ivory Coast - Collar 5990","2019-01-22","20:02:55"
"252",252,26593053881,"true",-5.861426,5.094647,"Succeeded","gps","Elephantidae","Collar 5990","Collar 5990","Elephant Research - Ivory Coast - Collar 5990","2019-01-22","22:01:01"
"253",253,26593053882,"true",-5.864248,5.095848,"Succeeded","gps","Elephantidae","Collar 5990","Collar 5990","Elephant Research - Ivory Coast - Collar 5990","2019-01-23","00:01:54"
"254",254,26593053883,"true",-5.865449,5.093821,"Succeeded","gps","Elephantidae","Collar 5990","Collar 5990","Elephant Research - Ivory Coast - Collar 5990","2019-01-23","02:01:02"
"255",255,26593053884,"true",-5.863969,5.092104,"Succeeded","gps","Elephantidae","Collar 5990","Collar 5990","Elephant Research - Ivory Coast - Collar 5990","2019-01-23","04:00:37"
"256",256,26593053885,"true",-5.864065,5.091986,"Succeeded","gps","Elephantidae","Collar 5990","Collar 5990","Elephant Research - Ivory Coast - Collar 5990","2019-01-23","06:01:07"
"257",257,26593053886,"true",-5.862316,5.092083,"Succeeded","gps","Elephantidae","Collar 5990","Collar 5990","Elephant Research - Ivory Coast - Collar 5990","2019-01-23","08:01:43"
"258",258,26593053887,"true",-5.862091,5.092362,"Succeeded","gps","Elephantidae","Collar 5990","Collar 5990","Elephant Research - Ivory Coast - Collar 5990","2019-01-23","10:01:32"
"259",259,26593053888,"true",-5.860986,5.092233,"Succeeded","gps","Elephantidae","Collar 5990","Collar 5990","Elephant Research - Ivory Coast - Collar 5990","2019-01-23","14:01:12"
"260",260,26593053889,"true",-5.860857,5.092426,"Succeeded","gps","Elephantidae","Collar 5990","Collar 5990","Elephant Research - Ivory Coast - Collar 5990","2019-01-23","16:02:02"
"261",261,26593053890,"true",-5.863647,5.092759,"Succeeded","gps","Elephantidae","Collar 5990","Collar 5990","Elephant Research - Ivory Coast - Collar 5990","2019-01-23","20:01:07"
"262",262,26593053891,"true",-5.864108,5.093188,"Succeeded","gps","Elephantidae","Collar 5990","Collar 5990","Elephant Research - Ivory Coast - Collar 5990","2019-01-23","22:01:07"
"263",263,26593053892,"true",-5.863068,5.094175,"Succeeded","gps","Elephantidae","Collar 5990","Collar 5990","Elephant Research - Ivory Coast - Collar 5990","2019-01-24","00:00:51"
"264",264,26593053893,"true",-5.86281,5.092286,"Succeeded","gps","Elephantidae","Collar 5990","Collar 5990","Elephant Research - Ivory Coast - Collar 5990","2019-01-24","02:00:36"
"265",265,26593053894,"true",-5.862606,5.092233,"Succeeded","gps","Elephantidae","Collar 5990","Collar 5990","Elephant Research - Ivory Coast - Collar 5990","2019-01-24","04:00:39"
"266",266,26593053895,"true",-5.86149,5.092265,"Succeeded","gps","Elephantidae","Collar 5990","Collar 5990","Elephant Research - Ivory Coast - Collar 5990","2019-01-24","06:01:00"
"267",267,26593053896,"true",-5.860696,5.09102,"Succeeded","gps","Elephantidae","Collar 5990","Collar 5990","Elephant Research - Ivory Coast - Collar 5990","2019-01-24","08:01:37"
"268",268,26593053897,"true",-5.864248,5.090473,"Succeeded","gps","Elephantidae","Collar 5990","Collar 5990","Elephant Research - Ivory Coast - Collar 5990","2019-01-24","12:02:30"
"269",269,26593053898,"true",-5.862896,5.089315,"Succeeded","gps","Elephantidae","Collar 5990","Collar 5990","Elephant Research - Ivory Coast - Collar 5990","2019-01-24","14:01:36"
"270",270,26593053899,"true",-5.862091,5.090656,"Succeeded","gps","Elephantidae","Collar 5990","Collar 5990","Elephant Research - Ivory Coast - Collar 5990","2019-01-24","16:02:24"
"271",271,26593053900,"true",-5.86575,5.08836,"Succeeded","gps","Elephantidae","Collar 5990","Collar 5990","Elephant Research - Ivory Coast - Collar 5990","2019-01-24","18:00:36"
"272",272,26593053901,"true",-5.868861,5.083221,"Succeeded","gps","Elephantidae","Collar 5990","Collar 5990","Elephant Research - Ivory Coast - Collar 5990","2019-01-24","20:00:34"
"273",273,26593053902,"true",-5.868185,5.084154,"Succeeded","gps","Elephantidae","Collar 5990","Collar 5990","Elephant Research - Ivory Coast - Collar 5990","2019-01-24","22:00:34"
"274",274,26593053903,"true",-5.866533,5.0866,"Succeeded","gps","Elephantidae","Collar 5990","Collar 5990","Elephant Research - Ivory Coast - Collar 5990","2019-01-25","00:02:27"
"275",275,26593053904,"true",-5.866511,5.088928,"Succeeded","gps","Elephantidae","Collar 5990","Collar 5990","Elephant Research - Ivory Coast - Collar 5990","2019-01-25","02:00:50"
"276",276,26593053905,"true",-5.86502,5.08777,"Succeeded","gps","Elephantidae","Collar 5990","Collar 5990","Elephant Research - Ivory Coast - Collar 5990","2019-01-25","04:00:35"
"277",277,26593053906,"true",-5.865256,5.087555,"Succeeded","gps","Elephantidae","Collar 5990","Collar 5990","Elephant Research - Ivory Coast - Collar 5990","2019-01-25","06:01:06"
"278",278,26593053907,"true",-5.863872,5.090109,"Succeeded","gps","Elephantidae","Collar 5990","Collar 5990","Elephant Research - Ivory Coast - Collar 5990","2019-01-25","08:01:07"
"279",279,26593053908,"true",-5.863357,5.08984,"Succeeded","gps","Elephantidae","Collar 5990","Collar 5990","Elephant Research - Ivory Coast - Collar 5990","2019-01-25","10:02:31"
"280",280,26593053909,"true",-5.861941,5.090581,"Succeeded","gps","Elephantidae","Collar 5990","Collar 5990","Elephant Research - Ivory Coast - Collar 5990","2019-01-25","12:00:36"
"281",281,26593053910,"true",-5.860074,5.091235,"Succeeded","gps","Elephantidae","Collar 5990","Collar 5990","Elephant Research - Ivory Coast - Collar 5990","2019-01-25","14:02:00"
"282",282,26593053911,"true",-5.860482,5.089937,"Succeeded","gps","Elephantidae","Collar 5990","Collar 5990","Elephant Research - Ivory Coast - Collar 5990","2019-01-25","18:01:36"
"283",283,26593053912,"true",-5.860096,5.088231,"Succeeded","gps","Elephantidae","Collar 5990","Collar 5990","Elephant Research - Ivory Coast - Collar 5990","2019-01-25","20:00:54"
"284",284,26593053913,"true",-5.858926,5.087458,"Succeeded","gps","Elephantidae","Collar 5990","Collar 5990","Elephant Research - Ivory Coast - Collar 5990","2019-01-25","22:01:00"
"285",285,26593053914,"true",-5.859076,5.089969,"Succeeded","gps","Elephantidae","Collar 5990","Collar 5990","Elephant Research - Ivory Coast - Collar 5990","2019-01-26","00:01:01"
"286",286,26593053915,"true",-5.855986,5.092276,"Succeeded","gps","Elephantidae","Collar 5990","Collar 5990","Elephant Research - Ivory Coast - Collar 5990","2019-01-26","02:01:06"
"287",287,26593053916,"true",-5.854281,5.091857,"Succeeded","gps","Elephantidae","Collar 5990","Collar 5990","Elephant Research - Ivory Coast - Collar 5990","2019-01-26","04:00:49"
"288",288,26593053917,"true",-5.8528,5.092769,"Succeeded","gps","Elephantidae","Collar 5990","Collar 5990","Elephant Research - Ivory Coast - Collar 5990","2019-01-26","06:00:38"
"289",289,26593053918,"true",-5.855568,5.09086,"Succeeded","gps","Elephantidae","Collar 5990","Collar 5990","Elephant Research - Ivory Coast - Collar 5990","2019-01-26","08:01:40"
"290",290,26593053919,"true",-5.856737,5.089551,"Succeeded","gps","Elephantidae","Collar 5990","Collar 5990","Elephant Research - Ivory Coast - Collar 5990","2019-01-26","10:01:06"
"291",291,26593053920,"true",-5.856834,5.091932,"Succeeded","gps","Elephantidae","Collar 5990","Collar 5990","Elephant Research - Ivory Coast - Collar 5990","2019-01-26","12:02:43"
"292",292,26593053921,"true",-5.859162,5.091965,"Succeeded","gps","Elephantidae","Collar 5990","Collar 5990","Elephant Research - Ivory Coast - Collar 5990","2019-01-26","14:02:24"
"293",293,26593053922,"true",-5.858143,5.091428,"Succeeded","gps","Elephantidae","Collar 5990","Collar 5990","Elephant Research - Ivory Coast - Collar 5990","2019-01-26","16:01:31"
"294",294,26593053923,"true",-5.857628,5.091471,"Succeeded","gps","Elephantidae","Collar 5990","Collar 5990","Elephant Research - Ivory Coast - Collar 5990","2019-01-26","18:01:06"
"295",295,26593053924,"true",-5.855986,5.098252,"Succeeded","gps","Elephantidae","Collar 5990","Collar 5990","Elephant Research - Ivory Coast - Collar 5990","2019-01-26","20:01:06"
"296",296,26593053925,"true",-5.856437,5.101674,"Succeeded","gps","Elephantidae","Collar 5990","Collar 5990","Elephant Research - Ivory Coast - Collar 5990","2019-01-26","22:01:19"
"297",297,26593053926,"true",-5.854688,5.108101,"Succeeded","gps","Elephantidae","Collar 5990","Collar 5990","Elephant Research - Ivory Coast - Collar 5990","2019-01-27","00:01:00"
"298",298,26593053927,"true",-5.850515,5.113047,"Succeeded","gps","Elephantidae","Collar 5990","Collar 5990","Elephant Research - Ivory Coast - Collar 5990","2019-01-27","02:00:35"
"299",299,26593053928,"true",-5.849356,5.116341,"Succeeded","gps","Elephantidae","Collar 5990","Collar 5990","Elephant Research - Ivory Coast - Collar 5990","2019-01-27","04:00:33"
"300",300,26593053929,"true",-5.846309,5.116008,"Succeeded","gps","Elephantidae","Collar 5990","Collar 5990","Elephant Research - Ivory Coast - Collar 5990","2019-01-27","06:01:36"
"301",301,26593053930,"true",-5.844753,5.116051,"Succeeded","gps","Elephantidae","Collar 5990","Collar 5990","Elephant Research - Ivory Coast - Collar 5990","2019-01-27","08:00:33"
"302",302,26593053931,"true",-5.842811,5.1178,"Succeeded","gps","Elephantidae","Collar 5990","Collar 5990","Elephant Research - Ivory Coast - Collar 5990","2019-01-27","10:00:36"
"303",303,26593053932,"true",-5.840676,5.116856,"Succeeded","gps","Elephantidae","Collar 5990","Collar 5990","Elephant Research - Ivory Coast - Collar 5990","2019-01-27","12:01:23"
"304",304,26593053933,"true",-5.840151,5.11795,"Succeeded","gps","Elephantidae","Collar 5990","Collar 5990","Elephant Research - Ivory Coast - Collar 5990","2019-01-27","14:01:37"
"305",305,26593053934,"true",-5.838971,5.118122,"Succeeded","gps","Elephantidae","Collar 5990","Collar 5990","Elephant Research - Ivory Coast - Collar 5990","2019-01-27","16:00:36"
"306",306,26593053935,"true",-5.836793,5.117832,"Succeeded","gps","Elephantidae","Collar 5990","Collar 5990","Elephant Research - Ivory Coast - Collar 5990","2019-01-27","18:00:34"
"307",307,26593053936,"true",-5.837007,5.11928,"Succeeded","gps","Elephantidae","Collar 5990","Collar 5990","Elephant Research - Ivory Coast - Collar 5990","2019-01-27","20:00:34"
"308",308,26593053937,"true",-5.839164,5.11943,"Succeeded","gps","Elephantidae","Collar 5990","Collar 5990","Elephant Research - Ivory Coast - Collar 5990","2019-01-27","22:01:01"
"309",309,26593053938,"true",-5.840065,5.117961,"Succeeded","gps","Elephantidae","Collar 5990","Collar 5990","Elephant Research - Ivory Coast - Collar 5990","2019-01-28","00:01:00"
"310",310,26593053939,"true",-5.840054,5.117961,"Succeeded","gps","Elephantidae","Collar 5990","Collar 5990","Elephant Research - Ivory Coast - Collar 5990","2019-01-28","02:00:37"
"311",311,26593053940,"true",-5.840955,5.117907,"Succeeded","gps","Elephantidae","Collar 5990","Collar 5990","Elephant Research - Ivory Coast - Collar 5990","2019-01-28","04:00:36"
"312",312,26593053941,"true",-5.839131,5.116126,"Succeeded","gps","Elephantidae","Collar 5990","Collar 5990","Elephant Research - Ivory Coast - Collar 5990","2019-01-28","06:00:36"
"313",313,26593053942,"true",-5.838745,5.117574,"Succeeded","gps","Elephantidae","Collar 5990","Collar 5990","Elephant Research - Ivory Coast - Collar 5990","2019-01-28","08:01:07"
"314",314,26593053943,"true",-5.840601,5.116791,"Succeeded","gps","Elephantidae","Collar 5990","Collar 5990","Elephant Research - Ivory Coast - Collar 5990","2019-01-28","10:01:07"
"315",315,26593053944,"true",-5.840001,5.117231,"Succeeded","gps","Elephantidae","Collar 5990","Collar 5990","Elephant Research - Ivory Coast - Collar 5990","2019-01-28","12:01:36"
"316",316,26593053945,"true",-5.839936,5.117317,"Succeeded","gps","Elephantidae","Collar 5990","Collar 5990","Elephant Research - Ivory Coast - Collar 5990","2019-01-28","14:01:37"
"317",317,26593053946,"true",-5.839679,5.117285,"Succeeded","gps","Elephantidae","Collar 5990","Collar 5990","Elephant Research - Ivory Coast - Collar 5990","2019-01-28","16:01:07"
"318",318,26593053947,"true",-5.840548,5.11781,"Succeeded","gps","Elephantidae","Collar 5990","Collar 5990","Elephant Research - Ivory Coast - Collar 5990","2019-01-28","18:00:35"
"319",319,26593053948,"true",-5.84588,5.116662,"Succeeded","gps","Elephantidae","Collar 5990","Collar 5990","Elephant Research - Ivory Coast - Collar 5990","2019-01-28","20:01:07"
"320",320,26593053949,"true",-5.848755,5.1128,"Succeeded","gps","Elephantidae","Collar 5990","Collar 5990","Elephant Research - Ivory Coast - Collar 5990","2019-01-28","22:01:37"
"321",321,26593053950,"true",-5.849174,5.107543,"Succeeded","gps","Elephantidae","Collar 5990","Collar 5990","Elephant Research - Ivory Coast - Collar 5990","2019-01-29","00:00:50"
"322",322,26593053951,"true",-5.849957,5.099947,"Succeeded","gps","Elephantidae","Collar 5990","Collar 5990","Elephant Research - Ivory Coast - Collar 5990","2019-01-29","02:00:37"
"323",323,26593053952,"true",-5.849989,5.098552,"Succeeded","gps","Elephantidae","Collar 5990","Collar 5990","Elephant Research - Ivory Coast - Collar 5990","2019-01-29","04:00:50"
"324",324,26593053953,"true",-5.85,5.098273,"Succeeded","gps","Elephantidae","Collar 5990","Collar 5990","Elephant Research - Ivory Coast - Collar 5990","2019-01-29","06:01:07"
"325",325,26593053954,"true",-5.850225,5.096084,"Succeeded","gps","Elephantidae","Collar 5990","Collar 5990","Elephant Research - Ivory Coast - Collar 5990","2019-01-29","08:03:01"
"326",326,26593053955,"true",-5.849764,5.096514,"Succeeded","gps","Elephantidae","Collar 5990","Collar 5990","Elephant Research - Ivory Coast - Collar 5990","2019-01-29","12:01:55"
"327",327,26593053956,"true",-5.848262,5.096288,"Succeeded","gps","Elephantidae","Collar 5990","Collar 5990","Elephant Research - Ivory Coast - Collar 5990","2019-01-29","14:01:55"
"328",328,26593053957,"true",-5.847951,5.095698,"Succeeded","gps","Elephantidae","Collar 5990","Collar 5990","Elephant Research - Ivory Coast - Collar 5990","2019-01-29","16:01:25"
"329",329,26593053958,"true",-5.846609,5.097522,"Succeeded","gps","Elephantidae","Collar 5990","Collar 5990","Elephant Research - Ivory Coast - Collar 5990","2019-01-29","18:01:37"
"330",330,26593053959,"true",-5.843359,5.101374,"Succeeded","gps","Elephantidae","Collar 5990","Collar 5990","Elephant Research - Ivory Coast - Collar 5990","2019-01-29","20:00:49"
"331",331,26593053960,"true",-5.846899,5.099561,"Succeeded","gps","Elephantidae","Collar 5990","Collar 5990","Elephant Research - Ivory Coast - Collar 5990","2019-01-29","22:02:01"
"332",332,26593053961,"true",-5.850021,5.100204,"Succeeded","gps","Elephantidae","Collar 5990","Collar 5990","Elephant Research - Ivory Coast - Collar 5990","2019-01-30","00:01:11"
"333",333,26593053962,"true",-5.850043,5.098498,"Succeeded","gps","Elephantidae","Collar 5990","Collar 5990","Elephant Research - Ivory Coast - Collar 5990","2019-01-30","02:00:34"
"334",334,26593053963,"true",-5.85088,5.097629,"Succeeded","gps","Elephantidae","Collar 5990","Collar 5990","Elephant Research - Ivory Coast - Collar 5990","2019-01-30","04:00:50"
"335",335,26593053964,"true",-5.850933,5.099367,"Succeeded","gps","Elephantidae","Collar 5990","Collar 5990","Elephant Research - Ivory Coast - Collar 5990","2019-01-30","06:00:34"
"336",336,26593053965,"true",-5.852628,5.098134,"Succeeded","gps","Elephantidae","Collar 5990","Collar 5990","Elephant Research - Ivory Coast - Collar 5990","2019-01-30","08:00:35"
"337",337,26593053966,"true",-5.851749,5.097222,"Succeeded","gps","Elephantidae","Collar 5990","Collar 5990","Elephant Research - Ivory Coast - Collar 5990","2019-01-30","10:01:54"
"338",338,26593053967,"true",-5.855353,5.08984,"Succeeded","gps","Elephantidae","Collar 5990","Collar 5990","Elephant Research - Ivory Coast - Collar 5990","2019-01-30","14:02:24"
"339",339,26593053968,"true",-5.855182,5.089733,"Succeeded","gps","Elephantidae","Collar 5990","Collar 5990","Elephant Research - Ivory Coast - Collar 5990","2019-01-30","16:01:54"
"340",340,26593053969,"true",-5.858229,5.08895,"Succeeded","gps","Elephantidae","Collar 5990","Collar 5990","Elephant Research - Ivory Coast - Collar 5990","2019-01-30","18:01:24"
"341",341,26593053970,"true",-5.863422,5.083145,"Succeeded","gps","Elephantidae","Collar 5990","Collar 5990","Elephant Research - Ivory Coast - Collar 5990","2019-01-30","20:01:06"
"342",342,26593053971,"true",-5.865353,5.082942,"Succeeded","gps","Elephantidae","Collar 5990","Collar 5990","Elephant Research - Ivory Coast - Collar 5990","2019-01-30","22:01:24"
"343",343,26593053972,"true",-5.868271,5.084175,"Succeeded","gps","Elephantidae","Collar 5990","Collar 5990","Elephant Research - Ivory Coast - Collar 5990","2019-01-31","00:00:35"
"344",344,26593053973,"true",-5.866587,5.0866,"Succeeded","gps","Elephantidae","Collar 5990","Collar 5990","Elephant Research - Ivory Coast - Collar 5990","2019-01-31","02:01:01"
"345",345,26593053974,"true",-5.866372,5.087072,"Succeeded","gps","Elephantidae","Collar 5990","Collar 5990","Elephant Research - Ivory Coast - Collar 5990","2019-01-31","04:00:49"
"346",346,26593053975,"true",-5.867037,5.087834,"Succeeded","gps","Elephantidae","Collar 5990","Collar 5990","Elephant Research - Ivory Coast - Collar 5990","2019-01-31","06:03:05"
"347",347,26593053976,"true",-5.865213,5.089465,"Succeeded","gps","Elephantidae","Collar 5990","Collar 5990","Elephant Research - Ivory Coast - Collar 5990","2019-01-31","08:01:07"
"348",348,26593053977,"true",-5.864773,5.089883,"Succeeded","gps","Elephantidae","Collar 5990","Collar 5990","Elephant Research - Ivory Coast - Collar 5990","2019-01-31","10:01:06"
"349",349,26593053978,"true",-5.863883,5.090044,"Succeeded","gps","Elephantidae","Collar 5990","Collar 5990","Elephant Research - Ivory Coast - Collar 5990","2019-01-31","12:02:06"
"350",350,26593053979,"true",-5.862113,5.090677,"Succeeded","gps","Elephantidae","Collar 5990","Collar 5990","Elephant Research - Ivory Coast - Collar 5990","2019-01-31","14:02:06"
"351",351,26593053980,"true",-5.861962,5.090602,"Succeeded","gps","Elephantidae","Collar 5990","Collar 5990","Elephant Research - Ivory Coast - Collar 5990","2019-01-31","16:02:23"
"352",352,26593053981,"true",-5.860375,5.090334,"Succeeded","gps","Elephantidae","Collar 5990","Collar 5990","Elephant Research - Ivory Coast - Collar 5990","2019-01-31","18:01:06"
"353",353,26593053982,"true",-5.862413,5.085838,"Succeeded","gps","Elephantidae","Collar 5990","Collar 5990","Elephant Research - Ivory Coast - Collar 5990","2019-01-31","20:01:49"
"354",354,26593053983,"true",-5.864334,5.08321,"Succeeded","gps","Elephantidae","Collar 5990","Collar 5990","Elephant Research - Ivory Coast - Collar 5990","2019-01-31","22:01:37"
"355",355,26593053984,"true",-5.859742,5.086815,"Succeeded","gps","Elephantidae","Collar 5990","Collar 5990","Elephant Research - Ivory Coast - Collar 5990","2019-02-01","02:00:54"
"356",356,26593053985,"true",-5.860224,5.087147,"Succeeded","gps","Elephantidae","Collar 5990","Collar 5990","Elephant Research - Ivory Coast - Collar 5990","2019-02-01","04:01:30"
"357",357,26593053986,"true",-5.859227,5.08778,"Succeeded","gps","Elephantidae","Collar 5990","Collar 5990","Elephant Research - Ivory Coast - Collar 5990","2019-02-01","06:00:33"
"358",358,26593053987,"true",-5.857789,5.09175,"Succeeded","gps","Elephantidae","Collar 5990","Collar 5990","Elephant Research - Ivory Coast - Collar 5990","2019-02-01","08:01:36"
"359",359,26593053988,"true",-5.857306,5.091471,"Succeeded","gps","Elephantidae","Collar 5990","Collar 5990","Elephant Research - Ivory Coast - Collar 5990","2019-02-01","10:01:24"
"360",360,26593053989,"true",-5.857843,5.090409,"Succeeded","gps","Elephantidae","Collar 5990","Collar 5990","Elephant Research - Ivory Coast - Collar 5990","2019-02-01","12:02:23"
"361",361,26593053990,"true",-5.856051,5.091932,"Succeeded","gps","Elephantidae","Collar 5990","Collar 5990","Elephant Research - Ivory Coast - Collar 5990","2019-02-01","16:02:05"
"362",362,26593053991,"true",-5.855075,5.094861,"Succeeded","gps","Elephantidae","Collar 5990","Collar 5990","Elephant Research - Ivory Coast - Collar 5990","2019-02-01","18:02:06"
"363",363,26593053992,"true",-5.853658,5.098445,"Succeeded","gps","Elephantidae","Collar 5990","Collar 5990","Elephant Research - Ivory Coast - Collar 5990","2019-02-01","20:01:01"
"364",364,26593053993,"true",-5.855901,5.099722,"Succeeded","gps","Elephantidae","Collar 5990","Collar 5990","Elephant Research - Ivory Coast - Collar 5990","2019-02-01","22:00:33"
"365",365,26593053994,"true",-5.855439,5.095559,"Succeeded","gps","Elephantidae","Collar 5990","Collar 5990","Elephant Research - Ivory Coast - Collar 5990","2019-02-02","00:01:50"
"366",366,26593053995,"true",-5.855547,5.094175,"Succeeded","gps","Elephantidae","Collar 5990","Collar 5990","Elephant Research - Ivory Coast - Collar 5990","2019-02-02","02:01:07"
"367",367,26593053996,"true",-5.855557,5.094153,"Succeeded","gps","Elephantidae","Collar 5990","Collar 5990","Elephant Research - Ivory Coast - Collar 5990","2019-02-02","04:00:39"
"368",368,26593053997,"true",-5.855965,5.093767,"Succeeded","gps","Elephantidae","Collar 5990","Collar 5990","Elephant Research - Ivory Coast - Collar 5990","2019-02-02","06:01:37"
"369",369,26593053998,"true",-5.854881,5.093649,"Succeeded","gps","Elephantidae","Collar 5990","Collar 5990","Elephant Research - Ivory Coast - Collar 5990","2019-02-02","08:00:37"
"370",370,26593053999,"true",-5.85516,5.093188,"Succeeded","gps","Elephantidae","Collar 5990","Collar 5990","Elephant Research - Ivory Coast - Collar 5990","2019-02-02","10:01:56"
"371",371,26593054000,"true",-5.854098,5.093156,"Succeeded","gps","Elephantidae","Collar 5990","Collar 5990","Elephant Research - Ivory Coast - Collar 5990","2019-02-02","14:02:44"
"372",372,26593054001,"true",-5.857049,5.091439,"Succeeded","gps","Elephantidae","Collar 5990","Collar 5990","Elephant Research - Ivory Coast - Collar 5990","2019-02-02","16:02:31"
"373",373,26593054002,"true",-5.859763,5.088692,"Succeeded","gps","Elephantidae","Collar 5990","Collar 5990","Elephant Research - Ivory Coast - Collar 5990","2019-02-02","18:01:01"
"374",374,26593054003,"true",-5.863808,5.091278,"Succeeded","gps","Elephantidae","Collar 5990","Collar 5990","Elephant Research - Ivory Coast - Collar 5990","2019-02-02","20:01:55"
"375",375,26593054004,"true",-5.865267,5.088531,"Succeeded","gps","Elephantidae","Collar 5990","Collar 5990","Elephant Research - Ivory Coast - Collar 5990","2019-02-02","22:00:50"
"376",376,26593054005,"true",-5.864226,5.089604,"Succeeded","gps","Elephantidae","Collar 5990","Collar 5990","Elephant Research - Ivory Coast - Collar 5990","2019-02-03","00:01:07"
"377",377,26593054006,"true",-5.860965,5.090377,"Succeeded","gps","Elephantidae","Collar 5990","Collar 5990","Elephant Research - Ivory Coast - Collar 5990","2019-02-03","02:01:37"
"378",378,26593054007,"true",-5.859098,5.088199,"Succeeded","gps","Elephantidae","Collar 5990","Collar 5990","Elephant Research - Ivory Coast - Collar 5990","2019-02-03","04:00:36"
"379",379,26593054008,"true",-5.85648,5.088295,"Succeeded","gps","Elephantidae","Collar 5990","Collar 5990","Elephant Research - Ivory Coast - Collar 5990","2019-02-03","06:01:02"
"380",380,26593054009,"true",-5.856737,5.090623,"Succeeded","gps","Elephantidae","Collar 5990","Collar 5990","Elephant Research - Ivory Coast - Collar 5990","2019-02-03","08:00:39"
"381",381,26593054010,"true",-5.854989,5.091482,"Succeeded","gps","Elephantidae","Collar 5990","Collar 5990","Elephant Research - Ivory Coast - Collar 5990","2019-02-03","10:00:55"
"382",382,26593054011,"true",-5.854184,5.0891,"Succeeded","gps","Elephantidae","Collar 5990","Collar 5990","Elephant Research - Ivory Coast - Collar 5990","2019-02-03","14:03:00"
"383",383,26593054012,"true",-5.85427,5.090559,"Succeeded","gps","Elephantidae","Collar 5990","Collar 5990","Elephant Research - Ivory Coast - Collar 5990","2019-02-03","16:02:01"
"384",384,26593054013,"true",-5.854238,5.092329,"Succeeded","gps","Elephantidae","Collar 5990","Collar 5990","Elephant Research - Ivory Coast - Collar 5990","2019-02-03","18:01:07"
"385",385,26593054014,"true",-5.852832,5.098638,"Succeeded","gps","Elephantidae","Collar 5990","Collar 5990","Elephant Research - Ivory Coast - Collar 5990","2019-02-03","20:00:36"
"386",386,26593054015,"true",-5.853798,5.103927,"Succeeded","gps","Elephantidae","Collar 5990","Collar 5990","Elephant Research - Ivory Coast - Collar 5990","2019-02-03","22:00:34"
"387",387,26593054016,"true",-5.855568,5.112092,"Succeeded","gps","Elephantidae","Collar 5990","Collar 5990","Elephant Research - Ivory Coast - Collar 5990","2019-02-04","00:00:55"
"388",388,26593054017,"true",-5.856062,5.113358,"Succeeded","gps","Elephantidae","Collar 5990","Collar 5990","Elephant Research - Ivory Coast - Collar 5990","2019-02-04","02:00:36"
"389",389,26593054018,"true",-5.855096,5.113572,"Succeeded","gps","Elephantidae","Collar 5990","Collar 5990","Elephant Research - Ivory Coast - Collar 5990","2019-02-04","04:01:20"
"390",390,26593054019,"true",-5.854957,5.113326,"Succeeded","gps","Elephantidae","Collar 5990","Collar 5990","Elephant Research - Ivory Coast - Collar 5990","2019-02-04","06:01:06"
"391",391,26593054020,"true",-5.85575,5.116019,"Succeeded","gps","Elephantidae","Collar 5990","Collar 5990","Elephant Research - Ivory Coast - Collar 5990","2019-02-04","08:00:35"
"392",392,26593054021,"true",-5.857102,5.115128,"Succeeded","gps","Elephantidae","Collar 5990","Collar 5990","Elephant Research - Ivory Coast - Collar 5990","2019-02-04","10:01:36"
"393",393,26593054022,"true",-5.855804,5.113809,"Succeeded","gps","Elephantidae","Collar 5990","Collar 5990","Elephant Research - Ivory Coast - Collar 5990","2019-02-04","12:01:55"
"394",394,26593054023,"true",-5.855064,5.114763,"Succeeded","gps","Elephantidae","Collar 5990","Collar 5990","Elephant Research - Ivory Coast - Collar 5990","2019-02-04","14:01:07"
"395",395,26593054024,"true",-5.854978,5.114195,"Succeeded","gps","Elephantidae","Collar 5990","Collar 5990","Elephant Research - Ivory Coast - Collar 5990","2019-02-04","16:00:41"
"396",396,26593054025,"true",-5.854549,5.113916,"Succeeded","gps","Elephantidae","Collar 5990","Collar 5990","Elephant Research - Ivory Coast - Collar 5990","2019-02-04","18:03:00"
"397",397,26593054026,"true",-5.855708,5.111298,"Succeeded","gps","Elephantidae","Collar 5990","Collar 5990","Elephant Research - Ivory Coast - Collar 5990","2019-02-04","20:01:06"
"398",398,26593054027,"true",-5.857038,5.112918,"Succeeded","gps","Elephantidae","Collar 5990","Collar 5990","Elephant Research - Ivory Coast - Collar 5990","2019-02-04","22:00:54"
"399",399,26593054028,"true",-5.855504,5.115332,"Succeeded","gps","Elephantidae","Collar 5990","Collar 5990","Elephant Research - Ivory Coast - Collar 5990","2019-02-05","00:00:54"
"400",400,26593054029,"true",-5.856974,5.117113,"Succeeded","gps","Elephantidae","Collar 5990","Collar 5990","Elephant Research - Ivory Coast - Collar 5990","2019-02-05","02:00:33"
"401",401,26593054030,"true",-5.857746,5.117306,"Succeeded","gps","Elephantidae","Collar 5990","Collar 5990","Elephant Research - Ivory Coast - Collar 5990","2019-02-05","04:00:36"
"402",402,26593054031,"true",-5.858433,5.117735,"Succeeded","gps","Elephantidae","Collar 5990","Collar 5990","Elephant Research - Ivory Coast - Collar 5990","2019-02-05","06:00:36"
"403",403,26593054032,"true",-5.857896,5.117982,"Succeeded","gps","Elephantidae","Collar 5990","Collar 5990","Elephant Research - Ivory Coast - Collar 5990","2019-02-05","08:01:06"
"404",404,26593054033,"true",-5.862102,5.120149,"Succeeded","gps","Elephantidae","Collar 5990","Collar 5990","Elephant Research - Ivory Coast - Collar 5990","2019-02-05","10:00:34"
"405",405,26593054034,"true",-5.862038,5.119527,"Succeeded","gps","Elephantidae","Collar 5990","Collar 5990","Elephant Research - Ivory Coast - Collar 5990","2019-02-05","14:01:24"
"406",406,26593054035,"true",-5.86193,5.119302,"Succeeded","gps","Elephantidae","Collar 5990","Collar 5990","Elephant Research - Ivory Coast - Collar 5990","2019-02-05","16:02:41"
"407",407,26593054036,"true",-5.861651,5.120235,"Succeeded","gps","Elephantidae","Collar 5990","Collar 5990","Elephant Research - Ivory Coast - Collar 5990","2019-02-05","18:03:06"
"408",408,26593054037,"true",-5.868883,5.126941,"Succeeded","gps","Elephantidae","Collar 5990","Collar 5990","Elephant Research - Ivory Coast - Collar 5990","2019-02-05","20:00:33"
"409",409,26593054038,"true",-5.873013,5.128925,"Succeeded","gps","Elephantidae","Collar 5990","Collar 5990","Elephant Research - Ivory Coast - Collar 5990","2019-02-05","22:01:06"
"410",410,26593054039,"true",-5.873893,5.127166,"Succeeded","gps","Elephantidae","Collar 5990","Collar 5990","Elephant Research - Ivory Coast - Collar 5990","2019-02-06","00:01:18"
"411",411,26593054040,"true",-5.870041,5.127445,"Succeeded","gps","Elephantidae","Collar 5990","Collar 5990","Elephant Research - Ivory Coast - Collar 5990","2019-02-06","02:00:51"
"412",412,26593054041,"true",-5.870299,5.127005,"Succeeded","gps","Elephantidae","Collar 5990","Collar 5990","Elephant Research - Ivory Coast - Collar 5990","2019-02-06","04:00:50"
"413",413,26593054042,"true",-5.869837,5.128142,"Succeeded","gps","Elephantidae","Collar 5990","Collar 5990","Elephant Research - Ivory Coast - Collar 5990","2019-02-06","06:00:33"
"414",414,26593054043,"true",-5.870503,5.133314,"Succeeded","gps","Elephantidae","Collar 5990","Collar 5990","Elephant Research - Ivory Coast - Collar 5990","2019-02-06","08:00:35"
"415",415,26593054044,"true",-5.870546,5.135395,"Succeeded","gps","Elephantidae","Collar 5990","Collar 5990","Elephant Research - Ivory Coast - Collar 5990","2019-02-06","10:00:54"
"416",416,26593054045,"true",-5.8712,5.134923,"Succeeded","gps","Elephantidae","Collar 5990","Collar 5990","Elephant Research - Ivory Coast - Collar 5990","2019-02-06","12:01:14"
"417",417,26593054046,"true",-5.870406,5.135223,"Succeeded","gps","Elephantidae","Collar 5990","Collar 5990","Elephant Research - Ivory Coast - Collar 5990","2019-02-06","14:01:31"
"418",418,26593054047,"true",-5.870385,5.134998,"Succeeded","gps","Elephantidae","Collar 5990","Collar 5990","Elephant Research - Ivory Coast - Collar 5990","2019-02-06","16:01:35"
"419",419,26593054048,"true",-5.870771,5.13429,"Succeeded","gps","Elephantidae","Collar 5990","Collar 5990","Elephant Research - Ivory Coast - Collar 5990","2019-02-06","18:01:20"
"420",420,26593054049,"true",-5.872917,5.135824,"Succeeded","gps","Elephantidae","Collar 5990","Collar 5990","Elephant Research - Ivory Coast - Collar 5990","2019-02-06","20:01:59"
"421",421,26593054050,"true",-5.872369,5.134472,"Succeeded","gps","Elephantidae","Collar 5990","Collar 5990","Elephant Research - Ivory Coast - Collar 5990","2019-02-06","22:01:06"
"422",422,26593054051,"true",-5.871865,5.135567,"Succeeded","gps","Elephantidae","Collar 5990","Collar 5990","Elephant Research - Ivory Coast - Collar 5990","2019-02-07","00:01:06"
"423",423,26593054052,"true",-5.871028,5.135202,"Succeeded","gps","Elephantidae","Collar 5990","Collar 5990","Elephant Research - Ivory Coast - Collar 5990","2019-02-07","02:01:07"
"424",424,26593054053,"true",-5.871179,5.135642,"Succeeded","gps","Elephantidae","Collar 5990","Collar 5990","Elephant Research - Ivory Coast - Collar 5990","2019-02-07","04:00:38"
"425",425,26593054054,"true",-5.871736,5.135363,"Succeeded","gps","Elephantidae","Collar 5990","Collar 5990","Elephant Research - Ivory Coast - Collar 5990","2019-02-07","06:01:07"
"426",426,26593054055,"true",-5.873721,5.135019,"Succeeded","gps","Elephantidae","Collar 5990","Collar 5990","Elephant Research - Ivory Coast - Collar 5990","2019-02-07","08:00:50"
"427",427,26593054056,"true",-5.876564,5.135084,"Succeeded","gps","Elephantidae","Collar 5990","Collar 5990","Elephant Research - Ivory Coast - Collar 5990","2019-02-07","10:01:37"
"428",428,26593054057,"true",-5.876414,5.135298,"Succeeded","gps","Elephantidae","Collar 5990","Collar 5990","Elephant Research - Ivory Coast - Collar 5990","2019-02-07","12:00:49"
"429",429,26593054058,"true",-5.877895,5.138195,"Succeeded","gps","Elephantidae","Collar 5990","Collar 5990","Elephant Research - Ivory Coast - Collar 5990","2019-02-07","14:00:39"
"430",430,26593054059,"true",-5.877927,5.138485,"Succeeded","gps","Elephantidae","Collar 5990","Collar 5990","Elephant Research - Ivory Coast - Collar 5990","2019-02-07","16:01:02"
"431",431,26593054060,"true",-5.877841,5.138163,"Succeeded","gps","Elephantidae","Collar 5990","Collar 5990","Elephant Research - Ivory Coast - Collar 5990","2019-02-07","18:00:55"
"432",432,26593054061,"true",-5.880362,5.137659,"Succeeded","gps","Elephantidae","Collar 5990","Collar 5990","Elephant Research - Ivory Coast - Collar 5990","2019-02-07","20:02:02"
"433",433,26593054062,"true",-5.881618,5.138217,"Succeeded","gps","Elephantidae","Collar 5990","Collar 5990","Elephant Research - Ivory Coast - Collar 5990","2019-02-07","22:00:34"
"434",434,26593054063,"true",-5.879171,5.137916,"Succeeded","gps","Elephantidae","Collar 5990","Collar 5990","Elephant Research - Ivory Coast - Collar 5990","2019-02-08","00:00:41"
"435",435,26593054064,"true",-5.879762,5.137712,"Succeeded","gps","Elephantidae","Collar 5990","Collar 5990","Elephant Research - Ivory Coast - Collar 5990","2019-02-08","02:01:06"
"436",436,26593054065,"true",-5.879869,5.137444,"Succeeded","gps","Elephantidae","Collar 5990","Collar 5990","Elephant Research - Ivory Coast - Collar 5990","2019-02-08","04:01:01"
"437",437,26593054066,"true",-5.878978,5.138935,"Succeeded","gps","Elephantidae","Collar 5990","Collar 5990","Elephant Research - Ivory Coast - Collar 5990","2019-02-08","06:00:34"
"438",438,26593054067,"true",-5.878002,5.138581,"Succeeded","gps","Elephantidae","Collar 5990","Collar 5990","Elephant Research - Ivory Coast - Collar 5990","2019-02-08","08:01:01"
"439",439,26593054068,"true",-5.878893,5.138292,"Succeeded","gps","Elephantidae","Collar 5990","Collar 5990","Elephant Research - Ivory Coast - Collar 5990","2019-02-08","10:01:01"
"440",440,26593054069,"true",-5.878367,5.13723,"Succeeded","gps","Elephantidae","Collar 5990","Collar 5990","Elephant Research - Ivory Coast - Collar 5990","2019-02-08","12:02:06"
"441",441,26593054070,"true",-5.878399,5.137627,"Succeeded","gps","Elephantidae","Collar 5990","Collar 5990","Elephant Research - Ivory Coast - Collar 5990","2019-02-08","14:00:55"
"442",442,26593054071,"true",-5.877841,5.138217,"Succeeded","gps","Elephantidae","Collar 5990","Collar 5990","Elephant Research - Ivory Coast - Collar 5990","2019-02-08","16:01:06"
"443",443,26593054072,"true",-5.880352,5.137648,"Succeeded","gps","Elephantidae","Collar 5990","Collar 5990","Elephant Research - Ivory Coast - Collar 5990","2019-02-08","18:01:31"
"444",444,26593054073,"true",-5.880008,5.137573,"Succeeded","gps","Elephantidae","Collar 5990","Collar 5990","Elephant Research - Ivory Coast - Collar 5990","2019-02-08","20:00:34"
"445",445,26593054074,"true",-5.878517,5.136243,"Succeeded","gps","Elephantidae","Collar 5990","Collar 5990","Elephant Research - Ivory Coast - Collar 5990","2019-02-08","22:00:50"
"446",446,26593054075,"true",-5.878646,5.136951,"Succeeded","gps","Elephantidae","Collar 5990","Collar 5990","Elephant Research - Ivory Coast - Collar 5990","2019-02-09","00:01:00"
"447",447,26593054076,"true",-5.878506,5.138217,"Succeeded","gps","Elephantidae","Collar 5990","Collar 5990","Elephant Research - Ivory Coast - Collar 5990","2019-02-09","02:00:35"
"448",448,26593054077,"true",-5.879708,5.137348,"Succeeded","gps","Elephantidae","Collar 5990","Collar 5990","Elephant Research - Ivory Coast - Collar 5990","2019-02-09","04:00:54"
"449",449,26593054078,"true",-5.879644,5.137401,"Succeeded","gps","Elephantidae","Collar 5990","Collar 5990","Elephant Research - Ivory Coast - Collar 5990","2019-02-09","06:00:43"
"450",450,26593054079,"true",-5.877777,5.138131,"Succeeded","gps","Elephantidae","Collar 5990","Collar 5990","Elephant Research - Ivory Coast - Collar 5990","2019-02-09","08:00:55"
"451",451,26593054080,"true",-5.877412,5.137863,"Succeeded","gps","Elephantidae","Collar 5990","Collar 5990","Elephant Research - Ivory Coast - Collar 5990","2019-02-09","10:02:12"
"452",452,26593054081,"true",-5.871758,5.13518,"Succeeded","gps","Elephantidae","Collar 5990","Collar 5990","Elephant Research - Ivory Coast - Collar 5990","2019-02-09","12:01:39"
"453",453,26593054082,"true",-5.870342,5.135213,"Succeeded","gps","Elephantidae","Collar 5990","Collar 5990","Elephant Research - Ivory Coast - Collar 5990","2019-02-09","14:00:49"
"454",454,26593054083,"true",-5.870481,5.135127,"Succeeded","gps","Elephantidae","Collar 5990","Collar 5990","Elephant Research - Ivory Coast - Collar 5990","2019-02-09","16:01:07"
"455",455,26593054084,"true",-5.871382,5.134161,"Succeeded","gps","Elephantidae","Collar 5990","Collar 5990","Elephant Research - Ivory Coast - Collar 5990","2019-02-09","18:01:35"
"456",456,26593054085,"true",-5.869226,5.133657,"Succeeded","gps","Elephantidae","Collar 5990","Collar 5990","Elephant Research - Ivory Coast - Collar 5990","2019-02-09","20:00:34"
"457",457,26593054086,"true",-5.866876,5.137637,"Succeeded","gps","Elephantidae","Collar 5990","Collar 5990","Elephant Research - Ivory Coast - Collar 5990","2019-02-09","22:00:38"
"458",458,26593054087,"true",-5.865245,5.139601,"Succeeded","gps","Elephantidae","Collar 5990","Collar 5990","Elephant Research - Ivory Coast - Collar 5990","2019-02-10","00:00:33"
"459",459,26593054088,"true",-5.864977,5.141746,"Succeeded","gps","Elephantidae","Collar 5990","Collar 5990","Elephant Research - Ivory Coast - Collar 5990","2019-02-10","02:01:18"
"460",460,26593054089,"true",-5.865245,5.142497,"Succeeded","gps","Elephantidae","Collar 5990","Collar 5990","Elephant Research - Ivory Coast - Collar 5990","2019-02-10","04:01:00"
"461",461,26593054090,"true",-5.865535,5.142261,"Succeeded","gps","Elephantidae","Collar 5990","Collar 5990","Elephant Research - Ivory Coast - Collar 5990","2019-02-10","06:00:55"
"462",462,26593054091,"true",-5.869322,5.142455,"Succeeded","gps","Elephantidae","Collar 5990","Collar 5990","Elephant Research - Ivory Coast - Collar 5990","2019-02-10","08:01:08"
"463",463,26593054092,"true",-5.870309,5.144922,"Succeeded","gps","Elephantidae","Collar 5990","Collar 5990","Elephant Research - Ivory Coast - Collar 5990","2019-02-10","12:01:35"
"464",464,26593054093,"true",-5.86987,5.144375,"Succeeded","gps","Elephantidae","Collar 5990","Collar 5990","Elephant Research - Ivory Coast - Collar 5990","2019-02-10","14:01:30"
"465",465,26593054094,"true",-5.86988,5.1443,"Succeeded","gps","Elephantidae","Collar 5990","Collar 5990","Elephant Research - Ivory Coast - Collar 5990","2019-02-10","16:00:59"
"466",466,26593054095,"true",-5.869204,5.141564,"Succeeded","gps","Elephantidae","Collar 5990","Collar 5990","Elephant Research - Ivory Coast - Collar 5990","2019-02-10","18:00:54"
"467",467,26593054096,"true",-5.865342,5.141639,"Succeeded","gps","Elephantidae","Collar 5990","Collar 5990","Elephant Research - Ivory Coast - Collar 5990","2019-02-10","20:01:24"
"468",468,26593054097,"true",-5.866082,5.143721,"Succeeded","gps","Elephantidae","Collar 5990","Collar 5990","Elephant Research - Ivory Coast - Collar 5990","2019-02-10","22:01:28"
"469",469,26593054098,"true",-5.866222,5.142036,"Succeeded","gps","Elephantidae","Collar 5990","Collar 5990","Elephant Research - Ivory Coast - Collar 5990","2019-02-11","00:00:35"
"470",470,26593054099,"true",-5.865117,5.14194,"Succeeded","gps","Elephantidae","Collar 5990","Collar 5990","Elephant Research - Ivory Coast - Collar 5990","2019-02-11","02:00:40"
"471",471,26593054100,"true",-5.865127,5.141006,"Succeeded","gps","Elephantidae","Collar 5990","Collar 5990","Elephant Research - Ivory Coast - Collar 5990","2019-02-11","04:00:33"
"472",472,26593054101,"true",-5.865417,5.140513,"Succeeded","gps","Elephantidae","Collar 5990","Collar 5990","Elephant Research - Ivory Coast - Collar 5990","2019-02-11","06:00:37"
"473",473,26593054102,"true",-5.868174,5.142154,"Succeeded","gps","Elephantidae","Collar 5990","Collar 5990","Elephant Research - Ivory Coast - Collar 5990","2019-02-11","08:00:36"
"474",474,26593054103,"true",-5.868797,5.142937,"Succeeded","gps","Elephantidae","Collar 5990","Collar 5990","Elephant Research - Ivory Coast - Collar 5990","2019-02-11","10:01:06"
"475",475,26593054104,"true",-5.870224,5.144654,"Succeeded","gps","Elephantidae","Collar 5990","Collar 5990","Elephant Research - Ivory Coast - Collar 5990","2019-02-11","12:01:38"
"476",476,26593054105,"true",-5.869784,5.144804,"Succeeded","gps","Elephantidae","Collar 5990","Collar 5990","Elephant Research - Ivory Coast - Collar 5990","2019-02-11","14:00:55"
"477",477,26593054106,"true",-5.869655,5.144879,"Succeeded","gps","Elephantidae","Collar 5990","Collar 5990","Elephant Research - Ivory Coast - Collar 5990","2019-02-11","16:01:06"
"478",478,26593054107,"true",-5.868625,5.14533,"Succeeded","gps","Elephantidae","Collar 5990","Collar 5990","Elephant Research - Ivory Coast - Collar 5990","2019-02-11","18:01:06"
"479",479,26593054108,"true",-5.867016,5.147454,"Succeeded","gps","Elephantidae","Collar 5990","Collar 5990","Elephant Research - Ivory Coast - Collar 5990","2019-02-11","20:01:00"
"480",480,26593054109,"true",-5.86678,5.150308,"Succeeded","gps","Elephantidae","Collar 5990","Collar 5990","Elephant Research - Ivory Coast - Collar 5990","2019-02-11","22:00:37"
"481",481,26593054110,"true",-5.867273,5.15299,"Succeeded","gps","Elephantidae","Collar 5990","Collar 5990","Elephant Research - Ivory Coast - Collar 5990","2019-02-12","00:01:06"
"482",482,26593054111,"true",-5.867112,5.153012,"Succeeded","gps","Elephantidae","Collar 5990","Collar 5990","Elephant Research - Ivory Coast - Collar 5990","2019-02-12","02:01:06"
"483",483,26593054112,"true",-5.867102,5.152969,"Succeeded","gps","Elephantidae","Collar 5990","Collar 5990","Elephant Research - Ivory Coast - Collar 5990","2019-02-12","04:01:54"
"484",484,26593054113,"true",-5.868947,5.152422,"Succeeded","gps","Elephantidae","Collar 5990","Collar 5990","Elephant Research - Ivory Coast - Collar 5990","2019-02-12","06:01:24"
"485",485,26593054114,"true",-5.86988,5.156499,"Succeeded","gps","Elephantidae","Collar 5990","Collar 5990","Elephant Research - Ivory Coast - Collar 5990","2019-02-12","08:00:36"
"486",486,26593054115,"true",-5.870031,5.161112,"Succeeded","gps","Elephantidae","Collar 5990","Collar 5990","Elephant Research - Ivory Coast - Collar 5990","2019-02-12","12:02:25"
"487",487,26593054116,"true",-5.870824,5.161498,"Succeeded","gps","Elephantidae","Collar 5990","Collar 5990","Elephant Research - Ivory Coast - Collar 5990","2019-02-12","14:01:10"
"488",488,26593054117,"true",-5.869108,5.160404,"Succeeded","gps","Elephantidae","Collar 5990","Collar 5990","Elephant Research - Ivory Coast - Collar 5990","2019-02-12","18:02:01"
"489",489,26593054118,"true",-5.872659,5.159685,"Succeeded","gps","Elephantidae","Collar 5990","Collar 5990","Elephant Research - Ivory Coast - Collar 5990","2019-02-12","20:00:34"
"490",490,26593054119,"true",-5.874633,5.157582,"Succeeded","gps","Elephantidae","Collar 5990","Collar 5990","Elephant Research - Ivory Coast - Collar 5990","2019-02-12","22:01:37"
"491",491,26593054120,"true",-5.873292,5.155823,"Succeeded","gps","Elephantidae","Collar 5990","Collar 5990","Elephant Research - Ivory Coast - Collar 5990","2019-02-13","00:00:34"
"492",492,26593054121,"true",-5.86943,5.159331,"Succeeded","gps","Elephantidae","Collar 5990","Collar 5990","Elephant Research - Ivory Coast - Collar 5990","2019-02-13","02:01:36"
"493",493,26593054122,"true",-5.869333,5.159106,"Succeeded","gps","Elephantidae","Collar 5990","Collar 5990","Elephant Research - Ivory Coast - Collar 5990","2019-02-13","04:01:04"
"494",494,26593054123,"true",-5.869365,5.159031,"Succeeded","gps","Elephantidae","Collar 5990","Collar 5990","Elephant Research - Ivory Coast - Collar 5990","2019-02-13","06:01:42"
"495",495,26593054124,"true",-5.869344,5.1599,"Succeeded","gps","Elephantidae","Collar 5990","Collar 5990","Elephant Research - Ivory Coast - Collar 5990","2019-02-13","08:01:43"
"496",496,26593054125,"true",-5.869183,5.161101,"Succeeded","gps","Elephantidae","Collar 5990","Collar 5990","Elephant Research - Ivory Coast - Collar 5990","2019-02-13","10:01:07"
"497",497,26593054126,"true",-5.869998,5.161402,"Succeeded","gps","Elephantidae","Collar 5990","Collar 5990","Elephant Research - Ivory Coast - Collar 5990","2019-02-13","14:01:36"
"498",498,26593054127,"true",-5.869794,5.158033,"Succeeded","gps","Elephantidae","Collar 5990","Collar 5990","Elephant Research - Ivory Coast - Collar 5990","2019-02-13","18:01:32"
"499",499,26593054128,"true",-5.867434,5.154567,"Succeeded","gps","Elephantidae","Collar 5990","Collar 5990","Elephant Research - Ivory Coast - Collar 5990","2019-02-13","22:01:07"
"500",500,26593054129,"true",-5.865492,5.156767,"Succeeded","gps","Elephantidae","Collar 5990","Collar 5990","Elephant Research - Ivory Coast - Collar 5990","2019-02-14","00:01:25"
"501",501,26593054130,"true",-5.867488,5.15946,"Succeeded","gps","Elephantidae","Collar 5990","Collar 5990","Elephant Research - Ivory Coast - Collar 5990","2019-02-14","02:00:50"
"502",502,26593054131,"true",-5.867059,5.158505,"Succeeded","gps","Elephantidae","Collar 5990","Collar 5990","Elephant Research - Ivory Coast - Collar 5990","2019-02-14","04:00:49"
"503",503,26593054132,"true",-5.866114,5.158955,"Succeeded","gps","Elephantidae","Collar 5990","Collar 5990","Elephant Research - Ivory Coast - Collar 5990","2019-02-14","06:00:49"
"504",504,26593054133,"true",-5.8684,5.155844,"Succeeded","gps","Elephantidae","Collar 5990","Collar 5990","Elephant Research - Ivory Coast - Collar 5990","2019-02-14","08:01:36"
"505",505,26593054134,"true",-5.868496,5.155469,"Succeeded","gps","Elephantidae","Collar 5990","Collar 5990","Elephant Research - Ivory Coast - Collar 5990","2019-02-14","10:02:00"
"506",506,26593054135,"true",-5.868625,5.154825,"Succeeded","gps","Elephantidae","Collar 5990","Collar 5990","Elephant Research - Ivory Coast - Collar 5990","2019-02-14","14:01:07"
"507",507,26593054136,"true",-5.868099,5.155554,"Succeeded","gps","Elephantidae","Collar 5990","Collar 5990","Elephant Research - Ivory Coast - Collar 5990","2019-02-14","16:01:31"
"508",508,26593054137,"true",-5.868099,5.155576,"Succeeded","gps","Elephantidae","Collar 5990","Collar 5990","Elephant Research - Ivory Coast - Collar 5990","2019-02-14","18:01:27"
"509",509,26593054138,"true",-5.862853,5.156659,"Succeeded","gps","Elephantidae","Collar 5990","Collar 5990","Elephant Research - Ivory Coast - Collar 5990","2019-02-14","22:01:55"
"510",510,26593054139,"true",-5.864527,5.155608,"Succeeded","gps","Elephantidae","Collar 5990","Collar 5990","Elephant Research - Ivory Coast - Collar 5990","2019-02-15","00:00:54"
"511",511,26593054140,"true",-5.866018,5.156166,"Succeeded","gps","Elephantidae","Collar 5990","Collar 5990","Elephant Research - Ivory Coast - Collar 5990","2019-02-15","02:01:55"
"512",512,26593054141,"true",-5.866984,5.155801,"Succeeded","gps","Elephantidae","Collar 5990","Collar 5990","Elephant Research - Ivory Coast - Collar 5990","2019-02-15","04:00:55"
"513",513,26593054142,"true",-5.867037,5.155694,"Succeeded","gps","Elephantidae","Collar 5990","Collar 5990","Elephant Research - Ivory Coast - Collar 5990","2019-02-15","06:00:36"
"514",514,26593054143,"true",-5.866747,5.157754,"Succeeded","gps","Elephantidae","Collar 5990","Collar 5990","Elephant Research - Ivory Coast - Collar 5990","2019-02-15","08:01:08"
"515",515,26593054144,"true",-5.8687,5.158762,"Succeeded","gps","Elephantidae","Collar 5990","Collar 5990","Elephant Research - Ivory Coast - Collar 5990","2019-02-15","12:02:27"
"516",516,26593054145,"true",-5.870031,5.160683,"Succeeded","gps","Elephantidae","Collar 5990","Collar 5990","Elephant Research - Ivory Coast - Collar 5990","2019-02-15","14:01:07"
"517",517,26593054146,"true",-5.869108,5.160672,"Succeeded","gps","Elephantidae","Collar 5990","Collar 5990","Elephant Research - Ivory Coast - Collar 5990","2019-02-15","18:02:24"
"518",518,26593054147,"true",-5.86988,5.158365,"Succeeded","gps","Elephantidae","Collar 5990","Collar 5990","Elephant Research - Ivory Coast - Collar 5990","2019-02-15","20:01:01"
"519",519,26593054148,"true",-5.868925,5.156552,"Succeeded","gps","Elephantidae","Collar 5990","Collar 5990","Elephant Research - Ivory Coast - Collar 5990","2019-02-15","22:00:34"
"520",520,26593054149,"true",-5.869194,5.155887,"Succeeded","gps","Elephantidae","Collar 5990","Collar 5990","Elephant Research - Ivory Coast - Collar 5990","2019-02-16","00:00:33"
"521",521,26593054150,"true",-5.870342,5.157271,"Succeeded","gps","Elephantidae","Collar 5990","Collar 5990","Elephant Research - Ivory Coast - Collar 5990","2019-02-16","02:01:06"
"522",522,26593054151,"true",-5.869108,5.159428,"Succeeded","gps","Elephantidae","Collar 5990","Collar 5990","Elephant Research - Ivory Coast - Collar 5990","2019-02-16","04:00:40"
"523",523,26593054152,"true",-5.869204,5.159234,"Succeeded","gps","Elephantidae","Collar 5990","Collar 5990","Elephant Research - Ivory Coast - Collar 5990","2019-02-16","06:01:30"
"524",524,26593054153,"true",-5.868968,5.160833,"Succeeded","gps","Elephantidae","Collar 5990","Collar 5990","Elephant Research - Ivory Coast - Collar 5990","2019-02-16","08:01:06"
"525",525,26593054154,"true",-5.869537,5.162067,"Succeeded","gps","Elephantidae","Collar 5990","Collar 5990","Elephant Research - Ivory Coast - Collar 5990","2019-02-16","10:01:30"
"526",526,26593054155,"true",-5.87002,5.161198,"Succeeded","gps","Elephantidae","Collar 5990","Collar 5990","Elephant Research - Ivory Coast - Collar 5990","2019-02-16","14:01:54"
"527",527,26593054156,"true",-5.869076,5.16138,"Succeeded","gps","Elephantidae","Collar 5990","Collar 5990","Elephant Research - Ivory Coast - Collar 5990","2019-02-16","18:02:23"
"528",528,26593054157,"true",-5.870621,5.162593,"Succeeded","gps","Elephantidae","Collar 5990","Collar 5990","Elephant Research - Ivory Coast - Collar 5990","2019-02-16","20:01:01"
"529",529,26593054158,"true",-5.872595,5.162936,"Succeeded","gps","Elephantidae","Collar 5990","Collar 5990","Elephant Research - Ivory Coast - Collar 5990","2019-02-16","22:00:33"
"530",530,26593054159,"true",-5.869473,5.162045,"Succeeded","gps","Elephantidae","Collar 5990","Collar 5990","Elephant Research - Ivory Coast - Collar 5990","2019-02-17","00:01:00"
"531",531,26593054160,"true",-5.869483,5.160672,"Succeeded","gps","Elephantidae","Collar 5990","Collar 5990","Elephant Research - Ivory Coast - Collar 5990","2019-02-17","02:01:29"
"532",532,26593054161,"true",-5.86943,5.159631,"Succeeded","gps","Elephantidae","Collar 5990","Collar 5990","Elephant Research - Ivory Coast - Collar 5990","2019-02-17","04:01:59"
"533",533,26593054162,"true",-5.869247,5.159878,"Succeeded","gps","Elephantidae","Collar 5990","Collar 5990","Elephant Research - Ivory Coast - Collar 5990","2019-02-17","06:02:30"
"534",534,26593054163,"true",-5.869237,5.160865,"Succeeded","gps","Elephantidae","Collar 5990","Collar 5990","Elephant Research - Ivory Coast - Collar 5990","2019-02-17","08:01:24"
"535",535,26593054164,"true",-5.869773,5.16049,"Succeeded","gps","Elephantidae","Collar 5990","Collar 5990","Elephant Research - Ivory Coast - Collar 5990","2019-02-17","10:03:06"
"536",536,26593054165,"true",-5.870063,5.161166,"Succeeded","gps","Elephantidae","Collar 5990","Collar 5990","Elephant Research - Ivory Coast - Collar 5990","2019-02-17","12:02:35"
"537",537,26593054166,"true",-5.870277,5.161176,"Succeeded","gps","Elephantidae","Collar 5990","Collar 5990","Elephant Research - Ivory Coast - Collar 5990","2019-02-17","14:01:36"
"538",538,26593054167,"true",-5.870245,5.161144,"Succeeded","gps","Elephantidae","Collar 5990","Collar 5990","Elephant Research - Ivory Coast - Collar 5990","2019-02-17","16:02:06"
"539",539,26593054168,"true",-5.869719,5.160779,"Succeeded","gps","Elephantidae","Collar 5990","Collar 5990","Elephant Research - Ivory Coast - Collar 5990","2019-02-17","18:02:33"
"540",540,26593054169,"true",-5.872284,5.158859,"Succeeded","gps","Elephantidae","Collar 5990","Collar 5990","Elephant Research - Ivory Coast - Collar 5990","2019-02-17","20:00:36"
"541",541,26593054170,"true",-5.876371,5.1599,"Succeeded","gps","Elephantidae","Collar 5990","Collar 5990","Elephant Research - Ivory Coast - Collar 5990","2019-02-17","22:00:38"
"542",542,26593054171,"true",-5.872005,5.162732,"Succeeded","gps","Elephantidae","Collar 5990","Collar 5990","Elephant Research - Ivory Coast - Collar 5990","2019-02-18","00:00:34"
"543",543,26593054172,"true",-5.869966,5.16109,"Succeeded","gps","Elephantidae","Collar 5990","Collar 5990","Elephant Research - Ivory Coast - Collar 5990","2019-02-18","02:01:37"
"544",544,26593054173,"true",-5.870706,5.161166,"Succeeded","gps","Elephantidae","Collar 5990","Collar 5990","Elephant Research - Ivory Coast - Collar 5990","2019-02-18","04:00:38"
"545",545,26593054174,"true",-5.870664,5.161144,"Succeeded","gps","Elephantidae","Collar 5990","Collar 5990","Elephant Research - Ivory Coast - Collar 5990","2019-02-18","06:00:39"
"546",546,26593054175,"true",-5.871361,5.160876,"Succeeded","gps","Elephantidae","Collar 5990","Collar 5990","Elephant Research - Ivory Coast - Collar 5990","2019-02-18","08:00:34"
"547",547,26593054176,"true",-5.870835,5.160994,"Succeeded","gps","Elephantidae","Collar 5990","Collar 5990","Elephant Research - Ivory Coast - Collar 5990","2019-02-18","10:02:07"
"548",548,26593054177,"true",-5.869848,5.160972,"Succeeded","gps","Elephantidae","Collar 5990","Collar 5990","Elephant Research - Ivory Coast - Collar 5990","2019-02-18","12:01:28"
"549",549,26593054178,"true",-5.869666,5.161144,"Succeeded","gps","Elephantidae","Collar 5990","Collar 5990","Elephant Research - Ivory Coast - Collar 5990","2019-02-18","14:02:36"
"550",550,26593054179,"true",-5.868958,5.161026,"Succeeded","gps","Elephantidae","Collar 5990","Collar 5990","Elephant Research - Ivory Coast - Collar 5990","2019-02-18","16:00:49"
"551",551,26593054180,"true",-5.872359,5.161284,"Succeeded","gps","Elephantidae","Collar 5990","Collar 5990","Elephant Research - Ivory Coast - Collar 5990","2019-02-18","18:00:34"
"552",552,26593054181,"true",-5.871404,5.158644,"Succeeded","gps","Elephantidae","Collar 5990","Collar 5990","Elephant Research - Ivory Coast - Collar 5990","2019-02-18","20:01:32"
"553",553,26593054182,"true",-5.868872,5.159277,"Succeeded","gps","Elephantidae","Collar 5990","Collar 5990","Elephant Research - Ivory Coast - Collar 5990","2019-02-19","00:01:37"
"554",554,26593054183,"true",-5.869505,5.15858,"Succeeded","gps","Elephantidae","Collar 5990","Collar 5990","Elephant Research - Ivory Coast - Collar 5990","2019-02-19","02:00:41"
"555",555,26593054184,"true",-5.869269,5.157936,"Succeeded","gps","Elephantidae","Collar 5990","Collar 5990","Elephant Research - Ivory Coast - Collar 5990","2019-02-19","04:02:01"
"556",556,26593054185,"true",-5.870084,5.157668,"Succeeded","gps","Elephantidae","Collar 5990","Collar 5990","Elephant Research - Ivory Coast - Collar 5990","2019-02-19","06:00:38"
"557",557,26593054186,"true",-5.86943,5.157786,"Succeeded","gps","Elephantidae","Collar 5990","Collar 5990","Elephant Research - Ivory Coast - Collar 5990","2019-02-19","08:01:12"
"558",558,26593054187,"true",-5.871082,5.161133,"Succeeded","gps","Elephantidae","Collar 5990","Collar 5990","Elephant Research - Ivory Coast - Collar 5990","2019-02-19","10:01:26"
"559",559,26593054188,"true",-5.869151,5.160683,"Succeeded","gps","Elephantidae","Collar 5990","Collar 5990","Elephant Research - Ivory Coast - Collar 5990","2019-02-19","14:02:36"
"560",560,26593054189,"true",-5.869161,5.160779,"Succeeded","gps","Elephantidae","Collar 5990","Collar 5990","Elephant Research - Ivory Coast - Collar 5990","2019-02-19","16:02:13"
"561",561,26593054190,"true",-5.869076,5.161788,"Succeeded","gps","Elephantidae","Collar 5990","Collar 5990","Elephant Research - Ivory Coast - Collar 5990","2019-02-19","18:02:25"
"562",562,26593054191,"true",-5.869247,5.162206,"Succeeded","gps","Elephantidae","Collar 5990","Collar 5990","Elephant Research - Ivory Coast - Collar 5990","2019-02-19","20:02:01"
"563",563,26593054192,"true",-5.870385,5.160983,"Succeeded","gps","Elephantidae","Collar 5990","Collar 5990","Elephant Research - Ivory Coast - Collar 5990","2019-02-19","22:00:50"
"564",564,26593054193,"true",-5.870631,5.15844,"Succeeded","gps","Elephantidae","Collar 5990","Collar 5990","Elephant Research - Ivory Coast - Collar 5990","2019-02-20","00:00:35"
"565",565,26593054194,"true",-5.86943,5.160425,"Succeeded","gps","Elephantidae","Collar 5990","Collar 5990","Elephant Research - Ivory Coast - Collar 5990","2019-02-20","04:01:06"
"566",566,26593054195,"true",-5.869376,5.16049,"Succeeded","gps","Elephantidae","Collar 5990","Collar 5990","Elephant Research - Ivory Coast - Collar 5990","2019-02-20","06:02:20"
"567",567,26593054196,"true",-5.868754,5.160415,"Succeeded","gps","Elephantidae","Collar 5990","Collar 5990","Elephant Research - Ivory Coast - Collar 5990","2019-02-20","12:02:06"
"568",568,26593054197,"true",-5.86884,5.159717,"Succeeded","gps","Elephantidae","Collar 5990","Collar 5990","Elephant Research - Ivory Coast - Collar 5990","2019-02-20","14:01:30"
"569",569,26593054198,"true",-5.869054,5.159889,"Succeeded","gps","Elephantidae","Collar 5990","Collar 5990","Elephant Research - Ivory Coast - Collar 5990","2019-02-20","18:02:33"
"570",570,26593054199,"true",-5.871361,5.156445,"Succeeded","gps","Elephantidae","Collar 5990","Collar 5990","Elephant Research - Ivory Coast - Collar 5990","2019-02-20","20:00:49"
"571",571,26593054200,"true",-5.870975,5.157947,"Succeeded","gps","Elephantidae","Collar 5990","Collar 5990","Elephant Research - Ivory Coast - Collar 5990","2019-02-20","22:01:54"
"572",572,26593054201,"true",-5.869387,5.158998,"Succeeded","gps","Elephantidae","Collar 5990","Collar 5990","Elephant Research - Ivory Coast - Collar 5990","2019-02-21","04:02:06"
"573",573,26593054202,"true",-5.868271,5.157003,"Succeeded","gps","Elephantidae","Collar 5990","Collar 5990","Elephant Research - Ivory Coast - Collar 5990","2019-02-21","06:01:06"
"574",574,26593054203,"true",-5.868968,5.156552,"Succeeded","gps","Elephantidae","Collar 5990","Collar 5990","Elephant Research - Ivory Coast - Collar 5990","2019-02-21","08:00:54"
"575",575,26593054204,"true",-5.86899,5.157807,"Succeeded","gps","Elephantidae","Collar 5990","Collar 5990","Elephant Research - Ivory Coast - Collar 5990","2019-02-21","12:02:41"
"576",576,26593054205,"true",-5.869505,5.159481,"Succeeded","gps","Elephantidae","Collar 5990","Collar 5990","Elephant Research - Ivory Coast - Collar 5990","2019-02-21","14:02:24"
"577",577,26593054206,"true",-5.868893,5.15784,"Succeeded","gps","Elephantidae","Collar 5990","Collar 5990","Elephant Research - Ivory Coast - Collar 5990","2019-02-21","16:01:48"
"578",578,26593054207,"true",-5.869784,5.157153,"Succeeded","gps","Elephantidae","Collar 5990","Collar 5990","Elephant Research - Ivory Coast - Collar 5990","2019-02-21","18:01:24"
"579",579,26593054208,"true",-5.868968,5.155275,"Succeeded","gps","Elephantidae","Collar 5990","Collar 5990","Elephant Research - Ivory Coast - Collar 5990","2019-02-21","20:01:06"
"580",580,26593054209,"true",-5.870835,5.155093,"Succeeded","gps","Elephantidae","Collar 5990","Collar 5990","Elephant Research - Ivory Coast - Collar 5990","2019-02-21","22:00:50"
"581",581,26593054210,"true",-5.870427,5.157089,"Succeeded","gps","Elephantidae","Collar 5990","Collar 5990","Elephant Research - Ivory Coast - Collar 5990","2019-02-22","00:00:36"
"582",582,26593054211,"true",-5.869215,5.157893,"Succeeded","gps","Elephantidae","Collar 5990","Collar 5990","Elephant Research - Ivory Coast - Collar 5990","2019-02-22","02:01:29"
"583",583,26593054212,"true",-5.868925,5.158698,"Succeeded","gps","Elephantidae","Collar 5990","Collar 5990","Elephant Research - Ivory Coast - Collar 5990","2019-02-22","04:01:24"
"584",584,26593054213,"true",-5.869376,5.160157,"Succeeded","gps","Elephantidae","Collar 5990","Collar 5990","Elephant Research - Ivory Coast - Collar 5990","2019-02-22","06:00:35"
"585",585,26593054214,"true",-5.869966,5.160586,"Succeeded","gps","Elephantidae","Collar 5990","Collar 5990","Elephant Research - Ivory Coast - Collar 5990","2019-02-22","08:01:25"
"586",586,26593054215,"true",-5.869312,5.160189,"Succeeded","gps","Elephantidae","Collar 5990","Collar 5990","Elephant Research - Ivory Coast - Collar 5990","2019-02-22","12:01:07"
"587",587,26593054216,"true",-5.868861,5.16035,"Succeeded","gps","Elephantidae","Collar 5990","Collar 5990","Elephant Research - Ivory Coast - Collar 5990","2019-02-22","14:01:25"
"588",588,26593054217,"true",-5.871329,5.161123,"Succeeded","gps","Elephantidae","Collar 5990","Collar 5990","Elephant Research - Ivory Coast - Collar 5990","2019-02-22","18:00:58"
"589",589,26593054218,"true",-5.874043,5.158859,"Succeeded","gps","Elephantidae","Collar 5990","Collar 5990","Elephant Research - Ivory Coast - Collar 5990","2019-02-22","20:01:12"
"590",590,26593054219,"true",-5.872616,5.157668,"Succeeded","gps","Elephantidae","Collar 5990","Collar 5990","Elephant Research - Ivory Coast - Collar 5990","2019-02-22","22:00:34"
"591",591,26593054220,"true",-5.870792,5.157378,"Succeeded","gps","Elephantidae","Collar 5990","Collar 5990","Elephant Research - Ivory Coast - Collar 5990","2019-02-23","00:00:49"
"592",592,26593054221,"true",-5.867981,5.156541,"Succeeded","gps","Elephantidae","Collar 5990","Collar 5990","Elephant Research - Ivory Coast - Collar 5990","2019-02-23","02:01:37"
"593",593,26593054222,"true",-5.867831,5.156896,"Succeeded","gps","Elephantidae","Collar 5990","Collar 5990","Elephant Research - Ivory Coast - Collar 5990","2019-02-23","04:01:07"
"594",594,26593054223,"true",-5.86767,5.156853,"Succeeded","gps","Elephantidae","Collar 5990","Collar 5990","Elephant Research - Ivory Coast - Collar 5990","2019-02-23","06:01:01"
"595",595,26593054224,"true",-5.868936,5.159116,"Succeeded","gps","Elephantidae","Collar 5990","Collar 5990","Elephant Research - Ivory Coast - Collar 5990","2019-02-23","08:02:36"
"596",596,26593054225,"true",-5.869623,5.160597,"Succeeded","gps","Elephantidae","Collar 5990","Collar 5990","Elephant Research - Ivory Coast - Collar 5990","2019-02-23","10:01:42"
"597",597,26593054226,"true",-5.869333,5.161273,"Succeeded","gps","Elephantidae","Collar 5990","Collar 5990","Elephant Research - Ivory Coast - Collar 5990","2019-02-23","12:02:07"
"598",598,26593054227,"true",-5.86899,5.161058,"Succeeded","gps","Elephantidae","Collar 5990","Collar 5990","Elephant Research - Ivory Coast - Collar 5990","2019-02-23","14:02:37"
"599",599,26593054228,"true",-5.868829,5.160844,"Succeeded","gps","Elephantidae","Collar 5990","Collar 5990","Elephant Research - Ivory Coast - Collar 5990","2019-02-23","18:02:41"
"600",600,26593054229,"true",-5.869848,5.146649,"Succeeded","gps","Elephantidae","Collar 5990","Collar 5990","Elephant Research - Ivory Coast - Collar 5990","2019-02-23","22:00:34"
"601",601,26593054230,"true",-5.868164,5.138592,"Succeeded","gps","Elephantidae","Collar 5990","Collar 5990","Elephant Research - Ivory Coast - Collar 5990","2019-02-24","00:01:07"
"602",602,26593054231,"true",-5.868636,5.128636,"Succeeded","gps","Elephantidae","Collar 5990","Collar 5990","Elephant Research - Ivory Coast - Collar 5990","2019-02-24","02:00:50"
"603",603,26593054232,"true",-5.860675,5.119709,"Succeeded","gps","Elephantidae","Collar 5990","Collar 5990","Elephant Research - Ivory Coast - Collar 5990","2019-02-24","04:01:07"
"604",604,26593054233,"true",-5.858175,5.116673,"Succeeded","gps","Elephantidae","Collar 5990","Collar 5990","Elephant Research - Ivory Coast - Collar 5990","2019-02-24","06:00:36"
"605",605,26593054234,"true",-5.856394,5.114849,"Succeeded","gps","Elephantidae","Collar 5990","Collar 5990","Elephant Research - Ivory Coast - Collar 5990","2019-02-24","08:01:06"
"606",606,26593054235,"true",-5.855804,5.112596,"Succeeded","gps","Elephantidae","Collar 5990","Collar 5990","Elephant Research - Ivory Coast - Collar 5990","2019-02-24","12:00:49"
"607",607,26593054236,"true",-5.858486,5.117199,"Succeeded","gps","Elephantidae","Collar 5990","Collar 5990","Elephant Research - Ivory Coast - Collar 5990","2019-02-24","18:01:01"
"608",608,26593054237,"true",-5.861802,5.116201,"Succeeded","gps","Elephantidae","Collar 5990","Collar 5990","Elephant Research - Ivory Coast - Collar 5990","2019-02-24","20:00:55"
"609",609,26593054238,"true",-5.861501,5.11251,"Succeeded","gps","Elephantidae","Collar 5990","Collar 5990","Elephant Research - Ivory Coast - Collar 5990","2019-02-24","22:00:33"
"610",610,26593054239,"true",-5.859784,5.103745,"Succeeded","gps","Elephantidae","Collar 5990","Collar 5990","Elephant Research - Ivory Coast - Collar 5990","2019-02-25","00:00:35"
"611",611,26593054240,"true",-5.858454,5.098005,"Succeeded","gps","Elephantidae","Collar 5990","Collar 5990","Elephant Research - Ivory Coast - Collar 5990","2019-02-25","02:02:37"
"612",612,26593054241,"true",-5.855429,5.094422,"Succeeded","gps","Elephantidae","Collar 5990","Collar 5990","Elephant Research - Ivory Coast - Collar 5990","2019-02-25","04:02:42"
"613",613,26593054242,"true",-5.854184,5.093982,"Succeeded","gps","Elephantidae","Collar 5990","Collar 5990","Elephant Research - Ivory Coast - Collar 5990","2019-02-25","06:00:36"
"614",614,26593054243,"true",-5.854914,5.091289,"Succeeded","gps","Elephantidae","Collar 5990","Collar 5990","Elephant Research - Ivory Coast - Collar 5990","2019-02-25","08:01:59"
"615",615,26593054244,"true",-5.855847,5.089701,"Succeeded","gps","Elephantidae","Collar 5990","Collar 5990","Elephant Research - Ivory Coast - Collar 5990","2019-02-25","12:00:54"
"616",616,26593054245,"true",-5.855429,5.089529,"Succeeded","gps","Elephantidae","Collar 5990","Collar 5990","Elephant Research - Ivory Coast - Collar 5990","2019-02-25","14:01:06"
"617",617,26593054246,"true",-5.854957,5.090495,"Succeeded","gps","Elephantidae","Collar 5990","Collar 5990","Elephant Research - Ivory Coast - Collar 5990","2019-02-25","16:01:06"
"618",618,26593054247,"true",-5.855343,5.090581,"Succeeded","gps","Elephantidae","Collar 5990","Collar 5990","Elephant Research - Ivory Coast - Collar 5990","2019-02-25","18:02:35"
"619",619,26593054248,"true",-5.85545,5.095634,"Succeeded","gps","Elephantidae","Collar 5990","Collar 5990","Elephant Research - Ivory Coast - Collar 5990","2019-02-25","20:02:02"
"620",620,26593054249,"true",-5.854034,5.095977,"Succeeded","gps","Elephantidae","Collar 5990","Collar 5990","Elephant Research - Ivory Coast - Collar 5990","2019-02-25","22:01:00"
"621",621,26593054250,"true",-5.853851,5.095366,"Succeeded","gps","Elephantidae","Collar 5990","Collar 5990","Elephant Research - Ivory Coast - Collar 5990","2019-02-26","00:00:59"
"622",622,26593054251,"true",-5.852982,5.09484,"Succeeded","gps","Elephantidae","Collar 5990","Collar 5990","Elephant Research - Ivory Coast - Collar 5990","2019-02-26","02:00:55"
"623",623,26593054252,"true",-5.851244,5.089862,"Succeeded","gps","Elephantidae","Collar 5990","Collar 5990","Elephant Research - Ivory Coast - Collar 5990","2019-02-26","04:01:06"
"624",624,26593054253,"true",-5.851523,5.088134,"Succeeded","gps","Elephantidae","Collar 5990","Collar 5990","Elephant Research - Ivory Coast - Collar 5990","2019-02-26","06:00:35"
"625",625,26593054254,"true",-5.851663,5.086407,"Succeeded","gps","Elephantidae","Collar 5990","Collar 5990","Elephant Research - Ivory Coast - Collar 5990","2019-02-26","08:03:02"
"626",626,26593054255,"true",-5.852306,5.088971,"Succeeded","gps","Elephantidae","Collar 5990","Collar 5990","Elephant Research - Ivory Coast - Collar 5990","2019-02-26","10:01:29"
"627",627,26593054256,"true",-5.854066,5.089111,"Succeeded","gps","Elephantidae","Collar 5990","Collar 5990","Elephant Research - Ivory Coast - Collar 5990","2019-02-26","12:01:24"
"628",628,26593054257,"true",-5.854881,5.088746,"Succeeded","gps","Elephantidae","Collar 5990","Collar 5990","Elephant Research - Ivory Coast - Collar 5990","2019-02-26","14:01:29"
"629",629,26593054258,"true",-5.857628,5.089132,"Succeeded","gps","Elephantidae","Collar 5990","Collar 5990","Elephant Research - Ivory Coast - Collar 5990","2019-02-26","18:00:51"
"630",630,26593054259,"true",-5.861115,5.082255,"Succeeded","gps","Elephantidae","Collar 5990","Collar 5990","Elephant Research - Ivory Coast - Collar 5990","2019-02-26","22:01:01"
"631",631,26593054260,"true",-5.859945,5.084551,"Succeeded","gps","Elephantidae","Collar 5990","Collar 5990","Elephant Research - Ivory Coast - Collar 5990","2019-02-27","00:01:36"
"632",632,26593054261,"true",-5.859709,5.087051,"Succeeded","gps","Elephantidae","Collar 5990","Collar 5990","Elephant Research - Ivory Coast - Collar 5990","2019-02-27","04:02:37"
"633",633,26593054262,"true",-5.858926,5.087276,"Succeeded","gps","Elephantidae","Collar 5990","Collar 5990","Elephant Research - Ivory Coast - Collar 5990","2019-02-27","06:01:07"
"634",634,26593054263,"true",-5.855718,5.093917,"Succeeded","gps","Elephantidae","Collar 5990","Collar 5990","Elephant Research - Ivory Coast - Collar 5990","2019-02-27","12:01:32"
"635",635,26593054264,"true",-5.855064,5.093123,"Succeeded","gps","Elephantidae","Collar 5990","Collar 5990","Elephant Research - Ivory Coast - Collar 5990","2019-02-27","14:01:07"
"636",636,26593054265,"true",-5.853862,5.093048,"Succeeded","gps","Elephantidae","Collar 5990","Collar 5990","Elephant Research - Ivory Coast - Collar 5990","2019-02-27","16:01:25"
"637",637,26593054266,"true",-5.857553,5.100097,"Succeeded","gps","Elephantidae","Collar 5990","Collar 5990","Elephant Research - Ivory Coast - Collar 5990","2019-02-27","20:00:50"
"638",638,26593054267,"true",-5.860654,5.101975,"Succeeded","gps","Elephantidae","Collar 5990","Collar 5990","Elephant Research - Ivory Coast - Collar 5990","2019-02-27","22:00:51"
"639",639,26593054268,"true",-5.858583,5.104367,"Succeeded","gps","Elephantidae","Collar 5990","Collar 5990","Elephant Research - Ivory Coast - Collar 5990","2019-02-28","00:01:06"
"640",640,26593054269,"true",-5.85501,5.100687,"Succeeded","gps","Elephantidae","Collar 5990","Collar 5990","Elephant Research - Ivory Coast - Collar 5990","2019-02-28","02:01:06"
"641",641,26593054270,"true",-5.85353,5.094872,"Succeeded","gps","Elephantidae","Collar 5990","Collar 5990","Elephant Research - Ivory Coast - Collar 5990","2019-02-28","04:00:54"
"642",642,26593054271,"true",-5.853572,5.094518,"Succeeded","gps","Elephantidae","Collar 5990","Collar 5990","Elephant Research - Ivory Coast - Collar 5990","2019-02-28","06:00:55"
"643",643,26593054272,"true",-5.854463,5.093692,"Succeeded","gps","Elephantidae","Collar 5990","Collar 5990","Elephant Research - Ivory Coast - Collar 5990","2019-02-28","08:01:07"
"644",644,26593054273,"true",-5.856158,5.092919,"Succeeded","gps","Elephantidae","Collar 5990","Collar 5990","Elephant Research - Ivory Coast - Collar 5990","2019-02-28","12:02:00"
"645",645,26593054274,"true",-5.854967,5.094261,"Succeeded","gps","Elephantidae","Collar 5990","Collar 5990","Elephant Research - Ivory Coast - Collar 5990","2019-02-28","14:01:27"
"646",646,26593054275,"true",-5.853186,5.093166,"Succeeded","gps","Elephantidae","Collar 5990","Collar 5990","Elephant Research - Ivory Coast - Collar 5990","2019-02-28","18:00:49"
"647",647,26593054276,"true",-5.851191,5.101009,"Succeeded","gps","Elephantidae","Collar 5990","Collar 5990","Elephant Research - Ivory Coast - Collar 5990","2019-02-28","20:00:35"
"648",648,26593054277,"true",-5.854377,5.110161,"Succeeded","gps","Elephantidae","Collar 5990","Collar 5990","Elephant Research - Ivory Coast - Collar 5990","2019-02-28","22:00:34"
"649",649,26593054278,"true",-5.855954,5.111706,"Succeeded","gps","Elephantidae","Collar 5990","Collar 5990","Elephant Research - Ivory Coast - Collar 5990","2019-03-01","00:00:33"
"650",650,26593054279,"true",-5.856062,5.11339,"Succeeded","gps","Elephantidae","Collar 5990","Collar 5990","Elephant Research - Ivory Coast - Collar 5990","2019-03-01","02:00:35"
"651",651,26593054280,"true",-5.856212,5.113283,"Succeeded","gps","Elephantidae","Collar 5990","Collar 5990","Elephant Research - Ivory Coast - Collar 5990","2019-03-01","04:00:54"
"652",652,26593054281,"true",-5.855321,5.115407,"Succeeded","gps","Elephantidae","Collar 5990","Collar 5990","Elephant Research - Ivory Coast - Collar 5990","2019-03-01","06:00:35"
"653",653,26593054282,"true",-5.854967,5.115697,"Succeeded","gps","Elephantidae","Collar 5990","Collar 5990","Elephant Research - Ivory Coast - Collar 5990","2019-03-01","08:00:48"
"654",654,26593054283,"true",-5.855858,5.114699,"Succeeded","gps","Elephantidae","Collar 5990","Collar 5990","Elephant Research - Ivory Coast - Collar 5990","2019-03-01","10:02:00"
"655",655,26593054284,"true",-5.856416,5.114978,"Succeeded","gps","Elephantidae","Collar 5990","Collar 5990","Elephant Research - Ivory Coast - Collar 5990","2019-03-01","12:01:06"
"656",656,26593054285,"true",-5.857059,5.11515,"Succeeded","gps","Elephantidae","Collar 5990","Collar 5990","Elephant Research - Ivory Coast - Collar 5990","2019-03-01","14:01:06"
"657",657,26593054286,"true",-5.85663,5.115117,"Succeeded","gps","Elephantidae","Collar 5990","Collar 5990","Elephant Research - Ivory Coast - Collar 5990","2019-03-01","16:01:00"
"658",658,26593054287,"true",-5.857746,5.117499,"Succeeded","gps","Elephantidae","Collar 5990","Collar 5990","Elephant Research - Ivory Coast - Collar 5990","2019-03-01","18:00:59"
"659",659,26593054288,"true",-5.854163,5.124055,"Succeeded","gps","Elephantidae","Collar 5990","Collar 5990","Elephant Research - Ivory Coast - Collar 5990","2019-03-01","20:01:06"
"660",660,26593054289,"true",-5.852864,5.119205,"Succeeded","gps","Elephantidae","Collar 5990","Collar 5990","Elephant Research - Ivory Coast - Collar 5990","2019-03-01","22:00:54"
"661",661,26593054290,"true",-5.850129,5.11839,"Succeeded","gps","Elephantidae","Collar 5990","Collar 5990","Elephant Research - Ivory Coast - Collar 5990","2019-03-02","00:00:34"
"662",662,26593054291,"true",-5.849807,5.120729,"Succeeded","gps","Elephantidae","Collar 5990","Collar 5990","Elephant Research - Ivory Coast - Collar 5990","2019-03-02","02:01:06"
"663",663,26593054292,"true",-5.849581,5.121008,"Succeeded","gps","Elephantidae","Collar 5990","Collar 5990","Elephant Research - Ivory Coast - Collar 5990","2019-03-02","04:01:54"
"664",664,26593054293,"true",-5.848004,5.121962,"Succeeded","gps","Elephantidae","Collar 5990","Collar 5990","Elephant Research - Ivory Coast - Collar 5990","2019-03-02","06:01:06"
"665",665,26593054294,"true",-5.846878,5.124988,"Succeeded","gps","Elephantidae","Collar 5990","Collar 5990","Elephant Research - Ivory Coast - Collar 5990","2019-03-02","08:01:06"
"666",666,26593054295,"true",-5.846191,5.126039,"Succeeded","gps","Elephantidae","Collar 5990","Collar 5990","Elephant Research - Ivory Coast - Collar 5990","2019-03-02","10:01:26"
"667",667,26593054296,"true",-5.846813,5.125578,"Succeeded","gps","Elephantidae","Collar 5990","Collar 5990","Elephant Research - Ivory Coast - Collar 5990","2019-03-02","12:02:00"
"668",668,26593054297,"true",-5.845215,5.126436,"Succeeded","gps","Elephantidae","Collar 5990","Collar 5990","Elephant Research - Ivory Coast - Collar 5990","2019-03-02","14:02:30"
"669",669,26593054298,"true",-5.846438,5.125224,"Succeeded","gps","Elephantidae","Collar 5990","Collar 5990","Elephant Research - Ivory Coast - Collar 5990","2019-03-02","16:01:36"
"670",670,26593054299,"true",-5.844957,5.127713,"Succeeded","gps","Elephantidae","Collar 5990","Collar 5990","Elephant Research - Ivory Coast - Collar 5990","2019-03-02","18:00:36"
"671",671,26593054300,"true",-5.844002,5.133592,"Succeeded","gps","Elephantidae","Collar 5990","Collar 5990","Elephant Research - Ivory Coast - Collar 5990","2019-03-02","20:03:02"
"672",672,26593054301,"true",-5.846427,5.131211,"Succeeded","gps","Elephantidae","Collar 5990","Collar 5990","Elephant Research - Ivory Coast - Collar 5990","2019-03-02","22:00:34"
"673",673,26593054302,"true",-5.846137,5.1256,"Succeeded","gps","Elephantidae","Collar 5990","Collar 5990","Elephant Research - Ivory Coast - Collar 5990","2019-03-03","00:01:37"
"674",674,26593054303,"true",-5.845429,5.125836,"Succeeded","gps","Elephantidae","Collar 5990","Collar 5990","Elephant Research - Ivory Coast - Collar 5990","2019-03-03","02:00:39"
"675",675,26593054304,"true",-5.844099,5.124462,"Succeeded","gps","Elephantidae","Collar 5990","Collar 5990","Elephant Research - Ivory Coast - Collar 5990","2019-03-03","04:00:49"
"676",676,26593054305,"true",-5.843133,5.123443,"Succeeded","gps","Elephantidae","Collar 5990","Collar 5990","Elephant Research - Ivory Coast - Collar 5990","2019-03-03","06:00:55"
"677",677,26593054306,"true",-5.843402,5.121276,"Succeeded","gps","Elephantidae","Collar 5990","Collar 5990","Elephant Research - Ivory Coast - Collar 5990","2019-03-03","08:00:51"
"678",678,26593054307,"true",-5.842007,5.123475,"Succeeded","gps","Elephantidae","Collar 5990","Collar 5990","Elephant Research - Ivory Coast - Collar 5990","2019-03-03","10:01:42"
"679",679,26593054308,"true",-5.84191,5.125256,"Succeeded","gps","Elephantidae","Collar 5990","Collar 5990","Elephant Research - Ivory Coast - Collar 5990","2019-03-03","12:02:07"
"680",680,26593054309,"true",-5.841524,5.125181,"Succeeded","gps","Elephantidae","Collar 5990","Collar 5990","Elephant Research - Ivory Coast - Collar 5990","2019-03-03","14:01:37"
"681",681,26593054310,"true",-5.841299,5.124848,"Succeeded","gps","Elephantidae","Collar 5990","Collar 5990","Elephant Research - Ivory Coast - Collar 5990","2019-03-03","16:02:31"
"682",682,26593054311,"true",-5.840344,5.121801,"Succeeded","gps","Elephantidae","Collar 5990","Collar 5990","Elephant Research - Ivory Coast - Collar 5990","2019-03-03","18:00:55"
"683",683,26593054312,"true",-5.839357,5.123829,"Succeeded","gps","Elephantidae","Collar 5990","Collar 5990","Elephant Research - Ivory Coast - Collar 5990","2019-03-03","20:00:50"
"684",684,26593054313,"true",-5.838831,5.119742,"Succeeded","gps","Elephantidae","Collar 5990","Collar 5990","Elephant Research - Ivory Coast - Collar 5990","2019-03-03","22:00:34"
"685",685,26593054314,"true",-5.836986,5.118787,"Succeeded","gps","Elephantidae","Collar 5990","Collar 5990","Elephant Research - Ivory Coast - Collar 5990","2019-03-04","00:00:34"
"686",686,26593054315,"true",-5.835162,5.11987,"Succeeded","gps","Elephantidae","Collar 5990","Collar 5990","Elephant Research - Ivory Coast - Collar 5990","2019-03-04","02:00:38"
"687",687,26593054316,"true",-5.83543,5.118604,"Succeeded","gps","Elephantidae","Collar 5990","Collar 5990","Elephant Research - Ivory Coast - Collar 5990","2019-03-04","04:00:49"
"688",688,26593054317,"true",-5.836481,5.117467,"Succeeded","gps","Elephantidae","Collar 5990","Collar 5990","Elephant Research - Ivory Coast - Collar 5990","2019-03-04","06:01:00"
"689",689,26593054318,"true",-5.839389,5.116265,"Succeeded","gps","Elephantidae","Collar 5990","Collar 5990","Elephant Research - Ivory Coast - Collar 5990","2019-03-04","08:00:51"
"690",690,26593054319,"true",-5.840537,5.116695,"Succeeded","gps","Elephantidae","Collar 5990","Collar 5990","Elephant Research - Ivory Coast - Collar 5990","2019-03-04","10:01:33"
"691",691,26593054320,"true",-5.840322,5.116909,"Succeeded","gps","Elephantidae","Collar 5990","Collar 5990","Elephant Research - Ivory Coast - Collar 5990","2019-03-04","12:01:55"
"692",692,26593054321,"true",-5.840666,5.116802,"Succeeded","gps","Elephantidae","Collar 5990","Collar 5990","Elephant Research - Ivory Coast - Collar 5990","2019-03-04","14:02:26"
"693",693,26593054322,"true",-5.839807,5.116341,"Succeeded","gps","Elephantidae","Collar 5990","Collar 5990","Elephant Research - Ivory Coast - Collar 5990","2019-03-04","16:01:55"
"694",694,26593054323,"true",-5.839249,5.116072,"Succeeded","gps","Elephantidae","Collar 5990","Collar 5990","Elephant Research - Ivory Coast - Collar 5990","2019-03-04","18:00:54"
"695",695,26593054324,"true",-5.844185,5.118411,"Succeeded","gps","Elephantidae","Collar 5990","Collar 5990","Elephant Research - Ivory Coast - Collar 5990","2019-03-04","20:00:50"
"696",696,26593054325,"true",-5.84765,5.115761,"Succeeded","gps","Elephantidae","Collar 5990","Collar 5990","Elephant Research - Ivory Coast - Collar 5990","2019-03-04","22:00:34"
"697",697,26593054326,"true",-5.847704,5.108498,"Succeeded","gps","Elephantidae","Collar 5990","Collar 5990","Elephant Research - Ivory Coast - Collar 5990","2019-03-05","00:00:34"
"698",698,26593054327,"true",-5.850644,5.097705,"Succeeded","gps","Elephantidae","Collar 5990","Collar 5990","Elephant Research - Ivory Coast - Collar 5990","2019-03-05","02:00:37"
"699",699,26593054328,"true",-5.85089,5.097426,"Succeeded","gps","Elephantidae","Collar 5990","Collar 5990","Elephant Research - Ivory Coast - Collar 5990","2019-03-05","04:00:50"
"700",700,26593054329,"true",-5.852489,5.097329,"Succeeded","gps","Elephantidae","Collar 5990","Collar 5990","Elephant Research - Ivory Coast - Collar 5990","2019-03-05","06:00:37"
"701",701,26593054330,"true",-5.855107,5.093499,"Succeeded","gps","Elephantidae","Collar 5990","Collar 5990","Elephant Research - Ivory Coast - Collar 5990","2019-03-05","08:01:30"
"702",702,26593054331,"true",-5.855471,5.092887,"Succeeded","gps","Elephantidae","Collar 5990","Collar 5990","Elephant Research - Ivory Coast - Collar 5990","2019-03-05","10:02:41"
"703",703,26593054332,"true",-5.856941,5.089647,"Succeeded","gps","Elephantidae","Collar 5990","Collar 5990","Elephant Research - Ivory Coast - Collar 5990","2019-03-05","12:01:06"
"704",704,26593054333,"true",-5.858701,5.088692,"Succeeded","gps","Elephantidae","Collar 5990","Collar 5990","Elephant Research - Ivory Coast - Collar 5990","2019-03-05","14:00:49"
"705",705,26593054334,"true",-5.861115,5.091385,"Succeeded","gps","Elephantidae","Collar 5990","Collar 5990","Elephant Research - Ivory Coast - Collar 5990","2019-03-05","16:01:30"
"706",706,26593054335,"true",-5.864763,5.089872,"Succeeded","gps","Elephantidae","Collar 5990","Collar 5990","Elephant Research - Ivory Coast - Collar 5990","2019-03-05","18:02:06"
"707",707,26593054336,"true",-5.868968,5.090334,"Succeeded","gps","Elephantidae","Collar 5990","Collar 5990","Elephant Research - Ivory Coast - Collar 5990","2019-03-05","20:00:33"
"708",708,26593054337,"true",-5.868035,5.094228,"Succeeded","gps","Elephantidae","Collar 5990","Collar 5990","Elephant Research - Ivory Coast - Collar 5990","2019-03-05","22:01:00"
"709",709,26593054338,"true",-5.867981,5.092726,"Succeeded","gps","Elephantidae","Collar 5990","Collar 5990","Elephant Research - Ivory Coast - Collar 5990","2019-03-06","00:00:49"
"710",710,26593054339,"true",-5.866061,5.092233,"Succeeded","gps","Elephantidae","Collar 5990","Collar 5990","Elephant Research - Ivory Coast - Collar 5990","2019-03-06","02:01:24"
"711",711,26593054340,"true",-5.8656,5.091578,"Succeeded","gps","Elephantidae","Collar 5990","Collar 5990","Elephant Research - Ivory Coast - Collar 5990","2019-03-06","04:02:36"
"712",712,26593054341,"true",-5.865514,5.09175,"Succeeded","gps","Elephantidae","Collar 5990","Collar 5990","Elephant Research - Ivory Coast - Collar 5990","2019-03-06","06:02:00"
"713",713,26593054342,"true",-5.863293,5.092072,"Succeeded","gps","Elephantidae","Collar 5990","Collar 5990","Elephant Research - Ivory Coast - Collar 5990","2019-03-06","08:00:50"
"714",714,26593054343,"true",-5.860686,5.092276,"Succeeded","gps","Elephantidae","Collar 5990","Collar 5990","Elephant Research - Ivory Coast - Collar 5990","2019-03-06","12:01:54"
"715",715,26593054344,"true",-5.854141,5.09616,"Succeeded","gps","Elephantidae","Collar 5990","Collar 5990","Elephant Research - Ivory Coast - Collar 5990","2019-03-06","22:00:33"
"716",716,26593054345,"true",-5.851191,5.094218,"Succeeded","gps","Elephantidae","Collar 5990","Collar 5990","Elephant Research - Ivory Coast - Collar 5990","2019-03-07","00:00:36"
"717",717,26593054346,"true",-5.851255,5.09189,"Succeeded","gps","Elephantidae","Collar 5990","Collar 5990","Elephant Research - Ivory Coast - Collar 5990","2019-03-07","02:01:19"
"718",718,26593054347,"true",-5.852832,5.092683,"Succeeded","gps","Elephantidae","Collar 5990","Collar 5990","Elephant Research - Ivory Coast - Collar 5990","2019-03-07","04:00:36"
"719",719,26593054348,"true",-5.854667,5.089776,"Succeeded","gps","Elephantidae","Collar 5990","Collar 5990","Elephant Research - Ivory Coast - Collar 5990","2019-03-07","08:02:59"
"720",720,26593054349,"true",-5.854012,5.089079,"Succeeded","gps","Elephantidae","Collar 5990","Collar 5990","Elephant Research - Ivory Coast - Collar 5990","2019-03-07","12:01:50"
"721",721,26593054350,"true",-5.856062,5.089261,"Succeeded","gps","Elephantidae","Collar 5990","Collar 5990","Elephant Research - Ivory Coast - Collar 5990","2019-03-07","14:01:42"
"722",722,26593054351,"true",-5.855708,5.091192,"Succeeded","gps","Elephantidae","Collar 5990","Collar 5990","Elephant Research - Ivory Coast - Collar 5990","2019-03-07","16:02:31"
"723",723,26593054352,"true",-5.855375,5.092651,"Succeeded","gps","Elephantidae","Collar 5990","Collar 5990","Elephant Research - Ivory Coast - Collar 5990","2019-03-07","18:01:30"
"724",724,26593054353,"true",-5.855493,5.099539,"Succeeded","gps","Elephantidae","Collar 5990","Collar 5990","Elephant Research - Ivory Coast - Collar 5990","2019-03-07","20:00:43"
"725",725,26593054354,"true",-5.853412,5.106373,"Succeeded","gps","Elephantidae","Collar 5990","Collar 5990","Elephant Research - Ivory Coast - Collar 5990","2019-03-07","22:00:37"
"726",726,26593054355,"true",-5.855804,5.112736,"Succeeded","gps","Elephantidae","Collar 5990","Collar 5990","Elephant Research - Ivory Coast - Collar 5990","2019-03-08","00:02:13"
"727",727,26593054356,"true",-5.856062,5.11339,"Succeeded","gps","Elephantidae","Collar 5990","Collar 5990","Elephant Research - Ivory Coast - Collar 5990","2019-03-08","02:00:50"
"728",728,26593054357,"true",-5.856019,5.113626,"Succeeded","gps","Elephantidae","Collar 5990","Collar 5990","Elephant Research - Ivory Coast - Collar 5990","2019-03-08","04:02:25"
"729",729,26593054358,"true",-5.852575,5.111019,"Succeeded","gps","Elephantidae","Collar 5990","Collar 5990","Elephant Research - Ivory Coast - Collar 5990","2019-03-08","06:00:36"
"730",730,26593054359,"true",-5.846266,5.11677,"Succeeded","gps","Elephantidae","Collar 5990","Collar 5990","Elephant Research - Ivory Coast - Collar 5990","2019-03-08","08:01:01"
"731",731,26593054360,"true",-5.844914,5.11648,"Succeeded","gps","Elephantidae","Collar 5990","Collar 5990","Elephant Research - Ivory Coast - Collar 5990","2019-03-08","10:01:08"
"732",732,26593054361,"true",-5.841213,5.124001,"Succeeded","gps","Elephantidae","Collar 5990","Collar 5990","Elephant Research - Ivory Coast - Collar 5990","2019-03-08","12:01:02"
"733",733,26593054362,"true",-5.841749,5.125321,"Succeeded","gps","Elephantidae","Collar 5990","Collar 5990","Elephant Research - Ivory Coast - Collar 5990","2019-03-08","14:01:31"
"734",734,26593054363,"true",-5.841631,5.125235,"Succeeded","gps","Elephantidae","Collar 5990","Collar 5990","Elephant Research - Ivory Coast - Collar 5990","2019-03-08","16:01:30"
"735",735,26593054364,"true",-5.842543,5.124269,"Succeeded","gps","Elephantidae","Collar 5990","Collar 5990","Elephant Research - Ivory Coast - Collar 5990","2019-03-08","18:00:36"
"736",736,26593054365,"true",-5.841696,5.128979,"Succeeded","gps","Elephantidae","Collar 5990","Collar 5990","Elephant Research - Ivory Coast - Collar 5990","2019-03-08","20:01:07"
"737",737,26593054366,"true",-5.840269,5.133442,"Succeeded","gps","Elephantidae","Collar 5990","Collar 5990","Elephant Research - Ivory Coast - Collar 5990","2019-03-08","22:00:35"
"738",738,26593054367,"true",-5.839464,5.126597,"Succeeded","gps","Elephantidae","Collar 5990","Collar 5990","Elephant Research - Ivory Coast - Collar 5990","2019-03-09","00:00:59"
"739",739,26593054368,"true",-5.840666,5.122606,"Succeeded","gps","Elephantidae","Collar 5990","Collar 5990","Elephant Research - Ivory Coast - Collar 5990","2019-03-09","02:00:50"
"740",740,26593054369,"true",-5.841127,5.12237,"Succeeded","gps","Elephantidae","Collar 5990","Collar 5990","Elephant Research - Ivory Coast - Collar 5990","2019-03-09","04:00:38"
"741",741,26593054370,"true",-5.840279,5.121662,"Succeeded","gps","Elephantidae","Collar 5990","Collar 5990","Elephant Research - Ivory Coast - Collar 5990","2019-03-09","06:00:35"
"742",742,26593054371,"true",-5.835698,5.118679,"Succeeded","gps","Elephantidae","Collar 5990","Collar 5990","Elephant Research - Ivory Coast - Collar 5990","2019-03-09","08:01:06"
"743",743,26593054372,"true",-5.835999,5.119323,"Succeeded","gps","Elephantidae","Collar 5990","Collar 5990","Elephant Research - Ivory Coast - Collar 5990","2019-03-09","10:00:50"
"744",744,26593054373,"true",-5.836138,5.118036,"Succeeded","gps","Elephantidae","Collar 5990","Collar 5990","Elephant Research - Ivory Coast - Collar 5990","2019-03-09","12:00:34"
"745",745,26593054374,"true",-5.835301,5.118636,"Succeeded","gps","Elephantidae","Collar 5990","Collar 5990","Elephant Research - Ivory Coast - Collar 5990","2019-03-09","14:01:06"
"746",746,26593054375,"true",-5.835291,5.118433,"Succeeded","gps","Elephantidae","Collar 5990","Collar 5990","Elephant Research - Ivory Coast - Collar 5990","2019-03-09","16:00:54"
"747",747,26593054376,"true",-5.832941,5.117982,"Succeeded","gps","Elephantidae","Collar 5990","Collar 5990","Elephant Research - Ivory Coast - Collar 5990","2019-03-09","18:01:37"
"748",748,26593054377,"true",-5.829476,5.120074,"Succeeded","gps","Elephantidae","Collar 5990","Collar 5990","Elephant Research - Ivory Coast - Collar 5990","2019-03-09","20:00:35"
"749",749,26593054378,"true",-5.830323,5.123765,"Succeeded","gps","Elephantidae","Collar 5990","Collar 5990","Elephant Research - Ivory Coast - Collar 5990","2019-03-09","22:00:34"
"750",750,26593054379,"true",-5.835248,5.121415,"Succeeded","gps","Elephantidae","Collar 5990","Collar 5990","Elephant Research - Ivory Coast - Collar 5990","2019-03-10","00:00:40"
"751",751,26593054380,"true",-5.840419,5.121662,"Succeeded","gps","Elephantidae","Collar 5990","Collar 5990","Elephant Research - Ivory Coast - Collar 5990","2019-03-10","02:00:34"
"752",752,26593054381,"true",-5.840891,5.12251,"Succeeded","gps","Elephantidae","Collar 5990","Collar 5990","Elephant Research - Ivory Coast - Collar 5990","2019-03-10","04:01:01"
"753",753,26593054382,"true",-5.84117,5.122359,"Succeeded","gps","Elephantidae","Collar 5990","Collar 5990","Elephant Research - Ivory Coast - Collar 5990","2019-03-10","06:01:01"
"754",754,26593054383,"true",-5.845279,5.120782,"Succeeded","gps","Elephantidae","Collar 5990","Collar 5990","Elephant Research - Ivory Coast - Collar 5990","2019-03-10","08:02:06"
"755",755,26593054384,"true",-5.846395,5.123754,"Succeeded","gps","Elephantidae","Collar 5990","Collar 5990","Elephant Research - Ivory Coast - Collar 5990","2019-03-10","10:01:36"
"756",756,26593054385,"true",-5.846599,5.12561,"Succeeded","gps","Elephantidae","Collar 5990","Collar 5990","Elephant Research - Ivory Coast - Collar 5990","2019-03-10","12:02:04"
"757",757,26593054386,"true",-5.846105,5.125975,"Succeeded","gps","Elephantidae","Collar 5990","Collar 5990","Elephant Research - Ivory Coast - Collar 5990","2019-03-10","14:02:37"
"758",758,26593054387,"true",-5.84632,5.1256,"Succeeded","gps","Elephantidae","Collar 5990","Collar 5990","Elephant Research - Ivory Coast - Collar 5990","2019-03-10","16:01:06"
"759",759,26593054388,"true",-5.846631,5.124924,"Succeeded","gps","Elephantidae","Collar 5990","Collar 5990","Elephant Research - Ivory Coast - Collar 5990","2019-03-10","18:01:55"
"760",760,26593054389,"true",-5.852768,5.123529,"Succeeded","gps","Elephantidae","Collar 5990","Collar 5990","Elephant Research - Ivory Coast - Collar 5990","2019-03-10","20:00:55"
"761",761,26593054390,"true",-5.853927,5.118014,"Succeeded","gps","Elephantidae","Collar 5990","Collar 5990","Elephant Research - Ivory Coast - Collar 5990","2019-03-10","22:00:35"
"762",762,26593054391,"true",-5.85589,5.114946,"Succeeded","gps","Elephantidae","Collar 5990","Collar 5990","Elephant Research - Ivory Coast - Collar 5990","2019-03-11","00:01:24"
"763",763,26593054392,"true",-5.855997,5.113744,"Succeeded","gps","Elephantidae","Collar 5990","Collar 5990","Elephant Research - Ivory Coast - Collar 5990","2019-03-11","02:00:49"
"764",764,26593054393,"true",-5.856029,5.113379,"Succeeded","gps","Elephantidae","Collar 5990","Collar 5990","Elephant Research - Ivory Coast - Collar 5990","2019-03-11","04:01:01"
"765",765,26593054394,"true",-5.855547,5.111802,"Succeeded","gps","Elephantidae","Collar 5990","Collar 5990","Elephant Research - Ivory Coast - Collar 5990","2019-03-11","06:00:40"
"766",766,26593054395,"true",-5.853873,5.114495,"Succeeded","gps","Elephantidae","Collar 5990","Collar 5990","Elephant Research - Ivory Coast - Collar 5990","2019-03-11","08:02:05"
"767",767,26593054396,"true",-5.854645,5.115117,"Succeeded","gps","Elephantidae","Collar 5990","Collar 5990","Elephant Research - Ivory Coast - Collar 5990","2019-03-11","10:01:59"
"768",768,26593054397,"true",-5.855643,5.114345,"Succeeded","gps","Elephantidae","Collar 5990","Collar 5990","Elephant Research - Ivory Coast - Collar 5990","2019-03-11","12:02:06"
"769",769,26593054398,"true",-5.853058,5.114141,"Succeeded","gps","Elephantidae","Collar 5990","Collar 5990","Elephant Research - Ivory Coast - Collar 5990","2019-03-11","14:02:00"
"770",770,26593054399,"true",-5.853959,5.114527,"Succeeded","gps","Elephantidae","Collar 5990","Collar 5990","Elephant Research - Ivory Coast - Collar 5990","2019-03-11","16:01:30"
"771",771,26593054400,"true",-5.8553,5.114356,"Succeeded","gps","Elephantidae","Collar 5990","Collar 5990","Elephant Research - Ivory Coast - Collar 5990","2019-03-11","18:02:37"
"772",772,26593054401,"true",-5.856308,5.118443,"Succeeded","gps","Elephantidae","Collar 5990","Collar 5990","Elephant Research - Ivory Coast - Collar 5990","2019-03-11","20:01:00"
"773",773,26593054402,"true",-5.849259,5.11692,"Succeeded","gps","Elephantidae","Collar 5990","Collar 5990","Elephant Research - Ivory Coast - Collar 5990","2019-03-11","22:00:33"
"774",774,26593054403,"true",-5.843305,5.119173,"Succeeded","gps","Elephantidae","Collar 5990","Collar 5990","Elephant Research - Ivory Coast - Collar 5990","2019-03-12","00:00:33"
"775",775,26593054404,"true",-5.840945,5.122434,"Succeeded","gps","Elephantidae","Collar 5990","Collar 5990","Elephant Research - Ivory Coast - Collar 5990","2019-03-12","02:00:37"
"776",776,26593054405,"true",-5.840837,5.122821,"Succeeded","gps","Elephantidae","Collar 5990","Collar 5990","Elephant Research - Ivory Coast - Collar 5990","2019-03-12","04:01:06"
"777",777,26593054406,"true",-5.839217,5.122102,"Succeeded","gps","Elephantidae","Collar 5990","Collar 5990","Elephant Research - Ivory Coast - Collar 5990","2019-03-12","06:00:55"
"778",778,26593054407,"true",-5.839689,5.120096,"Succeeded","gps","Elephantidae","Collar 5990","Collar 5990","Elephant Research - Ivory Coast - Collar 5990","2019-03-12","08:01:01"
"779",779,26593054408,"true",-5.840698,5.116813,"Succeeded","gps","Elephantidae","Collar 5990","Collar 5990","Elephant Research - Ivory Coast - Collar 5990","2019-03-12","10:01:26"
"780",780,26593054409,"true",-5.839807,5.117167,"Succeeded","gps","Elephantidae","Collar 5990","Collar 5990","Elephant Research - Ivory Coast - Collar 5990","2019-03-12","12:00:55"
"781",781,26593054410,"true",-5.839968,5.117317,"Succeeded","gps","Elephantidae","Collar 5990","Collar 5990","Elephant Research - Ivory Coast - Collar 5990","2019-03-12","14:01:06"
"782",782,26593054411,"true",-5.837093,5.118851,"Succeeded","gps","Elephantidae","Collar 5990","Collar 5990","Elephant Research - Ivory Coast - Collar 5990","2019-03-12","18:00:50"
"783",783,26593054412,"true",-5.834314,5.120847,"Succeeded","gps","Elephantidae","Collar 5990","Collar 5990","Elephant Research - Ivory Coast - Collar 5990","2019-03-12","20:00:55"
"784",784,26593054413,"true",-5.826579,5.125085,"Succeeded","gps","Elephantidae","Collar 5990","Collar 5990","Elephant Research - Ivory Coast - Collar 5990","2019-03-12","22:00:56"
"785",785,26593054414,"true",-5.827265,5.129741,"Succeeded","gps","Elephantidae","Collar 5990","Collar 5990","Elephant Research - Ivory Coast - Collar 5990","2019-03-13","00:00:51"
"786",786,26593054415,"true",-5.830066,5.129623,"Succeeded","gps","Elephantidae","Collar 5990","Collar 5990","Elephant Research - Ivory Coast - Collar 5990","2019-03-13","02:01:07"
"787",787,26593054416,"true",-5.833005,5.126114,"Succeeded","gps","Elephantidae","Collar 5990","Collar 5990","Elephant Research - Ivory Coast - Collar 5990","2019-03-13","04:01:01"
"788",788,26593054417,"true",-5.833263,5.125052,"Succeeded","gps","Elephantidae","Collar 5990","Collar 5990","Elephant Research - Ivory Coast - Collar 5990","2019-03-13","06:00:37"
"789",789,26593054418,"true",-5.834325,5.125664,"Succeeded","gps","Elephantidae","Collar 5990","Collar 5990","Elephant Research - Ivory Coast - Collar 5990","2019-03-13","08:01:25"
"790",790,26593054419,"true",-5.84191,5.125288,"Succeeded","gps","Elephantidae","Collar 5990","Collar 5990","Elephant Research - Ivory Coast - Collar 5990","2019-03-13","10:02:30"
"791",791,26593054420,"true",-5.842243,5.123475,"Succeeded","gps","Elephantidae","Collar 5990","Collar 5990","Elephant Research - Ivory Coast - Collar 5990","2019-03-13","12:02:02"
"792",792,26593054421,"true",-5.841663,5.123164,"Succeeded","gps","Elephantidae","Collar 5990","Collar 5990","Elephant Research - Ivory Coast - Collar 5990","2019-03-13","14:02:07"
"793",793,26593054422,"true",-5.842318,5.119066,"Succeeded","gps","Elephantidae","Collar 5990","Collar 5990","Elephant Research - Ivory Coast - Collar 5990","2019-03-13","18:00:54"
"794",794,26593054423,"true",-5.846009,5.112424,"Succeeded","gps","Elephantidae","Collar 5990","Collar 5990","Elephant Research - Ivory Coast - Collar 5990","2019-03-13","20:01:02"
"795",795,26593054424,"true",-5.849485,5.107768,"Succeeded","gps","Elephantidae","Collar 5990","Collar 5990","Elephant Research - Ivory Coast - Collar 5990","2019-03-13","22:00:36"
"796",796,26593054425,"true",-5.848466,5.103756,"Succeeded","gps","Elephantidae","Collar 5990","Collar 5990","Elephant Research - Ivory Coast - Collar 5990","2019-03-14","00:00:50"
"797",797,26593054426,"true",-5.848079,5.097222,"Succeeded","gps","Elephantidae","Collar 5990","Collar 5990","Elephant Research - Ivory Coast - Collar 5990","2019-03-14","02:01:54"
"798",798,26593054427,"true",-5.846373,5.098445,"Succeeded","gps","Elephantidae","Collar 5990","Collar 5990","Elephant Research - Ivory Coast - Collar 5990","2019-03-14","04:00:50"
"799",799,26593054428,"true",-5.846609,5.09941,"Succeeded","gps","Elephantidae","Collar 5990","Collar 5990","Elephant Research - Ivory Coast - Collar 5990","2019-03-14","06:01:06"
"800",800,26593054429,"true",-5.85148,5.098187,"Succeeded","gps","Elephantidae","Collar 5990","Collar 5990","Elephant Research - Ivory Coast - Collar 5990","2019-03-14","10:01:37"
"801",801,26593054430,"true",-5.849699,5.096578,"Succeeded","gps","Elephantidae","Collar 5990","Collar 5990","Elephant Research - Ivory Coast - Collar 5990","2019-03-14","12:01:01"
"802",802,26593054431,"true",-5.849056,5.096192,"Succeeded","gps","Elephantidae","Collar 5990","Collar 5990","Elephant Research - Ivory Coast - Collar 5990","2019-03-14","14:01:37"
"803",803,26593054432,"true",-5.848348,5.095602,"Succeeded","gps","Elephantidae","Collar 5990","Collar 5990","Elephant Research - Ivory Coast - Collar 5990","2019-03-14","16:01:11"
"804",804,26593054433,"true",-5.847693,5.094293,"Succeeded","gps","Elephantidae","Collar 5990","Collar 5990","Elephant Research - Ivory Coast - Collar 5990","2019-03-14","18:01:06"
"805",805,26593054434,"true",-5.848358,5.102972,"Succeeded","gps","Elephantidae","Collar 5990","Collar 5990","Elephant Research - Ivory Coast - Collar 5990","2019-03-14","20:00:36"
"806",806,26593054435,"true",-5.850279,5.116491,"Succeeded","gps","Elephantidae","Collar 5990","Collar 5990","Elephant Research - Ivory Coast - Collar 5990","2019-03-14","22:00:34"
"807",807,26593054436,"true",-5.847382,5.120128,"Succeeded","gps","Elephantidae","Collar 5990","Collar 5990","Elephant Research - Ivory Coast - Collar 5990","2019-03-15","00:01:00"
"808",808,26593054437,"true",-5.840784,5.122831,"Succeeded","gps","Elephantidae","Collar 5990","Collar 5990","Elephant Research - Ivory Coast - Collar 5990","2019-03-15","02:00:37"
"809",809,26593054438,"true",-5.840945,5.122456,"Succeeded","gps","Elephantidae","Collar 5990","Collar 5990","Elephant Research - Ivory Coast - Collar 5990","2019-03-15","04:01:06"
"810",810,26593054439,"true",-5.840837,5.122456,"Succeeded","gps","Elephantidae","Collar 5990","Collar 5990","Elephant Research - Ivory Coast - Collar 5990","2019-03-15","06:01:36"
"811",811,26593054440,"true",-5.841846,5.122939,"Succeeded","gps","Elephantidae","Collar 5990","Collar 5990","Elephant Research - Ivory Coast - Collar 5990","2019-03-15","08:02:00"
"812",812,26593054441,"true",-5.846513,5.125825,"Succeeded","gps","Elephantidae","Collar 5990","Collar 5990","Elephant Research - Ivory Coast - Collar 5990","2019-03-15","10:01:36"
"813",813,26593054442,"true",-5.84618,5.125878,"Succeeded","gps","Elephantidae","Collar 5990","Collar 5990","Elephant Research - Ivory Coast - Collar 5990","2019-03-15","12:01:36"
"814",814,26593054443,"true",-5.845354,5.125889,"Succeeded","gps","Elephantidae","Collar 5990","Collar 5990","Elephant Research - Ivory Coast - Collar 5990","2019-03-15","14:01:06"
"815",815,26593054444,"true",-5.845161,5.126554,"Succeeded","gps","Elephantidae","Collar 5990","Collar 5990","Elephant Research - Ivory Coast - Collar 5990","2019-03-15","16:00:49"
"816",816,26593054445,"true",-5.84102,5.129108,"Succeeded","gps","Elephantidae","Collar 5990","Collar 5990","Elephant Research - Ivory Coast - Collar 5990","2019-03-15","18:00:54"
"817",817,26593054446,"true",-5.839368,5.135438,"Succeeded","gps","Elephantidae","Collar 5990","Collar 5990","Elephant Research - Ivory Coast - Collar 5990","2019-03-15","20:01:24"
"818",818,26593054447,"true",-5.841535,5.131597,"Succeeded","gps","Elephantidae","Collar 5990","Collar 5990","Elephant Research - Ivory Coast - Collar 5990","2019-03-15","22:00:50"
"819",819,26593054448,"true",-5.844346,5.126372,"Succeeded","gps","Elephantidae","Collar 5990","Collar 5990","Elephant Research - Ivory Coast - Collar 5990","2019-03-16","00:00:49"
"820",820,26593054449,"true",-5.842125,5.125203,"Succeeded","gps","Elephantidae","Collar 5990","Collar 5990","Elephant Research - Ivory Coast - Collar 5990","2019-03-16","02:00:36"
"821",821,26593054450,"true",-5.840977,5.123164,"Succeeded","gps","Elephantidae","Collar 5990","Collar 5990","Elephant Research - Ivory Coast - Collar 5990","2019-03-16","04:00:37"
"822",822,26593054451,"true",-5.840902,5.123529,"Succeeded","gps","Elephantidae","Collar 5990","Collar 5990","Elephant Research - Ivory Coast - Collar 5990","2019-03-16","06:01:11"
"823",823,26593054452,"true",-5.84618,5.123432,"Succeeded","gps","Elephantidae","Collar 5990","Collar 5990","Elephant Research - Ivory Coast - Collar 5990","2019-03-16","08:01:23"
"824",824,26593054453,"true",-5.846749,5.124602,"Succeeded","gps","Elephantidae","Collar 5990","Collar 5990","Elephant Research - Ivory Coast - Collar 5990","2019-03-16","10:01:50"
"825",825,26593054454,"true",-5.847554,5.124977,"Succeeded","gps","Elephantidae","Collar 5990","Collar 5990","Elephant Research - Ivory Coast - Collar 5990","2019-03-16","12:01:24"
"826",826,26593054455,"true",-5.846341,5.125546,"Succeeded","gps","Elephantidae","Collar 5990","Collar 5990","Elephant Research - Ivory Coast - Collar 5990","2019-03-16","14:01:56"
"827",827,26593054456,"true",-5.84618,5.125975,"Succeeded","gps","Elephantidae","Collar 5990","Collar 5990","Elephant Research - Ivory Coast - Collar 5990","2019-03-16","16:01:05"
"828",828,26593054457,"true",-5.846094,5.126501,"Succeeded","gps","Elephantidae","Collar 5990","Collar 5990","Elephant Research - Ivory Coast - Collar 5990","2019-03-16","18:03:00"
"829",829,26593054458,"true",-5.845097,5.130277,"Succeeded","gps","Elephantidae","Collar 5990","Collar 5990","Elephant Research - Ivory Coast - Collar 5990","2019-03-16","20:00:39"
"830",830,26593054459,"true",-5.844474,5.133367,"Succeeded","gps","Elephantidae","Collar 5990","Collar 5990","Elephant Research - Ivory Coast - Collar 5990","2019-03-16","22:01:49"
"831",831,26593054460,"true",-5.851963,5.139601,"Succeeded","gps","Elephantidae","Collar 5990","Collar 5990","Elephant Research - Ivory Coast - Collar 5990","2019-03-17","00:00:33"
"832",832,26593054461,"true",-5.855117,5.143914,"Succeeded","gps","Elephantidae","Collar 5990","Collar 5990","Elephant Research - Ivory Coast - Collar 5990","2019-03-17","02:00:38"
"833",833,26593054462,"true",-5.857467,5.146403,"Succeeded","gps","Elephantidae","Collar 5990","Collar 5990","Elephant Research - Ivory Coast - Collar 5990","2019-03-17","04:01:07"
"834",834,26593054463,"true",-5.85545,5.144708,"Succeeded","gps","Elephantidae","Collar 5990","Collar 5990","Elephant Research - Ivory Coast - Collar 5990","2019-03-17","06:02:20"
"835",835,26593054464,"true",-5.852478,5.145255,"Succeeded","gps","Elephantidae","Collar 5990","Collar 5990","Elephant Research - Ivory Coast - Collar 5990","2019-03-17","08:01:31"
"836",836,26593054465,"true",-5.851459,5.145265,"Succeeded","gps","Elephantidae","Collar 5990","Collar 5990","Elephant Research - Ivory Coast - Collar 5990","2019-03-17","10:01:07"
"837",837,26593054466,"true",-5.851673,5.143216,"Succeeded","gps","Elephantidae","Collar 5990","Collar 5990","Elephant Research - Ivory Coast - Collar 5990","2019-03-17","12:02:25"
"838",838,26593054467,"true",-5.850386,5.140008,"Succeeded","gps","Elephantidae","Collar 5990","Collar 5990","Elephant Research - Ivory Coast - Collar 5990","2019-03-17","16:01:25"
"839",839,26593054468,"true",-5.850998,5.141135,"Succeeded","gps","Elephantidae","Collar 5990","Collar 5990","Elephant Research - Ivory Coast - Collar 5990","2019-03-17","18:01:55"
"840",840,26593054469,"true",-5.851963,5.147937,"Succeeded","gps","Elephantidae","Collar 5990","Collar 5990","Elephant Research - Ivory Coast - Collar 5990","2019-03-17","22:00:50"
"841",841,26593054470,"true",-5.854785,5.147969,"Succeeded","gps","Elephantidae","Collar 5990","Collar 5990","Elephant Research - Ivory Coast - Collar 5990","2019-03-18","00:01:20"
"842",842,26593054471,"true",-5.852188,5.144021,"Succeeded","gps","Elephantidae","Collar 5990","Collar 5990","Elephant Research - Ivory Coast - Collar 5990","2019-03-18","02:01:01"
"843",843,26593054472,"true",-5.850096,5.135406,"Succeeded","gps","Elephantidae","Collar 5990","Collar 5990","Elephant Research - Ivory Coast - Collar 5990","2019-03-18","04:00:35"
"844",844,26593054473,"true",-5.843434,5.127853,"Succeeded","gps","Elephantidae","Collar 5990","Collar 5990","Elephant Research - Ivory Coast - Collar 5990","2019-03-18","06:00:37"
"845",845,26593054474,"true",-5.844142,5.12737,"Succeeded","gps","Elephantidae","Collar 5990","Collar 5990","Elephant Research - Ivory Coast - Collar 5990","2019-03-18","08:01:31"
"846",846,26593054475,"true",-5.845183,5.126018,"Succeeded","gps","Elephantidae","Collar 5990","Collar 5990","Elephant Research - Ivory Coast - Collar 5990","2019-03-18","10:02:55"
"847",847,26593054476,"true",-5.842436,5.123722,"Succeeded","gps","Elephantidae","Collar 5990","Collar 5990","Elephant Research - Ivory Coast - Collar 5990","2019-03-18","12:01:02"
"848",848,26593054477,"true",-5.841578,5.124913,"Succeeded","gps","Elephantidae","Collar 5990","Collar 5990","Elephant Research - Ivory Coast - Collar 5990","2019-03-18","14:01:31"
"849",849,26593054478,"true",-5.841696,5.124848,"Succeeded","gps","Elephantidae","Collar 5990","Collar 5990","Elephant Research - Ivory Coast - Collar 5990","2019-03-18","16:02:25"
"850",850,26593054479,"true",-5.840923,5.123625,"Succeeded","gps","Elephantidae","Collar 5990","Collar 5990","Elephant Research - Ivory Coast - Collar 5990","2019-03-18","18:01:36"
"851",851,26593054480,"true",-5.839357,5.120739,"Succeeded","gps","Elephantidae","Collar 5990","Collar 5990","Elephant Research - Ivory Coast - Collar 5990","2019-03-18","20:00:52"
"852",852,26593054481,"true",-5.836567,5.117993,"Succeeded","gps","Elephantidae","Collar 5990","Collar 5990","Elephant Research - Ivory Coast - Collar 5990","2019-03-18","22:01:00"
"853",853,26593054482,"true",-5.836836,5.122713,"Succeeded","gps","Elephantidae","Collar 5990","Collar 5990","Elephant Research - Ivory Coast - Collar 5990","2019-03-19","00:00:35"
"854",854,26593054483,"true",-5.840988,5.122928,"Succeeded","gps","Elephantidae","Collar 5990","Collar 5990","Elephant Research - Ivory Coast - Collar 5990","2019-03-19","02:01:24"
"855",855,26593054484,"true",-5.841063,5.122885,"Succeeded","gps","Elephantidae","Collar 5990","Collar 5990","Elephant Research - Ivory Coast - Collar 5990","2019-03-19","04:01:25"
"856",856,26593054485,"true",-5.841277,5.121126,"Succeeded","gps","Elephantidae","Collar 5990","Collar 5990","Elephant Research - Ivory Coast - Collar 5990","2019-03-19","06:00:56"
"857",857,26593054486,"true",-5.84043,5.116802,"Succeeded","gps","Elephantidae","Collar 5990","Collar 5990","Elephant Research - Ivory Coast - Collar 5990","2019-03-19","08:02:01"
"858",858,26593054487,"true",-5.840301,5.117167,"Succeeded","gps","Elephantidae","Collar 5990","Collar 5990","Elephant Research - Ivory Coast - Collar 5990","2019-03-19","10:01:25"
"859",859,26593054488,"true",-5.839067,5.117306,"Succeeded","gps","Elephantidae","Collar 5990","Collar 5990","Elephant Research - Ivory Coast - Collar 5990","2019-03-19","12:01:12"
"860",860,26593054489,"true",-5.8372,5.117628,"Succeeded","gps","Elephantidae","Collar 5990","Collar 5990","Elephant Research - Ivory Coast - Collar 5990","2019-03-19","14:00:40"
"861",861,26593054490,"true",-5.835119,5.118948,"Succeeded","gps","Elephantidae","Collar 5990","Collar 5990","Elephant Research - Ivory Coast - Collar 5990","2019-03-19","16:01:01"
"862",862,26593054491,"true",-5.83543,5.120053,"Succeeded","gps","Elephantidae","Collar 5990","Collar 5990","Elephant Research - Ivory Coast - Collar 5990","2019-03-19","18:01:00"
"863",863,26593054492,"true",-5.834904,5.121501,"Succeeded","gps","Elephantidae","Collar 5990","Collar 5990","Elephant Research - Ivory Coast - Collar 5990","2019-03-19","20:00:51"
"864",864,26593054493,"true",-5.830677,5.123529,"Succeeded","gps","Elephantidae","Collar 5990","Collar 5990","Elephant Research - Ivory Coast - Collar 5990","2019-03-19","22:00:36"
"865",865,26593054494,"true",-5.828446,5.12678,"Succeeded","gps","Elephantidae","Collar 5990","Collar 5990","Elephant Research - Ivory Coast - Collar 5990","2019-03-20","00:01:53"
"866",866,26593054495,"true",-5.830677,5.125578,"Succeeded","gps","Elephantidae","Collar 5990","Collar 5990","Elephant Research - Ivory Coast - Collar 5990","2019-03-20","02:01:54"
"867",867,26593054496,"true",-5.832909,5.125406,"Succeeded","gps","Elephantidae","Collar 5990","Collar 5990","Elephant Research - Ivory Coast - Collar 5990","2019-03-20","04:00:54"
"868",868,26593054497,"true",-5.832887,5.125696,"Succeeded","gps","Elephantidae","Collar 5990","Collar 5990","Elephant Research - Ivory Coast - Collar 5990","2019-03-20","06:02:31"
"869",869,26593054498,"true",-5.833456,5.126737,"Succeeded","gps","Elephantidae","Collar 5990","Collar 5990","Elephant Research - Ivory Coast - Collar 5990","2019-03-20","08:02:00"
"870",870,26593054499,"true",-5.833048,5.126683,"Succeeded","gps","Elephantidae","Collar 5990","Collar 5990","Elephant Research - Ivory Coast - Collar 5990","2019-03-20","10:02:36"
"871",871,26593054500,"true",-5.832072,5.127445,"Succeeded","gps","Elephantidae","Collar 5990","Collar 5990","Elephant Research - Ivory Coast - Collar 5990","2019-03-20","12:02:01"
"872",872,26593054501,"true",-5.832104,5.127509,"Succeeded","gps","Elephantidae","Collar 5990","Collar 5990","Elephant Research - Ivory Coast - Collar 5990","2019-03-20","14:01:06"
"873",873,26593054502,"true",-5.832533,5.127069,"Succeeded","gps","Elephantidae","Collar 5990","Collar 5990","Elephant Research - Ivory Coast - Collar 5990","2019-03-20","18:01:41"
"874",874,26593054503,"true",-5.828113,5.129108,"Succeeded","gps","Elephantidae","Collar 5990","Collar 5990","Elephant Research - Ivory Coast - Collar 5990","2019-03-20","20:00:50"
"875",875,26593054504,"true",-5.824851,5.13253,"Succeeded","gps","Elephantidae","Collar 5990","Collar 5990","Elephant Research - Ivory Coast - Collar 5990","2019-03-20","22:00:54"
"876",876,26593054505,"true",-5.826686,5.133968,"Succeeded","gps","Elephantidae","Collar 5990","Collar 5990","Elephant Research - Ivory Coast - Collar 5990","2019-03-21","00:00:51"
"877",877,26593054506,"true",-5.82925,5.133753,"Succeeded","gps","Elephantidae","Collar 5990","Collar 5990","Elephant Research - Ivory Coast - Collar 5990","2019-03-21","02:00:33"
"878",878,26593054507,"true",-5.831868,5.127584,"Succeeded","gps","Elephantidae","Collar 5990","Collar 5990","Elephant Research - Ivory Coast - Collar 5990","2019-03-21","04:00:54"
"879",879,26593054508,"true",-5.83308,5.126061,"Succeeded","gps","Elephantidae","Collar 5990","Collar 5990","Elephant Research - Ivory Coast - Collar 5990","2019-03-21","06:01:19"
"880",880,26593054509,"true",-5.841771,5.123947,"Succeeded","gps","Elephantidae","Collar 5990","Collar 5990","Elephant Research - Ivory Coast - Collar 5990","2019-03-21","10:02:06"
"881",881,26593054510,"true",-5.842007,5.12354,"Succeeded","gps","Elephantidae","Collar 5990","Collar 5990","Elephant Research - Ivory Coast - Collar 5990","2019-03-21","12:01:07"
"882",882,26593054511,"true",-5.84103,5.122606,"Succeeded","gps","Elephantidae","Collar 5990","Collar 5990","Elephant Research - Ivory Coast - Collar 5990","2019-03-21","14:02:49"
"883",883,26593054512,"true",-5.841277,5.123658,"Succeeded","gps","Elephantidae","Collar 5990","Collar 5990","Elephant Research - Ivory Coast - Collar 5990","2019-03-21","16:02:05"
"884",884,26593054513,"true",-5.842296,5.124999,"Succeeded","gps","Elephantidae","Collar 5990","Collar 5990","Elephant Research - Ivory Coast - Collar 5990","2019-03-21","18:01:01"
"885",885,26593054514,"true",-5.837597,5.127327,"Succeeded","gps","Elephantidae","Collar 5990","Collar 5990","Elephant Research - Ivory Coast - Collar 5990","2019-03-21","20:00:35"
"886",886,26593054515,"true",-5.835022,5.125921,"Succeeded","gps","Elephantidae","Collar 5990","Collar 5990","Elephant Research - Ivory Coast - Collar 5990","2019-03-21","22:00:36"
"887",887,26593054516,"true",-5.836986,5.12575,"Succeeded","gps","Elephantidae","Collar 5990","Collar 5990","Elephant Research - Ivory Coast - Collar 5990","2019-03-22","00:00:51"
"888",888,26593054517,"true",-5.841095,5.124666,"Succeeded","gps","Elephantidae","Collar 5990","Collar 5990","Elephant Research - Ivory Coast - Collar 5990","2019-03-22","02:01:42"
"889",889,26593054518,"true",-5.843455,5.12222,"Succeeded","gps","Elephantidae","Collar 5990","Collar 5990","Elephant Research - Ivory Coast - Collar 5990","2019-03-22","04:00:37"
"890",890,26593054519,"true",-5.841932,5.122424,"Succeeded","gps","Elephantidae","Collar 5990","Collar 5990","Elephant Research - Ivory Coast - Collar 5990","2019-03-22","06:01:07"
"891",891,26593054520,"true",-5.843294,5.12119,"Succeeded","gps","Elephantidae","Collar 5990","Collar 5990","Elephant Research - Ivory Coast - Collar 5990","2019-03-22","08:00:34"
"892",892,26593054521,"true",-5.8422,5.123432,"Succeeded","gps","Elephantidae","Collar 5990","Collar 5990","Elephant Research - Ivory Coast - Collar 5990","2019-03-22","10:01:55"
"893",893,26593054522,"true",-5.841706,5.125031,"Succeeded","gps","Elephantidae","Collar 5990","Collar 5990","Elephant Research - Ivory Coast - Collar 5990","2019-03-22","12:01:06"
"894",894,26593054523,"true",-5.841663,5.124816,"Succeeded","gps","Elephantidae","Collar 5990","Collar 5990","Elephant Research - Ivory Coast - Collar 5990","2019-03-22","14:01:55"
"895",895,26593054524,"true",-5.841374,5.12443,"Succeeded","gps","Elephantidae","Collar 5990","Collar 5990","Elephant Research - Ivory Coast - Collar 5990","2019-03-22","16:02:44"
"896",896,26593054525,"true",-5.839925,5.126372,"Succeeded","gps","Elephantidae","Collar 5990","Collar 5990","Elephant Research - Ivory Coast - Collar 5990","2019-03-22","18:01:01"
"897",897,26593054526,"true",-5.837243,5.132412,"Succeeded","gps","Elephantidae","Collar 5990","Collar 5990","Elephant Research - Ivory Coast - Collar 5990","2019-03-22","20:00:55"
"898",898,26593054527,"true",-5.841127,5.134258,"Succeeded","gps","Elephantidae","Collar 5990","Collar 5990","Elephant Research - Ivory Coast - Collar 5990","2019-03-23","00:01:44"
"899",899,26593054528,"true",-5.840719,5.131039,"Succeeded","gps","Elephantidae","Collar 5990","Collar 5990","Elephant Research - Ivory Coast - Collar 5990","2019-03-23","02:00:37"
"900",900,26593054529,"true",-5.841277,5.127992,"Succeeded","gps","Elephantidae","Collar 5990","Collar 5990","Elephant Research - Ivory Coast - Collar 5990","2019-03-23","04:02:12"
"901",901,26593054530,"true",-5.841352,5.127767,"Succeeded","gps","Elephantidae","Collar 5990","Collar 5990","Elephant Research - Ivory Coast - Collar 5990","2019-03-23","06:01:29"
"902",902,26593054531,"true",-5.845633,5.126361,"Succeeded","gps","Elephantidae","Collar 5990","Collar 5990","Elephant Research - Ivory Coast - Collar 5990","2019-03-23","08:01:35"
"903",903,26593054532,"true",-5.845719,5.125836,"Succeeded","gps","Elephantidae","Collar 5990","Collar 5990","Elephant Research - Ivory Coast - Collar 5990","2019-03-23","12:03:01"
"904",904,26593054533,"true",-5.846545,5.123743,"Succeeded","gps","Elephantidae","Collar 5990","Collar 5990","Elephant Research - Ivory Coast - Collar 5990","2019-03-23","14:02:32"
"905",905,26593054534,"true",-5.845655,5.12399,"Succeeded","gps","Elephantidae","Collar 5990","Collar 5990","Elephant Research - Ivory Coast - Collar 5990","2019-03-23","16:02:01"
"906",906,26593054535,"true",-5.84882,5.122188,"Succeeded","gps","Elephantidae","Collar 5990","Collar 5990","Elephant Research - Ivory Coast - Collar 5990","2019-03-23","18:01:06"
"907",907,26593054536,"true",-5.84897,5.118797,"Succeeded","gps","Elephantidae","Collar 5990","Collar 5990","Elephant Research - Ivory Coast - Collar 5990","2019-03-23","20:01:02"
"908",908,26593054537,"true",-5.849313,5.11619,"Succeeded","gps","Elephantidae","Collar 5990","Collar 5990","Elephant Research - Ivory Coast - Collar 5990","2019-03-23","22:00:34"
"909",909,26593054538,"true",-5.850053,5.117778,"Succeeded","gps","Elephantidae","Collar 5990","Collar 5990","Elephant Research - Ivory Coast - Collar 5990","2019-03-24","00:00:36"
"910",910,26593054539,"true",-5.847039,5.120879,"Succeeded","gps","Elephantidae","Collar 5990","Collar 5990","Elephant Research - Ivory Coast - Collar 5990","2019-03-24","02:00:54"
"911",911,26593054540,"true",-5.846663,5.120632,"Succeeded","gps","Elephantidae","Collar 5990","Collar 5990","Elephant Research - Ivory Coast - Collar 5990","2019-03-24","04:00:35"
"912",912,26593054541,"true",-5.845923,5.1206,"Succeeded","gps","Elephantidae","Collar 5990","Collar 5990","Elephant Research - Ivory Coast - Collar 5990","2019-03-24","06:00:39"
"913",913,26593054542,"true",-5.842715,5.123518,"Succeeded","gps","Elephantidae","Collar 5990","Collar 5990","Elephant Research - Ivory Coast - Collar 5990","2019-03-24","08:00:55"
"914",914,26593054543,"true",-5.842254,5.123507,"Succeeded","gps","Elephantidae","Collar 5990","Collar 5990","Elephant Research - Ivory Coast - Collar 5990","2019-03-24","10:02:25"
"915",915,26593054544,"true",-5.840998,5.123368,"Succeeded","gps","Elephantidae","Collar 5990","Collar 5990","Elephant Research - Ivory Coast - Collar 5990","2019-03-24","18:02:36"
"916",916,26593054545,"true",-5.835409,5.117864,"Succeeded","gps","Elephantidae","Collar 5990","Collar 5990","Elephant Research - Ivory Coast - Collar 5990","2019-03-24","20:00:36"
"917",917,26593054546,"true",-5.833628,5.120535,"Succeeded","gps","Elephantidae","Collar 5990","Collar 5990","Elephant Research - Ivory Coast - Collar 5990","2019-03-24","22:01:07"
"918",918,26593054547,"true",-5.835323,5.124913,"Succeeded","gps","Elephantidae","Collar 5990","Collar 5990","Elephant Research - Ivory Coast - Collar 5990","2019-03-25","00:00:50"
"919",919,26593054548,"true",-5.838627,5.125557,"Succeeded","gps","Elephantidae","Collar 5990","Collar 5990","Elephant Research - Ivory Coast - Collar 5990","2019-03-25","02:00:50"
"920",920,26593054549,"true",-5.841202,5.123067,"Succeeded","gps","Elephantidae","Collar 5990","Collar 5990","Elephant Research - Ivory Coast - Collar 5990","2019-03-25","06:01:31"
"921",921,26593054550,"true",-5.835366,5.12045,"Succeeded","gps","Elephantidae","Collar 5990","Collar 5990","Elephant Research - Ivory Coast - Collar 5990","2019-03-25","10:01:00"
"922",922,26593054551,"true",-5.83646,5.118958,"Succeeded","gps","Elephantidae","Collar 5990","Collar 5990","Elephant Research - Ivory Coast - Collar 5990","2019-03-25","12:00:49"
"923",923,26593054552,"true",-5.835645,5.117349,"Succeeded","gps","Elephantidae","Collar 5990","Collar 5990","Elephant Research - Ivory Coast - Collar 5990","2019-03-25","14:01:49"
"924",924,26593054553,"true",-5.833445,5.117607,"Succeeded","gps","Elephantidae","Collar 5990","Collar 5990","Elephant Research - Ivory Coast - Collar 5990","2019-03-25","16:01:36"
"925",925,26593054554,"true",-5.831321,5.117027,"Succeeded","gps","Elephantidae","Collar 5990","Collar 5990","Elephant Research - Ivory Coast - Collar 5990","2019-03-25","18:01:31"
"926",926,26593054555,"true",-5.830516,5.119463,"Succeeded","gps","Elephantidae","Collar 5990","Collar 5990","Elephant Research - Ivory Coast - Collar 5990","2019-03-25","20:01:06"
"927",927,26593054556,"true",-5.836428,5.120707,"Succeeded","gps","Elephantidae","Collar 5990","Collar 5990","Elephant Research - Ivory Coast - Collar 5990","2019-03-26","00:00:35"
"928",928,26593054557,"true",-5.837415,5.121254,"Succeeded","gps","Elephantidae","Collar 5990","Collar 5990","Elephant Research - Ivory Coast - Collar 5990","2019-03-26","02:00:37"
"929",929,26593054558,"true",-5.837501,5.121426,"Succeeded","gps","Elephantidae","Collar 5990","Collar 5990","Elephant Research - Ivory Coast - Collar 5990","2019-03-26","04:00:34"
"930",930,26593054559,"true",-5.838917,5.121158,"Succeeded","gps","Elephantidae","Collar 5990","Collar 5990","Elephant Research - Ivory Coast - Collar 5990","2019-03-26","06:02:30"
"931",931,26593054560,"true",-5.840923,5.116941,"Succeeded","gps","Elephantidae","Collar 5990","Collar 5990","Elephant Research - Ivory Coast - Collar 5990","2019-03-26","08:00:37"
"932",932,26593054561,"true",-5.845944,5.110343,"Succeeded","gps","Elephantidae","Collar 5990","Collar 5990","Elephant Research - Ivory Coast - Collar 5990","2019-03-26","10:03:00"
"933",933,26593054562,"true",-5.847242,5.109764,"Succeeded","gps","Elephantidae","Collar 5990","Collar 5990","Elephant Research - Ivory Coast - Collar 5990","2019-03-26","12:01:25"
"934",934,26593054563,"true",-5.85589,5.088231,"Succeeded","gps","Elephantidae","Collar 5990","Collar 5990","Elephant Research - Ivory Coast - Collar 5990","2019-03-26","20:01:07"
"935",935,26593054564,"true",-5.854012,5.08572,"Succeeded","gps","Elephantidae","Collar 5990","Collar 5990","Elephant Research - Ivory Coast - Collar 5990","2019-03-26","22:01:07"
"936",936,26593054565,"true",-5.851652,5.081279,"Succeeded","gps","Elephantidae","Collar 5990","Collar 5990","Elephant Research - Ivory Coast - Collar 5990","2019-03-27","02:01:04"
"937",937,26593054566,"true",-5.850354,5.079648,"Succeeded","gps","Elephantidae","Collar 5990","Collar 5990","Elephant Research - Ivory Coast - Collar 5990","2019-03-27","04:00:42"
"938",938,26593054567,"true",-5.850107,5.078478,"Succeeded","gps","Elephantidae","Collar 5990","Collar 5990","Elephant Research - Ivory Coast - Collar 5990","2019-03-27","06:01:03"
"939",939,26593054568,"true",-5.854227,5.079744,"Succeeded","gps","Elephantidae","Collar 5990","Collar 5990","Elephant Research - Ivory Coast - Collar 5990","2019-03-27","10:01:08"
"940",940,26593054569,"true",-5.852886,5.079433,"Succeeded","gps","Elephantidae","Collar 5990","Collar 5990","Elephant Research - Ivory Coast - Collar 5990","2019-03-27","12:01:01"
"941",941,26593054570,"true",-5.852993,5.080624,"Succeeded","gps","Elephantidae","Collar 5990","Collar 5990","Elephant Research - Ivory Coast - Collar 5990","2019-03-27","14:02:37"
"942",942,26593054571,"true",-5.852821,5.07997,"Succeeded","gps","Elephantidae","Collar 5990","Collar 5990","Elephant Research - Ivory Coast - Collar 5990","2019-03-27","16:01:32"
"943",943,26593054572,"true",-5.857574,5.077459,"Succeeded","gps","Elephantidae","Collar 5990","Collar 5990","Elephant Research - Ivory Coast - Collar 5990","2019-03-27","22:00:37"
"944",944,26593054573,"true",-5.856104,5.076215,"Succeeded","gps","Elephantidae","Collar 5990","Collar 5990","Elephant Research - Ivory Coast - Collar 5990","2019-03-28","00:02:25"
"945",945,26593054574,"true",-5.855761,5.07673,"Succeeded","gps","Elephantidae","Collar 5990","Collar 5990","Elephant Research - Ivory Coast - Collar 5990","2019-03-28","02:00:50"
"946",946,26593054575,"true",-5.855654,5.076773,"Succeeded","gps","Elephantidae","Collar 5990","Collar 5990","Elephant Research - Ivory Coast - Collar 5990","2019-03-28","04:01:26"
"947",947,26593054576,"true",-5.855353,5.076934,"Succeeded","gps","Elephantidae","Collar 5990","Collar 5990","Elephant Research - Ivory Coast - Collar 5990","2019-03-28","06:01:59"
"948",948,26593054577,"true",-5.854946,5.075914,"Succeeded","gps","Elephantidae","Collar 5990","Collar 5990","Elephant Research - Ivory Coast - Collar 5990","2019-03-28","10:01:06"
"949",949,26593054578,"true",-5.853841,5.076236,"Succeeded","gps","Elephantidae","Collar 5990","Collar 5990","Elephant Research - Ivory Coast - Collar 5990","2019-03-28","12:02:00"
"950",950,26593054579,"true",-5.858218,5.075389,"Succeeded","gps","Elephantidae","Collar 5990","Collar 5990","Elephant Research - Ivory Coast - Collar 5990","2019-03-28","20:00:35"
"951",951,26593054580,"true",-5.857467,5.074251,"Succeeded","gps","Elephantidae","Collar 5990","Collar 5990","Elephant Research - Ivory Coast - Collar 5990","2019-03-28","22:00:35"
"952",952,26593054581,"true",-5.851856,5.076901,"Succeeded","gps","Elephantidae","Collar 5990","Collar 5990","Elephant Research - Ivory Coast - Collar 5990","2019-03-29","00:01:37"
"953",953,26593054582,"true",-5.85412,5.082813,"Succeeded","gps","Elephantidae","Collar 5990","Collar 5990","Elephant Research - Ivory Coast - Collar 5990","2019-03-29","02:02:55"
"954",954,26593054583,"true",-5.855793,5.086686,"Succeeded","gps","Elephantidae","Collar 5990","Collar 5990","Elephant Research - Ivory Coast - Collar 5990","2019-03-29","04:01:07"
"955",955,26593054584,"true",-5.854345,5.092286,"Succeeded","gps","Elephantidae","Collar 5990","Collar 5990","Elephant Research - Ivory Coast - Collar 5990","2019-03-29","06:00:35"
"956",956,26593054585,"true",-5.853723,5.092104,"Succeeded","gps","Elephantidae","Collar 5990","Collar 5990","Elephant Research - Ivory Coast - Collar 5990","2019-03-29","08:01:25"
"957",957,26593054586,"true",-5.85604,5.09278,"Succeeded","gps","Elephantidae","Collar 5990","Collar 5990","Elephant Research - Ivory Coast - Collar 5990","2019-03-29","12:02:24"
"958",958,26593054587,"true",-5.853336,5.094668,"Succeeded","gps","Elephantidae","Collar 5990","Collar 5990","Elephant Research - Ivory Coast - Collar 5990","2019-03-29","14:02:36"
"959",959,26593054588,"true",-5.853272,5.094679,"Succeeded","gps","Elephantidae","Collar 5990","Collar 5990","Elephant Research - Ivory Coast - Collar 5990","2019-03-29","16:01:55"
"960",960,26593054589,"true",-5.852543,5.096921,"Succeeded","gps","Elephantidae","Collar 5990","Collar 5990","Elephant Research - Ivory Coast - Collar 5990","2019-03-29","18:00:36"
"961",961,26593054590,"true",-5.850375,5.100923,"Succeeded","gps","Elephantidae","Collar 5990","Collar 5990","Elephant Research - Ivory Coast - Collar 5990","2019-03-29","20:00:38"
"962",962,26593054591,"true",-5.844603,5.115107,"Succeeded","gps","Elephantidae","Collar 5990","Collar 5990","Elephant Research - Ivory Coast - Collar 5990","2019-03-29","22:01:18"
"963",963,26593054592,"true",-5.841127,5.122831,"Succeeded","gps","Elephantidae","Collar 5990","Collar 5990","Elephant Research - Ivory Coast - Collar 5990","2019-03-30","00:01:58"
"964",964,26593054593,"true",-5.841256,5.1231,"Succeeded","gps","Elephantidae","Collar 5990","Collar 5990","Elephant Research - Ivory Coast - Collar 5990","2019-03-30","02:00:55"
"965",965,26593054594,"true",-5.841202,5.12311,"Succeeded","gps","Elephantidae","Collar 5990","Collar 5990","Elephant Research - Ivory Coast - Collar 5990","2019-03-30","04:01:49"
"966",966,26593054595,"true",-5.840612,5.123679,"Succeeded","gps","Elephantidae","Collar 5990","Collar 5990","Elephant Research - Ivory Coast - Collar 5990","2019-03-30","06:01:00"
"967",967,26593054596,"true",-5.839164,5.121812,"Succeeded","gps","Elephantidae","Collar 5990","Collar 5990","Elephant Research - Ivory Coast - Collar 5990","2019-03-30","08:02:59"
"968",968,26593054597,"true",-5.835934,5.11795,"Succeeded","gps","Elephantidae","Collar 5990","Collar 5990","Elephant Research - Ivory Coast - Collar 5990","2019-03-30","12:01:19"
"969",969,26593054598,"true",-5.834947,5.118197,"Succeeded","gps","Elephantidae","Collar 5990","Collar 5990","Elephant Research - Ivory Coast - Collar 5990","2019-03-30","14:01:06"
"970",970,26593054599,"true",-5.832855,5.118068,"Succeeded","gps","Elephantidae","Collar 5990","Collar 5990","Elephant Research - Ivory Coast - Collar 5990","2019-03-30","18:01:02"
"971",971,26593054600,"true",-5.830666,5.115439,"Succeeded","gps","Elephantidae","Collar 5990","Collar 5990","Elephant Research - Ivory Coast - Collar 5990","2019-03-30","20:00:49"
"972",972,26593054601,"true",-5.830677,5.116995,"Succeeded","gps","Elephantidae","Collar 5990","Collar 5990","Elephant Research - Ivory Coast - Collar 5990","2019-03-30","22:00:36"
"973",973,26593054602,"true",-5.833864,5.116544,"Succeeded","gps","Elephantidae","Collar 5990","Collar 5990","Elephant Research - Ivory Coast - Collar 5990","2019-03-31","00:01:50"
"974",974,26593054603,"true",-5.833263,5.11781,"Succeeded","gps","Elephantidae","Collar 5990","Collar 5990","Elephant Research - Ivory Coast - Collar 5990","2019-03-31","02:00:36"
"975",975,26593054604,"true",-5.836031,5.119506,"Succeeded","gps","Elephantidae","Collar 5990","Collar 5990","Elephant Research - Ivory Coast - Collar 5990","2019-03-31","04:00:49"
"976",976,26593054605,"true",-5.836986,5.118358,"Succeeded","gps","Elephantidae","Collar 5990","Collar 5990","Elephant Research - Ivory Coast - Collar 5990","2019-03-31","06:01:00"
"977",977,26593054606,"true",-5.84103,5.11678,"Succeeded","gps","Elephantidae","Collar 5990","Collar 5990","Elephant Research - Ivory Coast - Collar 5990","2019-03-31","08:00:36"
"978",978,26593054607,"true",-5.846738,5.121287,"Succeeded","gps","Elephantidae","Collar 5990","Collar 5990","Elephant Research - Ivory Coast - Collar 5990","2019-03-31","10:00:49"
"979",979,26593054608,"true",-5.847167,5.121941,"Succeeded","gps","Elephantidae","Collar 5990","Collar 5990","Elephant Research - Ivory Coast - Collar 5990","2019-03-31","12:01:19"
"980",980,26593054609,"true",-5.846352,5.123475,"Succeeded","gps","Elephantidae","Collar 5990","Collar 5990","Elephant Research - Ivory Coast - Collar 5990","2019-03-31","14:01:25"
"981",981,26593054610,"true",-5.845976,5.123883,"Succeeded","gps","Elephantidae","Collar 5990","Collar 5990","Elephant Research - Ivory Coast - Collar 5990","2019-03-31","16:02:06"
"982",982,26593054611,"true",-5.84721,5.125106,"Succeeded","gps","Elephantidae","Collar 5990","Collar 5990","Elephant Research - Ivory Coast - Collar 5990","2019-03-31","18:01:31"
"983",983,26593054612,"true",-5.845944,5.131264,"Succeeded","gps","Elephantidae","Collar 5990","Collar 5990","Elephant Research - Ivory Coast - Collar 5990","2019-03-31","20:00:36"
"984",984,26593054613,"true",-5.847371,5.131189,"Succeeded","gps","Elephantidae","Collar 5990","Collar 5990","Elephant Research - Ivory Coast - Collar 5990","2019-03-31","22:01:06"
"985",985,26593054614,"true",-5.848079,5.12619,"Succeeded","gps","Elephantidae","Collar 5990","Collar 5990","Elephant Research - Ivory Coast - Collar 5990","2019-04-01","00:00:51"
"986",986,26593054615,"true",-5.846073,5.126479,"Succeeded","gps","Elephantidae","Collar 5990","Collar 5990","Elephant Research - Ivory Coast - Collar 5990","2019-04-01","02:01:37"
"987",987,26593054616,"true",-5.846202,5.126501,"Succeeded","gps","Elephantidae","Collar 5990","Collar 5990","Elephant Research - Ivory Coast - Collar 5990","2019-04-01","04:00:55"
"988",988,26593054617,"true",-5.845429,5.126018,"Succeeded","gps","Elephantidae","Collar 5990","Collar 5990","Elephant Research - Ivory Coast - Collar 5990","2019-04-01","06:01:31"
"989",989,26593054618,"true",-5.846406,5.123486,"Succeeded","gps","Elephantidae","Collar 5990","Collar 5990","Elephant Research - Ivory Coast - Collar 5990","2019-04-01","12:02:42"
"990",990,26593054619,"true",-5.846255,5.123926,"Succeeded","gps","Elephantidae","Collar 5990","Collar 5990","Elephant Research - Ivory Coast - Collar 5990","2019-04-01","16:01:55"
"991",991,26593054620,"true",-5.847371,5.12473,"Succeeded","gps","Elephantidae","Collar 5990","Collar 5990","Elephant Research - Ivory Coast - Collar 5990","2019-04-01","18:00:50"
"992",992,26593054621,"true",-5.847382,5.126898,"Succeeded","gps","Elephantidae","Collar 5990","Collar 5990","Elephant Research - Ivory Coast - Collar 5990","2019-04-01","20:00:37"
"993",993,26593054622,"true",-5.845107,5.128239,"Succeeded","gps","Elephantidae","Collar 5990","Collar 5990","Elephant Research - Ivory Coast - Collar 5990","2019-04-01","22:00:50"
"994",994,26593054623,"true",-5.843015,5.128797,"Succeeded","gps","Elephantidae","Collar 5990","Collar 5990","Elephant Research - Ivory Coast - Collar 5990","2019-04-02","00:01:00"
"995",995,26593054624,"true",-5.843949,5.12428,"Succeeded","gps","Elephantidae","Collar 5990","Collar 5990","Elephant Research - Ivory Coast - Collar 5990","2019-04-02","02:00:35"
"996",996,26593054625,"true",-5.846996,5.12355,"Succeeded","gps","Elephantidae","Collar 5990","Collar 5990","Elephant Research - Ivory Coast - Collar 5990","2019-04-02","04:01:01"
"997",997,26593054626,"true",-5.846964,5.123379,"Succeeded","gps","Elephantidae","Collar 5990","Collar 5990","Elephant Research - Ivory Coast - Collar 5990","2019-04-02","06:01:02"
"998",998,26593054627,"true",-5.845998,5.123615,"Succeeded","gps","Elephantidae","Collar 5990","Collar 5990","Elephant Research - Ivory Coast - Collar 5990","2019-04-02","08:02:02"
"999",999,26593054628,"true",-5.845494,5.120782,"Succeeded","gps","Elephantidae","Collar 5990","Collar 5990","Elephant Research - Ivory Coast - Collar 5990","2019-04-02","10:02:33"
"1000",1000,26593054629,"true",-5.846202,5.121533,"Succeeded","gps","Elephantidae","Collar 5990","Collar 5990","Elephant Research - Ivory Coast - Collar 5990","2019-04-02","12:01:31"
"1001",1001,26593054630,"true",-5.844077,5.122595,"Succeeded","gps","Elephantidae","Collar 5990","Collar 5990","Elephant Research - Ivory Coast - Collar 5990","2019-04-02","14:00:37"
"1002",1002,26593054631,"true",-5.84103,5.123636,"Succeeded","gps","Elephantidae","Collar 5990","Collar 5990","Elephant Research - Ivory Coast - Collar 5990","2019-04-02","16:01:32"
"1003",1003,26593054632,"true",-5.841878,5.119506,"Succeeded","gps","Elephantidae","Collar 5990","Collar 5990","Elephant Research - Ivory Coast - Collar 5990","2019-04-02","18:00:36"
"1004",1004,26593054633,"true",-5.846363,5.114924,"Succeeded","gps","Elephantidae","Collar 5990","Collar 5990","Elephant Research - Ivory Coast - Collar 5990","2019-04-02","20:00:35"
"1005",1005,26593054634,"true",-5.845869,5.116652,"Succeeded","gps","Elephantidae","Collar 5990","Collar 5990","Elephant Research - Ivory Coast - Collar 5990","2019-04-02","22:00:41"
"1006",1006,26593054635,"true",-5.847875,5.117885,"Succeeded","gps","Elephantidae","Collar 5990","Collar 5990","Elephant Research - Ivory Coast - Collar 5990","2019-04-03","00:00:37"
"1007",1007,26593054636,"true",-5.847082,5.120857,"Succeeded","gps","Elephantidae","Collar 5990","Collar 5990","Elephant Research - Ivory Coast - Collar 5990","2019-04-03","02:01:07"
"1008",1008,26593054637,"true",-5.847543,5.120825,"Succeeded","gps","Elephantidae","Collar 5990","Collar 5990","Elephant Research - Ivory Coast - Collar 5990","2019-04-03","04:02:31"
"1009",1009,26593054638,"true",-5.847296,5.121523,"Succeeded","gps","Elephantidae","Collar 5990","Collar 5990","Elephant Research - Ivory Coast - Collar 5990","2019-04-03","06:00:50"
"1010",1010,26593054639,"true",-5.847822,5.123228,"Succeeded","gps","Elephantidae","Collar 5990","Collar 5990","Elephant Research - Ivory Coast - Collar 5990","2019-04-03","08:01:01"
"1011",1011,26593054640,"true",-5.847918,5.125031,"Succeeded","gps","Elephantidae","Collar 5990","Collar 5990","Elephant Research - Ivory Coast - Collar 5990","2019-04-03","10:01:36"
"1012",1012,26593054641,"true",-5.849614,5.123432,"Succeeded","gps","Elephantidae","Collar 5990","Collar 5990","Elephant Research - Ivory Coast - Collar 5990","2019-04-03","12:01:01"
"1013",1013,26593054642,"true",-5.847479,5.124494,"Succeeded","gps","Elephantidae","Collar 5990","Collar 5990","Elephant Research - Ivory Coast - Collar 5990","2019-04-03","14:02:07"
"1014",1014,26593054643,"true",-5.846663,5.124173,"Succeeded","gps","Elephantidae","Collar 5990","Collar 5990","Elephant Research - Ivory Coast - Collar 5990","2019-04-03","16:01:37"
"1015",1015,26593054644,"true",-5.846942,5.12487,"Succeeded","gps","Elephantidae","Collar 5990","Collar 5990","Elephant Research - Ivory Coast - Collar 5990","2019-04-03","18:00:55"
"1016",1016,26593054645,"true",-5.851631,5.122531,"Succeeded","gps","Elephantidae","Collar 5990","Collar 5990","Elephant Research - Ivory Coast - Collar 5990","2019-04-03","20:00:36"
"1017",1017,26593054646,"true",-5.849871,5.125074,"Succeeded","gps","Elephantidae","Collar 5990","Collar 5990","Elephant Research - Ivory Coast - Collar 5990","2019-04-03","22:00:49"
"1018",1018,26593054647,"true",-5.846738,5.124044,"Succeeded","gps","Elephantidae","Collar 5990","Collar 5990","Elephant Research - Ivory Coast - Collar 5990","2019-04-04","00:00:52"
"1019",1019,26593054648,"true",-5.846878,5.123776,"Succeeded","gps","Elephantidae","Collar 5990","Collar 5990","Elephant Research - Ivory Coast - Collar 5990","2019-04-04","02:00:49"
"1020",1020,26593054649,"true",-5.847275,5.1231,"Succeeded","gps","Elephantidae","Collar 5990","Collar 5990","Elephant Research - Ivory Coast - Collar 5990","2019-04-04","04:00:54"
"1021",1021,26593054650,"true",-5.849302,5.12222,"Succeeded","gps","Elephantidae","Collar 5990","Collar 5990","Elephant Research - Ivory Coast - Collar 5990","2019-04-04","06:02:05"
"1022",1022,26593054651,"true",-5.846309,5.126383,"Succeeded","gps","Elephantidae","Collar 5990","Collar 5990","Elephant Research - Ivory Coast - Collar 5990","2019-04-04","10:02:41"
"1023",1023,26593054652,"true",-5.845762,5.125803,"Succeeded","gps","Elephantidae","Collar 5990","Collar 5990","Elephant Research - Ivory Coast - Collar 5990","2019-04-04","12:01:00"
"1024",1024,26593054653,"true",-5.846041,5.125106,"Succeeded","gps","Elephantidae","Collar 5990","Collar 5990","Elephant Research - Ivory Coast - Collar 5990","2019-04-04","14:02:00"
"1025",1025,26593054654,"true",-5.845676,5.125213,"Succeeded","gps","Elephantidae","Collar 5990","Collar 5990","Elephant Research - Ivory Coast - Collar 5990","2019-04-04","16:02:29"
"1026",1026,26593054655,"true",-5.843562,5.126597,"Succeeded","gps","Elephantidae","Collar 5990","Collar 5990","Elephant Research - Ivory Coast - Collar 5990","2019-04-04","18:01:05"
"1027",1027,26593054656,"true",-5.844195,5.129204,"Succeeded","gps","Elephantidae","Collar 5990","Collar 5990","Elephant Research - Ivory Coast - Collar 5990","2019-04-04","20:00:33"
"1028",1028,26593054657,"true",-5.840301,5.133206,"Succeeded","gps","Elephantidae","Collar 5990","Collar 5990","Elephant Research - Ivory Coast - Collar 5990","2019-04-04","22:00:50"
"1029",1029,26593054658,"true",-5.838037,5.131221,"Succeeded","gps","Elephantidae","Collar 5990","Collar 5990","Elephant Research - Ivory Coast - Collar 5990","2019-04-05","00:01:01"
"1030",1030,26593054659,"true",-5.845451,5.123379,"Succeeded","gps","Elephantidae","Collar 5990","Collar 5990","Elephant Research - Ivory Coast - Collar 5990","2019-04-05","02:00:49"
"1031",1031,26593054660,"true",-5.846599,5.124076,"Succeeded","gps","Elephantidae","Collar 5990","Collar 5990","Elephant Research - Ivory Coast - Collar 5990","2019-04-05","04:01:24"
"1032",1032,26593054661,"true",-5.846727,5.124827,"Succeeded","gps","Elephantidae","Collar 5990","Collar 5990","Elephant Research - Ivory Coast - Collar 5990","2019-04-05","06:00:54"
"1033",1033,26593054662,"true",-5.845311,5.126243,"Succeeded","gps","Elephantidae","Collar 5990","Collar 5990","Elephant Research - Ivory Coast - Collar 5990","2019-04-05","08:01:00"
"1034",1034,26593054663,"true",-5.843874,5.127584,"Succeeded","gps","Elephantidae","Collar 5990","Collar 5990","Elephant Research - Ivory Coast - Collar 5990","2019-04-05","10:00:37"
"1035",1035,26593054664,"true",-5.845601,5.12576,"Succeeded","gps","Elephantidae","Collar 5990","Collar 5990","Elephant Research - Ivory Coast - Collar 5990","2019-04-05","12:01:35"
"1036",1036,26593054665,"true",-5.846073,5.124334,"Succeeded","gps","Elephantidae","Collar 5990","Collar 5990","Elephant Research - Ivory Coast - Collar 5990","2019-04-05","14:01:50"
"1037",1037,26593054666,"true",-5.845869,5.123894,"Succeeded","gps","Elephantidae","Collar 5990","Collar 5990","Elephant Research - Ivory Coast - Collar 5990","2019-04-05","16:01:55"
"1038",1038,26593054667,"true",-5.846846,5.121769,"Succeeded","gps","Elephantidae","Collar 5990","Collar 5990","Elephant Research - Ivory Coast - Collar 5990","2019-04-05","18:01:44"
"1039",1039,26593054668,"true",-5.838456,5.127048,"Succeeded","gps","Elephantidae","Collar 5990","Collar 5990","Elephant Research - Ivory Coast - Collar 5990","2019-04-05","20:00:49"
"1040",1040,26593054669,"true",-5.833005,5.123432,"Succeeded","gps","Elephantidae","Collar 5990","Collar 5990","Elephant Research - Ivory Coast - Collar 5990","2019-04-05","22:01:07"
"1041",1041,26593054670,"true",-5.836653,5.122134,"Succeeded","gps","Elephantidae","Collar 5990","Collar 5990","Elephant Research - Ivory Coast - Collar 5990","2019-04-06","00:01:56"
"1042",1042,26593054671,"true",-5.837136,5.121683,"Succeeded","gps","Elephantidae","Collar 5990","Collar 5990","Elephant Research - Ivory Coast - Collar 5990","2019-04-06","02:01:01"
"1043",1043,26593054672,"true",-5.841524,5.123035,"Succeeded","gps","Elephantidae","Collar 5990","Collar 5990","Elephant Research - Ivory Coast - Collar 5990","2019-04-06","06:01:00"
"1044",1044,26593054673,"true",-5.845665,5.121211,"Succeeded","gps","Elephantidae","Collar 5990","Collar 5990","Elephant Research - Ivory Coast - Collar 5990","2019-04-06","08:00:50"
"1045",1045,26593054674,"true",-5.846803,5.120782,"Succeeded","gps","Elephantidae","Collar 5990","Collar 5990","Elephant Research - Ivory Coast - Collar 5990","2019-04-06","10:02:01"
"1046",1046,26593054675,"true",-5.845129,5.121866,"Succeeded","gps","Elephantidae","Collar 5990","Collar 5990","Elephant Research - Ivory Coast - Collar 5990","2019-04-06","12:01:08"
"1047",1047,26593054676,"true",-5.843176,5.123153,"Succeeded","gps","Elephantidae","Collar 5990","Collar 5990","Elephant Research - Ivory Coast - Collar 5990","2019-04-06","14:02:01"
"1048",1048,26593054677,"true",-5.841621,5.123282,"Succeeded","gps","Elephantidae","Collar 5990","Collar 5990","Elephant Research - Ivory Coast - Collar 5990","2019-04-06","16:02:31"
"1049",1049,26593054678,"true",-5.841792,5.124462,"Succeeded","gps","Elephantidae","Collar 5990","Collar 5990","Elephant Research - Ivory Coast - Collar 5990","2019-04-06","18:01:30"
"1050",1050,26593054679,"true",-5.846481,5.121909,"Succeeded","gps","Elephantidae","Collar 5990","Collar 5990","Elephant Research - Ivory Coast - Collar 5990","2019-04-06","20:00:38"
"1051",1051,26593054680,"true",-5.846695,5.117049,"Succeeded","gps","Elephantidae","Collar 5990","Collar 5990","Elephant Research - Ivory Coast - Collar 5990","2019-04-06","22:00:50"
"1052",1052,26593054681,"true",-5.844314,5.121168,"Succeeded","gps","Elephantidae","Collar 5990","Collar 5990","Elephant Research - Ivory Coast - Collar 5990","2019-04-07","00:00:40"
"1053",1053,26593054682,"true",-5.841191,5.123175,"Succeeded","gps","Elephantidae","Collar 5990","Collar 5990","Elephant Research - Ivory Coast - Collar 5990","2019-04-07","02:01:02"
"1054",1054,26593054683,"true",-5.841084,5.123207,"Succeeded","gps","Elephantidae","Collar 5990","Collar 5990","Elephant Research - Ivory Coast - Collar 5990","2019-04-07","04:00:54"
"1055",1055,26593054684,"true",-5.846041,5.124312,"Succeeded","gps","Elephantidae","Collar 5990","Collar 5990","Elephant Research - Ivory Coast - Collar 5990","2019-04-07","08:01:25"
"1056",1056,26593054685,"true",-5.847983,5.125363,"Succeeded","gps","Elephantidae","Collar 5990","Collar 5990","Elephant Research - Ivory Coast - Collar 5990","2019-04-07","10:01:42"
"1057",1057,26593054686,"true",-5.846459,5.125578,"Succeeded","gps","Elephantidae","Collar 5990","Collar 5990","Elephant Research - Ivory Coast - Collar 5990","2019-04-07","12:03:02"
"1058",1058,26593054687,"true",-5.8478,5.125932,"Succeeded","gps","Elephantidae","Collar 5990","Collar 5990","Elephant Research - Ivory Coast - Collar 5990","2019-04-07","18:01:00"
"1059",1059,26593054688,"true",-5.846931,5.128925,"Succeeded","gps","Elephantidae","Collar 5990","Collar 5990","Elephant Research - Ivory Coast - Collar 5990","2019-04-07","20:00:42"
"1060",1060,26593054689,"true",-5.847242,5.13208,"Succeeded","gps","Elephantidae","Collar 5990","Collar 5990","Elephant Research - Ivory Coast - Collar 5990","2019-04-07","22:00:47"
"1061",1061,26593054690,"true",-5.845526,5.12796,"Succeeded","gps","Elephantidae","Collar 5990","Collar 5990","Elephant Research - Ivory Coast - Collar 5990","2019-04-08","00:00:36"
"1062",1062,26593054691,"true",-5.845429,5.1259,"Succeeded","gps","Elephantidae","Collar 5990","Collar 5990","Elephant Research - Ivory Coast - Collar 5990","2019-04-08","02:01:00"
"1063",1063,26593054692,"true",-5.844228,5.126114,"Succeeded","gps","Elephantidae","Collar 5990","Collar 5990","Elephant Research - Ivory Coast - Collar 5990","2019-04-08","04:00:39"
"1064",1064,26593054693,"true",-5.843906,5.125557,"Succeeded","gps","Elephantidae","Collar 5990","Collar 5990","Elephant Research - Ivory Coast - Collar 5990","2019-04-08","06:01:37"
"1065",1065,26593054694,"true",-5.846567,5.124956,"Succeeded","gps","Elephantidae","Collar 5990","Collar 5990","Elephant Research - Ivory Coast - Collar 5990","2019-04-08","08:01:30"
"1066",1066,26593054695,"true",-5.84309,5.127112,"Succeeded","gps","Elephantidae","Collar 5990","Collar 5990","Elephant Research - Ivory Coast - Collar 5990","2019-04-08","10:01:06"
"1067",1067,26593054696,"true",-5.844077,5.12781,"Succeeded","gps","Elephantidae","Collar 5990","Collar 5990","Elephant Research - Ivory Coast - Collar 5990","2019-04-08","12:01:06"
"1068",1068,26593054697,"true",-5.843874,5.127509,"Succeeded","gps","Elephantidae","Collar 5990","Collar 5990","Elephant Research - Ivory Coast - Collar 5990","2019-04-08","14:00:40"
"1069",1069,26593054698,"true",-5.844185,5.127241,"Succeeded","gps","Elephantidae","Collar 5990","Collar 5990","Elephant Research - Ivory Coast - Collar 5990","2019-04-08","16:00:55"
"1070",1070,26593054699,"true",-5.842522,5.128722,"Succeeded","gps","Elephantidae","Collar 5990","Collar 5990","Elephant Research - Ivory Coast - Collar 5990","2019-04-08","18:00:36"
"1071",1071,26593054700,"true",-5.842447,5.129054,"Succeeded","gps","Elephantidae","Collar 5990","Collar 5990","Elephant Research - Ivory Coast - Collar 5990","2019-04-08","20:00:39"
"1072",1072,26593054701,"true",-5.842007,5.127713,"Succeeded","gps","Elephantidae","Collar 5990","Collar 5990","Elephant Research - Ivory Coast - Collar 5990","2019-04-08","22:01:59"
"1073",1073,26593054702,"true",-5.841095,5.125063,"Succeeded","gps","Elephantidae","Collar 5990","Collar 5990","Elephant Research - Ivory Coast - Collar 5990","2019-04-09","00:00:50"
"1074",1074,26593054703,"true",-5.841052,5.122907,"Succeeded","gps","Elephantidae","Collar 5990","Collar 5990","Elephant Research - Ivory Coast - Collar 5990","2019-04-09","02:00:35"
"1075",1075,26593054704,"true",-5.841095,5.122928,"Succeeded","gps","Elephantidae","Collar 5990","Collar 5990","Elephant Research - Ivory Coast - Collar 5990","2019-04-09","04:02:05"
"1076",1076,26593054705,"true",-5.84117,5.122434,"Succeeded","gps","Elephantidae","Collar 5990","Collar 5990","Elephant Research - Ivory Coast - Collar 5990","2019-04-09","06:01:30"
"1077",1077,26593054706,"true",-5.846459,5.120278,"Succeeded","gps","Elephantidae","Collar 5990","Collar 5990","Elephant Research - Ivory Coast - Collar 5990","2019-04-09","08:00:36"
"1078",1078,26593054707,"true",-5.84485,5.121126,"Succeeded","gps","Elephantidae","Collar 5990","Collar 5990","Elephant Research - Ivory Coast - Collar 5990","2019-04-09","10:01:00"
"1079",1079,26593054708,"true",-5.84677,5.121319,"Succeeded","gps","Elephantidae","Collar 5990","Collar 5990","Elephant Research - Ivory Coast - Collar 5990","2019-04-09","12:01:30"
"1080",1080,26593054709,"true",-5.84632,5.123121,"Succeeded","gps","Elephantidae","Collar 5990","Collar 5990","Elephant Research - Ivory Coast - Collar 5990","2019-04-09","14:00:48"
"1081",1081,26593054710,"true",-5.845461,5.125245,"Succeeded","gps","Elephantidae","Collar 5990","Collar 5990","Elephant Research - Ivory Coast - Collar 5990","2019-04-09","16:01:43"
"1082",1082,26593054711,"true",-5.843723,5.12531,"Succeeded","gps","Elephantidae","Collar 5990","Collar 5990","Elephant Research - Ivory Coast - Collar 5990","2019-04-09","18:01:54"
"1083",1083,26593054712,"true",-5.839207,5.126351,"Succeeded","gps","Elephantidae","Collar 5990","Collar 5990","Elephant Research - Ivory Coast - Collar 5990","2019-04-09","20:00:54"
"1084",1084,26593054713,"true",-5.839185,5.126629,"Succeeded","gps","Elephantidae","Collar 5990","Collar 5990","Elephant Research - Ivory Coast - Collar 5990","2019-04-09","22:00:54"
"1085",1085,26593054714,"true",-5.842275,5.1262,"Succeeded","gps","Elephantidae","Collar 5990","Collar 5990","Elephant Research - Ivory Coast - Collar 5990","2019-04-10","00:00:36"
"1086",1086,26593054715,"true",-5.843595,5.126018,"Succeeded","gps","Elephantidae","Collar 5990","Collar 5990","Elephant Research - Ivory Coast - Collar 5990","2019-04-10","02:00:50"
"1087",1087,26593054716,"true",-5.843831,5.125825,"Succeeded","gps","Elephantidae","Collar 5990","Collar 5990","Elephant Research - Ivory Coast - Collar 5990","2019-04-10","04:00:50"
"1088",1088,26593054717,"true",-5.84485,5.124859,"Succeeded","gps","Elephantidae","Collar 5990","Collar 5990","Elephant Research - Ivory Coast - Collar 5990","2019-04-10","06:01:01"
"1089",1089,26593054718,"true",-5.846298,5.125396,"Succeeded","gps","Elephantidae","Collar 5990","Collar 5990","Elephant Research - Ivory Coast - Collar 5990","2019-04-10","08:02:24"
"1090",1090,26593054719,"true",-5.846652,5.124076,"Succeeded","gps","Elephantidae","Collar 5990","Collar 5990","Elephant Research - Ivory Coast - Collar 5990","2019-04-10","10:01:53"
"1091",1091,26593054720,"true",-5.844067,5.122713,"Succeeded","gps","Elephantidae","Collar 5990","Collar 5990","Elephant Research - Ivory Coast - Collar 5990","2019-04-10","12:00:34"
"1092",1092,26593054721,"true",-5.84191,5.123282,"Succeeded","gps","Elephantidae","Collar 5990","Collar 5990","Elephant Research - Ivory Coast - Collar 5990","2019-04-10","14:03:00"
"1093",1093,26593054722,"true",-5.841449,5.123561,"Succeeded","gps","Elephantidae","Collar 5990","Collar 5990","Elephant Research - Ivory Coast - Collar 5990","2019-04-10","16:01:38"
"1094",1094,26593054723,"true",-5.836739,5.1184,"Succeeded","gps","Elephantidae","Collar 5990","Collar 5990","Elephant Research - Ivory Coast - Collar 5990","2019-04-10","18:01:07"
"1095",1095,26593054724,"true",-5.833982,5.116555,"Succeeded","gps","Elephantidae","Collar 5990","Collar 5990","Elephant Research - Ivory Coast - Collar 5990","2019-04-10","20:00:45"
"1096",1096,26593054725,"true",-5.832233,5.115901,"Succeeded","gps","Elephantidae","Collar 5990","Collar 5990","Elephant Research - Ivory Coast - Collar 5990","2019-04-10","22:00:55"
"1097",1097,26593054726,"true",-5.833209,5.115429,"Succeeded","gps","Elephantidae","Collar 5990","Collar 5990","Elephant Research - Ivory Coast - Collar 5990","2019-04-11","00:01:02"
"1098",1098,26593054727,"true",-5.833198,5.118572,"Succeeded","gps","Elephantidae","Collar 5990","Collar 5990","Elephant Research - Ivory Coast - Collar 5990","2019-04-11","02:00:39"
"1099",1099,26593054728,"true",-5.833188,5.118755,"Succeeded","gps","Elephantidae","Collar 5990","Collar 5990","Elephant Research - Ivory Coast - Collar 5990","2019-04-11","04:00:41"
"1100",1100,26593054729,"true",-5.832469,5.119055,"Succeeded","gps","Elephantidae","Collar 5990","Collar 5990","Elephant Research - Ivory Coast - Collar 5990","2019-04-11","06:01:24"
"1101",1101,26593054730,"true",-5.835602,5.118604,"Succeeded","gps","Elephantidae","Collar 5990","Collar 5990","Elephant Research - Ivory Coast - Collar 5990","2019-04-11","08:02:01"
"1102",1102,26593054731,"true",-5.83985,5.121136,"Succeeded","gps","Elephantidae","Collar 5990","Collar 5990","Elephant Research - Ivory Coast - Collar 5990","2019-04-11","10:00:50"
"1103",1103,26593054732,"true",-5.841599,5.124924,"Succeeded","gps","Elephantidae","Collar 5990","Collar 5990","Elephant Research - Ivory Coast - Collar 5990","2019-04-11","14:02:31"
"1104",1104,26593054733,"true",-5.841835,5.119892,"Succeeded","gps","Elephantidae","Collar 5990","Collar 5990","Elephant Research - Ivory Coast - Collar 5990","2019-04-11","18:00:55"
"1105",1105,26593054734,"true",-5.848112,5.115622,"Succeeded","gps","Elephantidae","Collar 5990","Collar 5990","Elephant Research - Ivory Coast - Collar 5990","2019-04-11","20:00:38"
"1106",1106,26593054735,"true",-5.84765,5.112253,"Succeeded","gps","Elephantidae","Collar 5990","Collar 5990","Elephant Research - Ivory Coast - Collar 5990","2019-04-11","22:00:50"
