"","X","event.id","visible","lon","lat","algorithm.marked.outlier","external.temperature","ground.speed","height.above.ellipsoid","manually.marked.outlier","sensor.type","individual.taxon.canonical.name","tag.local.identifier","id","study.name","date","hour"
"1",1,33097583063,"true",23.1491744516407,-21.5732675703867,NA,45,0.000255930204744,1014.7,NA,"gps","Panthera leo","GSM08449","pepe","African lions in Central Kalahari Botswana","2010-06-01","15:00:00"
"2",2,33097583070,"true",23.1491822316204,-21.5732223181435,NA,44,NA,1010.7,NA,"gps","Panthera leo","GSM08449","pepe","African lions in Central Kalahari Botswana","2010-06-01","15:06:00"
"3",3,33097583056,"true",23.1491672161812,-21.5732270271284,NA,43,NA,1014.9,NA,"gps","Panthera leo","GSM08449","pepe","African lions in Central Kalahari Botswana","2010-06-01","15:12:00"
"4",4,33097583072,"true",23.1491835713756,-21.573231331217,NA,42,NA,1013.5,NA,"gps","Panthera leo","GSM08449","pepe","African lions in Central Kalahari Botswana","2010-06-01","15:15:00"
"5",5,33097583060,"true",23.1491707692738,-21.5732224660865,NA,41,NA,1013.7,NA,"gps","Panthera leo","GSM08449","pepe","African lions in Central Kalahari Botswana","2010-06-01","15:20:00"
"6",6,33097583061,"true",23.1491724459264,-21.5732134140806,NA,40,NA,1015.7,NA,"gps","Panthera leo","GSM08449","pepe","African lions in Central Kalahari Botswana","2010-06-01","15:26:00"
"7",7,33097583073,"true",23.1491877316641,-21.5731861256926,NA,39,0.005068972944064,1018.7,NA,"gps","Panthera leo","GSM08449","pepe","African lions in Central Kalahari Botswana","2010-06-01","15:30:00"
"8",8,33097583067,"true",23.1491770723894,-21.5731998088191,NA,38,NA,1016.6,NA,"gps","Panthera leo","GSM08449","pepe","African lions in Central Kalahari Botswana","2010-06-01","15:35:00"
"9",9,33097583078,"true",23.1491950964078,-21.5732763342915,NA,38,NA,1020.6,NA,"gps","Panthera leo","GSM08449","pepe","African lions in Central Kalahari Botswana","2010-06-01","15:40:00"
"10",10,33097583076,"true",23.1491926166847,-21.5732718511145,NA,37,NA,1015.8,NA,"gps","Panthera leo","GSM08449","pepe","African lions in Central Kalahari Botswana","2010-06-01","15:45:00"
"11",11,33097583080,"true",23.1491978464286,-21.573258238066,NA,35,NA,1016.6,NA,"gps","Panthera leo","GSM08449","pepe","African lions in Central Kalahari Botswana","2010-06-01","15:50:00"
"12",12,33097583081,"true",23.1491978464286,-21.573258238066,NA,35,NA,1016.6,NA,"gps","Panthera leo","GSM08449","pepe","African lions in Central Kalahari Botswana","2010-06-01","15:55:00"
"13",13,33097583084,"true",23.1491999226606,-21.573276271999,NA,33,0.005589070026808,1022.2,NA,"gps","Panthera leo","GSM08449","pepe","African lions in Central Kalahari Botswana","2010-06-01","16:00:00"
"14",14,33097583087,"true",23.1492053521951,-21.5732762019197,NA,33,NA,1015.3,NA,"gps","Panthera leo","GSM08449","pepe","African lions in Central Kalahari Botswana","2010-06-01","16:05:00"
"15",15,33097583085,"true",23.1492011958208,-21.573280770749,NA,32,NA,1024.7,NA,"gps","Panthera leo","GSM08449","pepe","African lions in Central Kalahari Botswana","2010-06-01","16:10:00"
"16",16,33097583079,"true",23.1491951630045,-21.5732808486147,NA,31,NA,1012.8,NA,"gps","Panthera leo","GSM08449","pepe","African lions in Central Kalahari Botswana","2010-06-01","16:15:00"
"17",17,33097583082,"true",23.1491988492912,-21.5732853162184,NA,31,NA,1020.2,NA,"gps","Panthera leo","GSM08449","pepe","African lions in Central Kalahari Botswana","2010-06-01","16:20:00"
"18",18,33097583089,"true",23.1492080317102,-21.5732942280658,NA,31,NA,1029.1,NA,"gps","Panthera leo","GSM08449","pepe","African lions in Central Kalahari Botswana","2010-06-01","16:25:00"
"19",19,33097583086,"true",23.1492037421414,-21.5732897682489,NA,30,0.000598352145348,1021.7,NA,"gps","Panthera leo","GSM08449","pepe","African lions in Central Kalahari Botswana","2010-06-01","16:30:00"
"20",20,33097583095,"true",23.1492164110562,-21.5732896047299,NA,30,NA,1021.3,NA,"gps","Panthera leo","GSM08449","pepe","African lions in Central Kalahari Botswana","2010-06-01","16:35:00"
"21",21,33097583092,"true",23.1492115182057,-21.5732851526999,NA,30,NA,1019.7,NA,"gps","Panthera leo","GSM08449","pepe","African lions in Central Kalahari Botswana","2010-06-01","16:40:00"
"22",22,33097583088,"true",23.1492064255642,-21.5732671577002,NA,29,NA,1017.3,NA,"gps","Panthera leo","GSM08449","pepe","African lions in Central Kalahari Botswana","2010-06-01","16:45:00"
"23",23,33097583103,"true",23.1492281437005,-21.5732668773813,NA,29,NA,1017.2,NA,"gps","Panthera leo","GSM08449","pepe","African lions in Central Kalahari Botswana","2010-06-01","16:50:00"
"24",24,33097583074,"true",23.1491887306091,-21.573253840541,NA,29,NA,1007.7,NA,"gps","Panthera leo","GSM08449","pepe","African lions in Central Kalahari Botswana","2010-06-01","16:55:00"
"25",25,33097583123,"true",23.1493319669818,-21.5733513257474,NA,28,0.008300683307208,1012.9,NA,"gps","Panthera leo","GSM08449","pepe","African lions in Central Kalahari Botswana","2010-06-01","17:00:00"
"26",26,33097583523,"true",23.1507730144731,-21.5740145107168,NA,28,NA,1011.3,NA,"gps","Panthera leo","GSM08449","pepe","African lions in Central Kalahari Botswana","2010-06-01","17:05:00"
"27",27,33097583676,"true",23.1510354645378,-21.5729500535016,NA,28,NA,1011,NA,"gps","Panthera leo","GSM08449","pepe","African lions in Central Kalahari Botswana","2010-06-01","17:10:00"
"28",28,33097583538,"true",23.1508338951108,-21.5699229714323,NA,28,NA,1010.4,NA,"gps","Panthera leo","GSM08449","pepe","African lions in Central Kalahari Botswana","2010-06-01","17:15:00"
"29",29,33097583393,"true",23.1504861968121,-21.5678685386992,NA,27,NA,1013.9,NA,"gps","Panthera leo","GSM08449","pepe","African lions in Central Kalahari Botswana","2010-06-01","17:20:00"
"30",30,33097583536,"true",23.1508264087966,-21.565900041233,NA,27,NA,1014,NA,"gps","Panthera leo","GSM08449","pepe","African lions in Central Kalahari Botswana","2010-06-01","17:25:00"
"31",31,33097583906,"true",23.1513604164892,-21.5636129776823,NA,27,0.610163894797392,1015.4,NA,"gps","Panthera leo","GSM08449","pepe","African lions in Central Kalahari Botswana","2010-06-01","17:30:00"
"32",32,33097584234,"true",23.1519532044745,-21.561180667915,NA,27,NA,1014.3,NA,"gps","Panthera leo","GSM08449","pepe","African lions in Central Kalahari Botswana","2010-06-01","17:35:00"
"33",33,33097584786,"true",23.1530849723344,-21.5589265146536,NA,26,NA,1017.5,NA,"gps","Panthera leo","GSM08449","pepe","African lions in Central Kalahari Botswana","2010-06-01","17:40:00"
"34",34,33097585096,"true",23.1539016285202,-21.5567035205522,NA,26,NA,1016.6,NA,"gps","Panthera leo","GSM08449","pepe","African lions in Central Kalahari Botswana","2010-06-01","17:45:00"
"35",35,33097585235,"true",23.1541165370131,-21.5544657279905,NA,26,NA,1013,NA,"gps","Panthera leo","GSM08449","pepe","African lions in Central Kalahari Botswana","2010-06-01","17:50:00"
"36",36,33097585055,"true",23.1537340144413,-21.5530754814095,NA,26,NA,1013.5,NA,"gps","Panthera leo","GSM08449","pepe","African lions in Central Kalahari Botswana","2010-06-01","17:55:00"
"37",37,33097584772,"true",23.1530071075455,-21.5521412013192,NA,26,0.712153801389252,1011.7,NA,"gps","Panthera leo","GSM08449","pepe","African lions in Central Kalahari Botswana","2010-06-01","18:00:00"
"38",38,33097584561,"true",23.1524001693717,-21.5505461506909,NA,26,NA,1012.4,NA,"gps","Panthera leo","GSM08449","pepe","African lions in Central Kalahari Botswana","2010-06-01","18:05:00"
"39",39,33097584127,"true",23.1518180030943,-21.5486663199522,NA,26,NA,1013.6,NA,"gps","Panthera leo","GSM08449","pepe","African lions in Central Kalahari Botswana","2010-06-01","18:10:00"
"40",40,33097584135,"true",23.1518526548694,-21.5465166426421,NA,26,NA,1017.2,NA,"gps","Panthera leo","GSM08449","pepe","African lions in Central Kalahari Botswana","2010-06-01","18:15:00"
"41",41,33097584730,"true",23.1528790017198,-21.5447695571876,NA,26,NA,1015.3,NA,"gps","Panthera leo","GSM08449","pepe","African lions in Central Kalahari Botswana","2010-06-01","18:20:00"
"42",42,33097584873,"true",23.1532947293104,-21.5430574464958,NA,25,NA,1015.3,NA,"gps","Panthera leo","GSM08449","pepe","African lions in Central Kalahari Botswana","2010-06-01","18:25:00"
"43",43,33097584871,"true",23.1532938882477,-21.5427143030754,NA,25,0.580517690524892,1014.2,NA,"gps","Panthera leo","GSM08449","pepe","African lions in Central Kalahari Botswana","2010-06-01","18:30:00"
"44",44,33097584889,"true",23.1533037385653,-21.5427277214031,NA,25,NA,1009.6,NA,"gps","Panthera leo","GSM08449","pepe","African lions in Central Kalahari Botswana","2010-06-01","18:35:00"
"45",45,33097584891,"true",23.1533054814061,-21.5427231837028,NA,25,NA,1011.7,NA,"gps","Panthera leo","GSM08449","pepe","African lions in Central Kalahari Botswana","2010-06-01","18:40:00"
"46",46,33097584899,"true",23.1533127858699,-21.5427276045387,NA,25,NA,1009.9,NA,"gps","Panthera leo","GSM08449","pepe","African lions in Central Kalahari Botswana","2010-06-01","18:45:00"
"47",47,33097584865,"true",23.1532851074216,-21.5427324772488,NA,25,NA,1014.6,NA,"gps","Panthera leo","GSM08449","pepe","African lions in Central Kalahari Botswana","2010-06-01","18:50:00"
"48",48,33097584880,"true",23.1532976404089,-21.5427232849849,NA,25,NA,1013.7,NA,"gps","Panthera leo","GSM08449","pepe","African lions in Central Kalahari Botswana","2010-06-01","18:55:00"
"49",49,33097584878,"true",23.1532975071693,-21.5427142563299,NA,24,0.0002222224,1013.4,NA,"gps","Panthera leo","GSM08449","pepe","African lions in Central Kalahari Botswana","2010-06-01","19:00:00"
"50",50,33097584879,"true",23.1532975071693,-21.5427142563299,NA,24,NA,1013.4,NA,"gps","Panthera leo","GSM08449","pepe","African lions in Central Kalahari Botswana","2010-06-01","19:05:00"
"51",51,33097584887,"true",23.1533016626245,-21.542709687466,NA,23,NA,1012.1,NA,"gps","Panthera leo","GSM08449","pepe","African lions in Central Kalahari Botswana","2010-06-01","19:10:00"
"52",52,33097584872,"true",23.1532938882477,-21.5427143030754,NA,23,NA,1014.2,NA,"gps","Panthera leo","GSM08449","pepe","African lions in Central Kalahari Botswana","2010-06-01","19:15:00"
"53",53,33097584877,"true",23.1532974405494,-21.5427097420024,NA,23,NA,1013,NA,"gps","Panthera leo","GSM08449","pepe","African lions in Central Kalahari Botswana","2010-06-01","19:20:00"
"54",54,33097584881,"true",23.1532979104634,-21.5427007055565,NA,23,NA,1012.6,NA,"gps","Panthera leo","GSM08449","pepe","African lions in Central Kalahari Botswana","2010-06-01","19:25:00"
"55",55,33097584867,"true",23.1532888631603,-21.54270082242,NA,23,0.00074742420905,1012.3,NA,"gps","Panthera leo","GSM08449","pepe","African lions in Central Kalahari Botswana","2010-06-01","19:30:00"
"56",56,33097584866,"true",23.1532851776197,-21.5426963548377,NA,22,NA,1013.1,NA,"gps","Panthera leo","GSM08449","pepe","African lions in Central Kalahari Botswana","2010-06-01","19:35:00"
"57",57,33097584870,"true",23.1532926819405,-21.5427143186572,NA,22,NA,1011.8,NA,"gps","Panthera leo","GSM08449","pepe","African lions in Central Kalahari Botswana","2010-06-01","19:40:00"
"58",58,33097584858,"true",23.1532761933549,-21.5427416227669,NA,22,NA,1006.4,NA,"gps","Panthera leo","GSM08449","pepe","African lions in Central Kalahari Botswana","2010-06-01","19:45:00"
"59",59,33097584861,"true",23.1532798158572,-21.5427009392829,NA,22,NA,1011.9,NA,"gps","Panthera leo","GSM08449","pepe","African lions in Central Kalahari Botswana","2010-06-01","19:50:00"
"60",60,33097584839,"true",23.1532582391533,-21.5426696116679,NA,21,NA,1010.5,NA,"gps","Panthera leo","GSM08449","pepe","African lions in Central Kalahari Botswana","2010-06-01","19:55:00"
"61",61,33097584888,"true",23.1533026690718,-21.5426961289016,NA,21,0.001001542745678,1013.8,NA,"gps","Panthera leo","GSM08449","pepe","African lions in Central Kalahari Botswana","2010-06-01","20:00:00"
"62",62,33097584900,"true",23.1533127894411,-21.5426869678006,NA,21,NA,1016.3,NA,"gps","Panthera leo","GSM08449","pepe","African lions in Central Kalahari Botswana","2010-06-01","20:05:00"
"63",63,33097584893,"true",23.1533062879929,-21.542696082156,NA,21,NA,1013,NA,"gps","Panthera leo","GSM08449","pepe","African lions in Central Kalahari Botswana","2010-06-01","20:10:00"
"64",64,33097584930,"true",23.1533423439611,-21.5426865860408,NA,21,NA,1022.3,NA,"gps","Panthera leo","GSM08449","pepe","African lions in Central Kalahari Botswana","2010-06-01","20:15:00"
"65",65,33097584883,"true",23.1532991167705,-21.5427006899747,NA,21,NA,1015.1,NA,"gps","Panthera leo","GSM08449","pepe","African lions in Central Kalahari Botswana","2010-06-01","20:20:00"
"66",66,33097584894,"true",23.15330756092,-21.5427005809016,NA,20,NA,1015.4,NA,"gps","Panthera leo","GSM08449","pepe","African lions in Central Kalahari Botswana","2010-06-01","20:25:00"
"67",67,33097584895,"true",23.15330756092,-21.5427005809016,NA,20,0.000621130496904,1015.4,NA,"gps","Panthera leo","GSM08449","pepe","African lions in Central Kalahari Botswana","2010-06-01","20:30:00"
"68",68,33097584890,"true",23.1533050816859,-21.5426960977379,NA,20,NA,1018.7,NA,"gps","Panthera leo","GSM08449","pepe","African lions in Central Kalahari Botswana","2010-06-01","20:35:00"
"69",69,33097584897,"true",23.1533102400149,-21.5427186070476,NA,20,NA,1021.1,NA,"gps","Panthera leo","GSM08449","pepe","African lions in Central Kalahari Botswana","2010-06-01","20:40:00"
"70",70,33097584901,"true",23.1533131225423,-21.5427095394379,NA,21,NA,1017.4,NA,"gps","Panthera leo","GSM08449","pepe","African lions in Central Kalahari Botswana","2010-06-01","20:45:00"
"71",71,33097584902,"true",23.1533131225423,-21.5427095394379,NA,21,NA,1017.4,NA,"gps","Panthera leo","GSM08449","pepe","African lions in Central Kalahari Botswana","2010-06-01","20:50:00"
"72",72,33097584910,"true",23.1533216999334,-21.5427184590189,NA,21,NA,1018.1,NA,"gps","Panthera leo","GSM08449","pepe","African lions in Central Kalahari Botswana","2010-06-01","20:55:00"
"73",73,33097584914,"true",23.1533265917829,-21.5427229110182,NA,21,0.001532569559388,1019.7,NA,"gps","Panthera leo","GSM08449","pepe","African lions in Central Kalahari Botswana","2010-06-01","21:00:00"
"74",74,33097584920,"true",23.1533308804791,-21.5427273708084,NA,21,NA,1018.9,NA,"gps","Panthera leo","GSM08449","pepe","African lions in Central Kalahari Botswana","2010-06-01","21:05:00"
"75",75,33097585453,"true",23.1549051318614,-21.541564686739,NA,21,NA,1017.4,NA,"gps","Panthera leo","GSM08449","pepe","African lions in Central Kalahari Botswana","2010-06-01","21:10:00"
"76",76,33097586022,"true",23.1571070134619,-21.5406241440659,NA,21,NA,1017.9,NA,"gps","Panthera leo","GSM08449","pepe","African lions in Central Kalahari Botswana","2010-06-01","21:15:00"
"77",77,33097586531,"true",23.1593490115079,-21.5395837207094,NA,22,NA,1017.5,NA,"gps","Panthera leo","GSM08449","pepe","African lions in Central Kalahari Botswana","2010-06-01","21:20:00"
"78",78,33097587226,"true",23.1614835635302,-21.5381744181464,NA,22,NA,1017.8,NA,"gps","Panthera leo","GSM08449","pepe","African lions in Central Kalahari Botswana","2010-06-01","21:25:00"
"79",79,33097588211,"true",23.1640928581586,-21.5372149618223,NA,22,0.706231040539936,1020.7,NA,"gps","Panthera leo","GSM08449","pepe","African lions in Central Kalahari Botswana","2010-06-01","21:30:00"
"80",80,33097588865,"true",23.1661826910294,-21.5369033692716,NA,23,NA,1026,NA,"gps","Panthera leo","GSM08449","pepe","African lions in Central Kalahari Botswana","2010-06-01","21:35:00"
"81",81,33097589405,"true",23.1686553535252,-21.5360088322197,NA,23,NA,1018.2,NA,"gps","Panthera leo","GSM08449","pepe","African lions in Central Kalahari Botswana","2010-06-01","21:40:00"
"82",82,33097590256,"true",23.1711676600242,-21.5353078958643,NA,23,NA,1019.5,NA,"gps","Panthera leo","GSM08449","pepe","African lions in Central Kalahari Botswana","2010-06-01","21:45:00"
"83",83,33097591905,"true",23.1741899108598,-21.534744759798,NA,23,NA,1019.7,NA,"gps","Panthera leo","GSM08449","pepe","African lions in Central Kalahari Botswana","2010-06-01","21:50:00"
"84",84,33097592410,"true",23.176807035102,-21.5340378598418,NA,24,NA,1015.6,NA,"gps","Panthera leo","GSM08449","pepe","African lions in Central Kalahari Botswana","2010-06-01","21:55:00"
"85",85,33097592709,"true",23.1779096544627,-21.5340731292173,NA,24,0.818541392054812,1017,NA,"gps","Panthera leo","GSM08449","pepe","African lions in Central Kalahari Botswana","2010-06-01","22:00:00"
"86",86,33097593260,"true",23.1804557268713,-21.5335386769532,NA,24,NA,1016.9,NA,"gps","Panthera leo","GSM08449","pepe","African lions in Central Kalahari Botswana","2010-06-01","22:05:00"
"87",87,33097593719,"true",23.1822122920433,-21.5340620301854,NA,24,NA,1017.1,NA,"gps","Panthera leo","GSM08449","pepe","African lions in Central Kalahari Botswana","2010-06-01","22:10:00"
"88",88,33097593724,"true",23.1822375550217,-21.5340571844542,NA,24,NA,1015.8,NA,"gps","Panthera leo","GSM08449","pepe","African lions in Central Kalahari Botswana","2010-06-01","22:15:00"
"89",89,33097593727,"true",23.1822466016153,-21.5340570660655,NA,24,NA,1016.1,NA,"gps","Panthera leo","GSM08449","pepe","African lions in Central Kalahari Botswana","2010-06-01","22:20:00"
"90",90,33097593725,"true",23.1822375550217,-21.5340571844542,NA,24,NA,1015.8,NA,"gps","Panthera leo","GSM08449","pepe","African lions in Central Kalahari Botswana","2010-06-01","22:25:00"
"91",91,33097593722,"true",23.182228508428,-21.5340573028424,NA,24,0.248621241396834,1023.6,NA,"gps","Panthera leo","GSM08449","pepe","African lions in Central Kalahari Botswana","2010-06-01","22:30:00"
"92",92,33097594088,"true",23.1835467093234,-21.5341484100556,NA,24,NA,1017.8,NA,"gps","Panthera leo","GSM08449","pepe","African lions in Central Kalahari Botswana","2010-06-01","22:35:00"
"93",93,33097594595,"true",23.18564649963,-21.5344685656022,NA,24,NA,1020.8,NA,"gps","Panthera leo","GSM08449","pepe","African lions in Central Kalahari Botswana","2010-06-01","22:40:00"
"94",94,33097595555,"true",23.1886676529844,-21.5348443299151,NA,24,NA,1018.8,NA,"gps","Panthera leo","GSM08449","pepe","African lions in Central Kalahari Botswana","2010-06-01","22:45:00"
"95",95,33097595902,"true",23.1900083525691,-21.5356304168975,NA,24,NA,1021.3,NA,"gps","Panthera leo","GSM08449","pepe","African lions in Central Kalahari Botswana","2010-06-01","22:50:00"
"96",96,33097595915,"true",23.1900588235388,-21.5356974806653,NA,24,NA,1021.9,NA,"gps","Panthera leo","GSM08449","pepe","African lions in Central Kalahari Botswana","2010-06-01","22:55:00"
"97",97,33097595914,"true",23.190055001683,-21.535683985531,NA,24,0.461550658684676,1022.4,NA,"gps","Panthera leo","GSM08449","pepe","African lions in Central Kalahari Botswana","2010-06-01","23:00:00"
"98",98,33097595912,"true",23.1900363052789,-21.5356842310931,NA,24,NA,1019.2,NA,"gps","Panthera leo","GSM08449","pepe","African lions in Central Kalahari Botswana","2010-06-01","23:05:00"
"99",99,33097595911,"true",23.1900338863663,-21.5356436268681,NA,24,NA,1020.7,NA,"gps","Panthera leo","GSM08449","pepe","African lions in Central Kalahari Botswana","2010-06-01","23:10:00"
"100",100,33097595923,"true",23.1900714888458,-21.5356973143152,NA,24,NA,1021.4,NA,"gps","Panthera leo","GSM08449","pepe","African lions in Central Kalahari Botswana","2010-06-01","23:15:00"
"101",101,33097595938,"true",23.1901007702939,-21.5356788692782,NA,23,NA,1018.5,NA,"gps","Panthera leo","GSM08449","pepe","African lions in Central Kalahari Botswana","2010-06-01","23:20:00"
"102",102,33097595925,"true",23.190079193808,-21.5356881828945,NA,23,NA,1019,NA,"gps","Panthera leo","GSM08449","pepe","African lions in Central Kalahari Botswana","2010-06-01","23:25:00"
"103",103,33097596128,"true",23.1905545622627,-21.5368152309421,NA,23,0.075310118859158,1018.5,NA,"gps","Panthera leo","GSM08449","pepe","African lions in Central Kalahari Botswana","2010-06-01","23:30:00"
"104",104,33097596345,"true",23.1912971490928,-21.5385031535171,NA,23,NA,1016.5,NA,"gps","Panthera leo","GSM08449","pepe","African lions in Central Kalahari Botswana","2010-06-01","23:35:00"
"105",105,33097596778,"true",23.1926112316272,-21.5404454319998,NA,23,NA,1010.9,NA,"gps","Panthera leo","GSM08449","pepe","African lions in Central Kalahari Botswana","2010-06-01","23:40:00"
"106",106,33097597074,"true",23.1933475607626,-21.5413929476039,NA,23,NA,1013.9,NA,"gps","Panthera leo","GSM08449","pepe","African lions in Central Kalahari Botswana","2010-06-01","23:45:00"
"107",107,33097597797,"true",23.1949871950759,-21.543678581467,NA,23,NA,1009.7,NA,"gps","Panthera leo","GSM08449","pepe","African lions in Central Kalahari Botswana","2010-06-01","23:50:00"
"108",108,33097598575,"true",23.1973839665635,-21.5453221025609,NA,23,NA,1009.8,NA,"gps","Panthera leo","GSM08449","pepe","African lions in Central Kalahari Botswana","2010-06-01","23:55:00"
"109",109,33097600265,"true",23.1999847516458,-21.5473692497211,NA,23,0.846175139995126,1012.9,NA,"gps","Panthera leo","GSM08449","pepe","African lions in Central Kalahari Botswana","2010-06-02","00:00:00"
"110",110,33097601207,"true",23.2027511996023,-21.5464793611832,NA,23,NA,1022,NA,"gps","Panthera leo","GSM08449","pepe","African lions in Central Kalahari Botswana","2010-06-02","00:05:00"
"111",111,33097602296,"true",23.2052772061507,-21.5455293993065,NA,23,NA,1022.5,NA,"gps","Panthera leo","GSM08449","pepe","African lions in Central Kalahari Botswana","2010-06-02","00:10:00"
"112",112,33097603000,"true",23.2074100432227,-21.5445123673981,NA,24,NA,1021.5,NA,"gps","Panthera leo","GSM08449","pepe","African lions in Central Kalahari Botswana","2010-06-02","00:15:00"
"113",113,33097604288,"true",23.2105037518909,-21.5451621736787,NA,24,NA,1021.1,NA,"gps","Panthera leo","GSM08449","pepe","African lions in Central Kalahari Botswana","2010-06-02","00:20:00"
"114",114,33097605371,"true",23.2138635166293,-21.5449369815558,NA,24,NA,1019.6,NA,"gps","Panthera leo","GSM08449","pepe","African lions in Central Kalahari Botswana","2010-06-02","00:25:00"
"115",115,33097606215,"true",23.2162551340647,-21.5446388117071,NA,24,0.951452869217242,1015.6,NA,"gps","Panthera leo","GSM08449","pepe","African lions in Central Kalahari Botswana","2010-06-02","00:30:00"
"116",116,33097606645,"true",23.2180219033971,-21.5449449096539,NA,24,NA,1017.4,NA,"gps","Panthera leo","GSM08449","pepe","African lions in Central Kalahari Botswana","2010-06-02","00:35:00"
"117",117,33097606634,"true",23.2180068936088,-21.5449496244283,NA,24,NA,1013.4,NA,"gps","Panthera leo","GSM08449","pepe","African lions in Central Kalahari Botswana","2010-06-02","00:40:00"
"118",118,33097606633,"true",23.2180067563514,-21.5449405961669,NA,24,NA,1013,NA,"gps","Panthera leo","GSM08449","pepe","African lions in Central Kalahari Botswana","2010-06-02","00:45:00"
"119",119,33097606647,"true",23.2180233841873,-21.5449629501251,NA,24,NA,1020.6,NA,"gps","Panthera leo","GSM08449","pepe","African lions in Central Kalahari Botswana","2010-06-02","00:50:00"
"120",120,33097606641,"true",23.2180158034014,-21.5449404757808,NA,24,NA,1013.4,NA,"gps","Panthera leo","GSM08449","pepe","African lions in Central Kalahari Botswana","2010-06-02","00:55:00"
"121",121,33097606635,"true",23.2180082371397,-21.5449586366383,NA,23,0.102856568674078,1016.2,NA,"gps","Panthera leo","GSM08449","pepe","African lions in Central Kalahari Botswana","2010-06-02","01:00:00"
"122",122,33097606639,"true",23.2180116500735,-21.5449450460918,NA,23,NA,1014.6,NA,"gps","Panthera leo","GSM08449","pepe","African lions in Central Kalahari Botswana","2010-06-02","01:05:00"
"123",123,33097606649,"true",23.2180267971197,-21.5449493595783,NA,23,NA,1010.8,NA,"gps","Panthera leo","GSM08449","pepe","African lions in Central Kalahari Botswana","2010-06-02","01:10:00"
"124",124,33097606646,"true",23.2180221779138,-21.5449629661766,NA,23,NA,1010,NA,"gps","Panthera leo","GSM08449","pepe","African lions in Central Kalahari Botswana","2010-06-02","01:15:00"
"125",125,33097606653,"true",23.2180383794462,-21.5449176001475,NA,22,NA,1006.4,NA,"gps","Panthera leo","GSM08449","pepe","African lions in Central Kalahari Botswana","2010-06-02","01:20:00"
"126",126,33097606629,"true",23.218001534007,-21.5449542107905,NA,22,NA,1012.1,NA,"gps","Panthera leo","GSM08449","pepe","African lions in Central Kalahari Botswana","2010-06-02","01:25:00"
"127",127,33097606644,"true",23.2180209030111,-21.5449584680975,NA,22,0.0007222228,1007.5,NA,"gps","Panthera leo","GSM08449","pepe","African lions in Central Kalahari Botswana","2010-06-02","01:30:00"
"128",128,33097606619,"true",23.2179890740203,-21.5449679217221,NA,22,NA,1005.2,NA,"gps","Panthera leo","GSM08449","pepe","African lions in Central Kalahari Botswana","2010-06-02","01:35:00"
"129",129,33097606618,"true",23.2179867987294,-21.5449769820863,NA,22,NA,1008.8,NA,"gps","Panthera leo","GSM08449","pepe","African lions in Central Kalahari Botswana","2010-06-02","01:40:00"
"130",130,33097606623,"true",23.2179956398965,-21.5449633193089,NA,22,NA,1008.8,NA,"gps","Panthera leo","GSM08449","pepe","African lions in Central Kalahari Botswana","2010-06-02","01:45:00"
"131",131,33097606621,"true",23.2179951740165,-21.5449723555961,NA,22,NA,1009.2,NA,"gps","Panthera leo","GSM08449","pepe","African lions in Central Kalahari Botswana","2010-06-02","01:50:00"
"132",132,33097606627,"true",23.2179994646026,-21.544976813547,NA,21,NA,1008.4,NA,"gps","Panthera leo","GSM08449","pepe","African lions in Central Kalahari Botswana","2010-06-02","01:55:00"
"133",133,33097606622,"true",23.2179951740165,-21.5449723555961,NA,21,0.001599576835216,1009.2,NA,"gps","Panthera leo","GSM08449","pepe","African lions in Central Kalahari Botswana","2010-06-02","02:00:00"
"134",134,33097606616,"true",23.217981370498,-21.5449770543172,NA,21,NA,1007.6,NA,"gps","Panthera leo","GSM08449","pepe","African lions in Central Kalahari Botswana","2010-06-02","02:05:00"
"135",135,33097606630,"true",23.218001534007,-21.5449542107905,NA,21,NA,1012.1,NA,"gps","Panthera leo","GSM08449","pepe","African lions in Central Kalahari Botswana","2010-06-02","02:10:00"
"136",136,33097606994,"true",23.2193611396377,-21.5434777551827,NA,21,NA,1009.1,NA,"gps","Panthera leo","GSM08449","pepe","African lions in Central Kalahari Botswana","2010-06-02","02:15:00"
"137",137,33097608298,"true",23.2232151872189,-21.5428755636481,NA,21,NA,1010.1,NA,"gps","Panthera leo","GSM08449","pepe","African lions in Central Kalahari Botswana","2010-06-02","02:20:00"
"138",138,33097609575,"true",23.2267370977755,-21.5423319023297,NA,21,NA,1007.3,NA,"gps","Panthera leo","GSM08449","pepe","African lions in Central Kalahari Botswana","2010-06-02","02:25:00"
"139",139,33097611014,"true",23.2299475232188,-21.541697519892,NA,21,0.716929304931874,1007.9,NA,"gps","Panthera leo","GSM08449","pepe","African lions in Central Kalahari Botswana","2010-06-02","02:30:00"
"140",140,33097612318,"true",23.2328912424731,-21.5412969156094,NA,21,NA,1005.9,NA,"gps","Panthera leo","GSM08449","pepe","African lions in Central Kalahari Botswana","2010-06-02","02:35:00"
"141",141,33097614350,"true",23.2357883542364,-21.5407298302621,NA,21,NA,1006.3,NA,"gps","Panthera leo","GSM08449","pepe","African lions in Central Kalahari Botswana","2010-06-02","02:40:00"
"142",142,33097615413,"true",23.2389246447269,-21.5401053041184,NA,21,NA,1007.3,NA,"gps","Panthera leo","GSM08449","pepe","African lions in Central Kalahari Botswana","2010-06-02","02:45:00"
"143",143,33097615985,"true",23.2403350440089,-21.5399509068434,NA,21,NA,1002.4,NA,"gps","Panthera leo","GSM08449","pepe","African lions in Central Kalahari Botswana","2010-06-02","02:50:00"
"144",144,33097616478,"true",23.2412668296342,-21.5397803579069,NA,21,NA,1006.7,NA,"gps","Panthera leo","GSM08449","pepe","African lions in Central Kalahari Botswana","2010-06-02","02:55:00"
"145",145,33097617260,"true",23.2430522562638,-21.5391829418135,NA,21,0.770063121327782,1005.2,NA,"gps","Panthera leo","GSM08449","pepe","African lions in Central Kalahari Botswana","2010-06-02","03:00:00"
"146",146,33097618374,"true",23.2465803197113,-21.538620729384,NA,21,NA,1005.4,NA,"gps","Panthera leo","GSM08449","pepe","African lions in Central Kalahari Botswana","2010-06-02","03:05:00"
"147",147,33097617266,"true",23.2430775385375,-21.53921872158,NA,21,NA,1005.7,NA,"gps","Panthera leo","GSM08449","pepe","African lions in Central Kalahari Botswana","2010-06-02","03:10:00"
"148",148,33097615587,"true",23.2395432949079,-21.5400879646038,NA,21,NA,1006.9,NA,"gps","Panthera leo","GSM08449","pepe","African lions in Central Kalahari Botswana","2010-06-02","03:15:00"
"149",149,33097615437,"true",23.2390564685933,-21.5401261086867,NA,21,NA,1004,NA,"gps","Panthera leo","GSM08449","pepe","African lions in Central Kalahari Botswana","2010-06-02","03:20:00"
"150",150,33097615453,"true",23.2390872271064,-21.5401256955774,NA,21,NA,1004.3,NA,"gps","Panthera leo","GSM08449","pepe","African lions in Central Kalahari Botswana","2010-06-02","03:25:00"
"151",151,33097615443,"true",23.2390655152149,-21.5401259871846,NA,21,0.236755030792762,1004.4,NA,"gps","Panthera leo","GSM08449","pepe","African lions in Central Kalahari Botswana","2010-06-02","03:30:00"
"152",152,33097615436,"true",23.2390529884697,-21.5401351854244,NA,21,NA,1005.2,NA,"gps","Panthera leo","GSM08449","pepe","African lions in Central Kalahari Botswana","2010-06-02","03:35:00"
"153",153,33097616939,"true",23.2421932600156,-21.5394970011352,NA,21,NA,1004.7,NA,"gps","Panthera leo","GSM08449","pepe","African lions in Central Kalahari Botswana","2010-06-02","03:40:00"
"154",154,33097617834,"true",23.2449294457617,-21.539532419056,NA,21,NA,1005,NA,"gps","Panthera leo","GSM08449","pepe","African lions in Central Kalahari Botswana","2010-06-02","03:45:00"
"155",155,33097619027,"true",23.2482297471275,-21.5410230382974,NA,21,NA,1006.9,NA,"gps","Panthera leo","GSM08449","pepe","African lions in Central Kalahari Botswana","2010-06-02","03:50:00"
"156",156,33097619874,"true",23.2499965739599,-21.5409811413111,NA,21,NA,1001.9,NA,"gps","Panthera leo","GSM08449","pepe","African lions in Central Kalahari Botswana","2010-06-02","03:55:00"
"157",157,33097619865,"true",23.2499790372098,-21.5409001084757,NA,21,0.630053963209434,1005.7,NA,"gps","Panthera leo","GSM08449","pepe","African lions in Central Kalahari Botswana","2010-06-02","04:00:00"
"158",158,33097619876,"true",23.2500014913678,-21.5409088353661,NA,21,NA,1008.3,NA,"gps","Panthera leo","GSM08449","pepe","African lions in Central Kalahari Botswana","2010-06-02","04:05:00"
"159",159,33097619868,"true",23.2499839316672,-21.5409045573906,NA,21,NA,1007.2,NA,"gps","Panthera leo","GSM08449","pepe","African lions in Central Kalahari Botswana","2010-06-02","04:10:00"
"160",160,33097619935,"true",23.2501817311696,-21.5416829779589,NA,21,NA,1006.3,NA,"gps","Panthera leo","GSM08449","pepe","African lions in Central Kalahari Botswana","2010-06-02","04:15:00"
"161",161,33097620569,"true",23.2510803543576,-21.5446416959947,NA,21,NA,1009.1,NA,"gps","Panthera leo","GSM08449","pepe","African lions in Central Kalahari Botswana","2010-06-02","04:20:00"
"162",162,33097620951,"true",23.2522305210839,-21.5463463610747,NA,21,NA,1008.6,NA,"gps","Panthera leo","GSM08449","pepe","African lions in Central Kalahari Botswana","2010-06-02","04:25:00"
"163",163,33097621541,"true",23.2540390185129,-21.5468501637861,NA,21,0.434339710249268,1008.5,NA,"gps","Panthera leo","GSM08449","pepe","African lions in Central Kalahari Botswana","2010-06-02","04:30:00"
"164",164,33097621681,"true",23.2546069097936,-21.5497139969982,NA,21,NA,1011.1,NA,"gps","Panthera leo","GSM08449","pepe","African lions in Central Kalahari Botswana","2010-06-02","04:35:00"
"165",165,33097621471,"true",23.2537733174052,-21.5521814108704,NA,21,NA,1013.6,NA,"gps","Panthera leo","GSM08449","pepe","African lions in Central Kalahari Botswana","2010-06-02","04:40:00"
"166",166,33097620998,"true",23.2524387620971,-21.5542447334251,NA,21,NA,1014.3,NA,"gps","Panthera leo","GSM08449","pepe","African lions in Central Kalahari Botswana","2010-06-02","04:45:00"
"167",167,33097620386,"true",23.2506222355416,-21.557447815049,NA,21,NA,1012.4,NA,"gps","Panthera leo","GSM08449","pepe","African lions in Central Kalahari Botswana","2010-06-02","04:50:00"
"168",168,33097619603,"true",23.249333736502,-21.5595691907441,NA,21,NA,1014.2,NA,"gps","Panthera leo","GSM08449","pepe","African lions in Central Kalahari Botswana","2010-06-02","04:55:00"
"169",169,33097618666,"true",23.2474343987989,-21.5622225376519,NA,21,1.01914797753995,1012.7,NA,"gps","Panthera leo","GSM08449","pepe","African lions in Central Kalahari Botswana","2010-06-02","05:00:00"
"170",170,33097618153,"true",23.2456926188001,-21.5647292638371,NA,21,NA,1015.5,NA,"gps","Panthera leo","GSM08449","pepe","African lions in Central Kalahari Botswana","2010-06-02","05:05:00"
"171",171,33097617532,"true",23.2440990407975,-21.5668727806424,NA,21,NA,1013.2,NA,"gps","Panthera leo","GSM08449","pepe","African lions in Central Kalahari Botswana","2010-06-02","05:10:00"
"172",172,33097617209,"true",23.2428256831445,-21.5690480926108,NA,21,NA,1013.5,NA,"gps","Panthera leo","GSM08449","pepe","African lions in Central Kalahari Botswana","2010-06-02","05:15:00"
"173",173,33097617041,"true",23.2424320099695,-21.5705975163303,NA,21,NA,1014.6,NA,"gps","Panthera leo","GSM08449","pepe","African lions in Central Kalahari Botswana","2010-06-02","05:20:00"
"174",174,33097616880,"true",23.2420574427906,-21.5738984932435,NA,22,NA,1013.8,NA,"gps","Panthera leo","GSM08449","pepe","African lions in Central Kalahari Botswana","2010-06-02","05:25:00"
"175",175,33097616659,"true",23.2416729578883,-21.5772221778668,NA,22,0.980961771435456,1010.9,NA,"gps","Panthera leo","GSM08449","pepe","African lions in Central Kalahari Botswana","2010-06-02","05:30:00"
"176",176,33097616469,"true",23.2412607298418,-21.5799592885064,NA,22,NA,1011.6,NA,"gps","Panthera leo","GSM08449","pepe","African lions in Central Kalahari Botswana","2010-06-02","05:35:00"
"177",177,33097616051,"true",23.240490311682,-21.5817711352245,NA,23,NA,1007.3,NA,"gps","Panthera leo","GSM08449","pepe","African lions in Central Kalahari Botswana","2010-06-02","05:40:00"
"178",178,33097615802,"true",23.2399896933464,-21.5820984362329,NA,23,NA,1007.2,NA,"gps","Panthera leo","GSM08449","pepe","African lions in Central Kalahari Botswana","2010-06-02","05:45:00"
"179",179,33097615177,"true",23.2382083893628,-21.5820953082395,NA,24,NA,1008.4,NA,"gps","Panthera leo","GSM08449","pepe","African lions in Central Kalahari Botswana","2010-06-02","05:50:00"
"180",180,33097613828,"true",23.2346176005639,-21.582179673042,NA,24,NA,1008.9,NA,"gps","Panthera leo","GSM08449","pepe","African lions in Central Kalahari Botswana","2010-06-02","05:55:00"
"181",181,33097611841,"true",23.2319085585373,-21.5831415938455,NA,24,0.669649799052744,1006.8,NA,"gps","Panthera leo","GSM08449","pepe","African lions in Central Kalahari Botswana","2010-06-02","06:00:00"
"182",182,33097610794,"true",23.2295281777246,-21.5843293357749,NA,24,NA,1005.9,NA,"gps","Panthera leo","GSM08449","pepe","African lions in Central Kalahari Botswana","2010-06-02","06:05:00"
"183",183,33097609914,"true",23.2275059781271,-21.5855032227963,NA,24,NA,1003.9,NA,"gps","Panthera leo","GSM08449","pepe","African lions in Central Kalahari Botswana","2010-06-02","06:10:00"
"184",184,33097608990,"true",23.2254704170307,-21.5877789279826,NA,25,NA,1007.6,NA,"gps","Panthera leo","GSM08449","pepe","African lions in Central Kalahari Botswana","2010-06-02","06:15:00"
"185",185,33097608903,"true",23.2251894568526,-21.5886631114959,NA,25,NA,1004.8,NA,"gps","Panthera leo","GSM08449","pepe","African lions in Central Kalahari Botswana","2010-06-02","06:20:00"
"186",186,33097608905,"true",23.2251905944772,-21.5886585812764,NA,25,NA,1006.9,NA,"gps","Panthera leo","GSM08449","pepe","African lions in Central Kalahari Botswana","2010-06-02","06:25:00"
"187",187,33097608899,"true",23.2251778558666,-21.5886542366024,NA,25,0.514648091718144,1007.4,NA,"gps","Panthera leo","GSM08449","pepe","African lions in Central Kalahari Botswana","2010-06-02","06:30:00"
"188",188,33097608900,"true",23.2251815447583,-21.5886587022844,NA,25,NA,1006.5,NA,"gps","Panthera leo","GSM08449","pepe","African lions in Central Kalahari Botswana","2010-06-02","06:35:00"
"189",189,33097608901,"true",23.2251881122144,-21.5886540994602,NA,25,NA,1010.2,NA,"gps","Panthera leo","GSM08449","pepe","African lions in Central Kalahari Botswana","2010-06-02","06:40:00"
"190",190,33097608907,"true",23.2252043327028,-21.5886493675599,NA,25,NA,1008.5,NA,"gps","Panthera leo","GSM08449","pepe","African lions in Central Kalahari Botswana","2010-06-02","06:45:00"
"191",191,33097608910,"true",23.2252081596053,-21.5886628614112,NA,25,NA,1008,NA,"gps","Panthera leo","GSM08449","pepe","African lions in Central Kalahari Botswana","2010-06-02","06:50:00"
"192",192,33097608913,"true",23.225215003082,-21.5886763149258,NA,25,NA,1012.4,NA,"gps","Panthera leo","GSM08449","pepe","African lions in Central Kalahari Botswana","2010-06-02","06:55:00"
"193",193,33097608914,"true",23.2252199498755,-21.5886446437254,NA,25,0.002452639739888,1012.5,NA,"gps","Panthera leo","GSM08449","pepe","African lions in Central Kalahari Botswana","2010-06-02","07:00:00"
"194",194,33097608812,"true",23.2247813900817,-21.5884563620471,NA,25,NA,1017.1,NA,"gps","Panthera leo","GSM08449","pepe","African lions in Central Kalahari Botswana","2010-06-02","07:05:00"
"195",195,33097607708,"true",23.2218437470394,-21.5885678495074,NA,26,NA,1012.7,NA,"gps","Panthera leo","GSM08449","pepe","African lions in Central Kalahari Botswana","2010-06-02","07:10:00"
"196",196,33097606809,"true",23.2187173414644,-21.5892416648606,NA,26,NA,1011.2,NA,"gps","Panthera leo","GSM08449","pepe","African lions in Central Kalahari Botswana","2010-06-02","07:15:00"
"197",197,33097605728,"true",23.2150904712232,-21.5899040258961,NA,27,NA,1010.8,NA,"gps","Panthera leo","GSM08449","pepe","African lions in Central Kalahari Botswana","2010-06-02","07:20:00"
"198",198,33097605503,"true",23.2143086221125,-21.5900769726618,NA,27,NA,1003.2,NA,"gps","Panthera leo","GSM08449","pepe","African lions in Central Kalahari Botswana","2010-06-02","07:25:00"
"199",199,33097605405,"true",23.2139493735589,-21.5902623539876,NA,27,0.656168092156276,1011.7,NA,"gps","Panthera leo","GSM08449","pepe","African lions in Central Kalahari Botswana","2010-06-02","07:30:00"
"200",200,33097604748,"true",23.2121699900898,-21.5919024013787,NA,28,NA,1013.9,NA,"gps","Panthera leo","GSM08449","pepe","African lions in Central Kalahari Botswana","2010-06-02","07:35:00"
"201",201,33097604551,"true",23.2118428302644,-21.5916584235819,NA,28,NA,1014.4,NA,"gps","Panthera leo","GSM08449","pepe","African lions in Central Kalahari Botswana","2010-06-02","07:40:00"
"202",202,33097604462,"true",23.2114092423593,-21.5920750549396,NA,29,NA,1014.4,NA,"gps","Panthera leo","GSM08449","pepe","African lions in Central Kalahari Botswana","2010-06-02","07:45:00"
"203",203,33097604310,"true",23.210629541959,-21.5919138440743,NA,30,NA,1013.4,NA,"gps","Panthera leo","GSM08449","pepe","African lions in Central Kalahari Botswana","2010-06-02","07:50:00"
"204",204,33097603911,"true",23.2095074758664,-21.5921364394084,NA,30,NA,1011.5,NA,"gps","Panthera leo","GSM08449","pepe","African lions in Central Kalahari Botswana","2010-06-02","07:55:00"
"205",205,33097603938,"true",23.2096329382101,-21.5928481498073,NA,31,0.295010928508554,1010.2,NA,"gps","Panthera leo","GSM08449","pepe","African lions in Central Kalahari Botswana","2010-06-02","08:00:00"
"206",206,33097603857,"true",23.209317186647,-21.592838797556,NA,31,NA,1010,NA,"gps","Panthera leo","GSM08449","pepe","African lions in Central Kalahari Botswana","2010-06-02","08:05:00"
"207",207,33097603792,"true",23.2092110076664,-21.593476828214,NA,31,NA,1008.2,NA,"gps","Panthera leo","GSM08449","pepe","African lions in Central Kalahari Botswana","2010-06-02","08:10:00"
"208",208,33097603728,"true",23.2091805113705,-21.5934952932986,NA,32,NA,1008.7,NA,"gps","Panthera leo","GSM08449","pepe","African lions in Central Kalahari Botswana","2010-06-02","08:15:00"
"209",209,33097603740,"true",23.2091894244374,-21.5934861448718,NA,31,NA,1008.7,NA,"gps","Panthera leo","GSM08449","pepe","African lions in Central Kalahari Botswana","2010-06-02","08:20:00"
"210",210,33097603711,"true",23.2091725994101,-21.5934908833087,NA,30,NA,1010.4,NA,"gps","Panthera leo","GSM08449","pepe","African lions in Central Kalahari Botswana","2010-06-02","08:25:00"
"211",211,33097603774,"true",23.2091984745546,-21.5934860247076,NA,30,0.046534240838474,1009.1,NA,"gps","Panthera leo","GSM08449","pepe","African lions in Central Kalahari Botswana","2010-06-02","08:30:00"
"212",212,33097603721,"true",23.2091780980057,-21.5934953253422,NA,29,NA,1003.8,NA,"gps","Panthera leo","GSM08449","pepe","African lions in Central Kalahari Botswana","2010-06-02","08:35:00"
"213",213,33097603755,"true",23.209193250061,-21.5934996392005,NA,29,NA,1008.2,NA,"gps","Panthera leo","GSM08449","pepe","African lions in Central Kalahari Botswana","2010-06-02","08:40:00"
"214",214,33097603712,"true",23.20917273646,-21.5934999115717,NA,29,NA,1010.8,NA,"gps","Panthera leo","GSM08449","pepe","African lions in Central Kalahari Botswana","2010-06-02","08:45:00"
"215",215,33097603733,"true",23.209184199943,-21.5934997593646,NA,29,NA,1007.9,NA,"gps","Panthera leo","GSM08449","pepe","African lions in Central Kalahari Botswana","2010-06-02","08:50:00"
"216",216,33097603718,"true",23.2091751498248,-21.5934998795281,NA,29,NA,1007.5,NA,"gps","Panthera leo","GSM08449","pepe","African lions in Central Kalahari Botswana","2010-06-02","08:55:00"
"217",217,33097603724,"true",23.2091793046881,-21.5934953093204,NA,29,0.001242260993808,1014.5,NA,"gps","Panthera leo","GSM08449","pepe","African lions in Central Kalahari Botswana","2010-06-02","09:00:00"
"218",218,33097603691,"true",23.2091537721632,-21.5935227385764,NA,29,NA,1016.9,NA,"gps","Panthera leo","GSM08449","pepe","African lions in Central Kalahari Botswana","2010-06-02","09:05:00"
"219",219,33097603687,"true",23.2091489454326,-21.5935228026629,NA,29,NA,1015.3,NA,"gps","Panthera leo","GSM08449","pepe","African lions in Central Kalahari Botswana","2010-06-02","09:10:00"
"220",220,33097603703,"true",23.2091662367562,-21.5935090279542,NA,29,NA,1015.7,NA,"gps","Panthera leo","GSM08449","pepe","African lions in Central Kalahari Botswana","2010-06-02","09:15:00"
"221",221,33097603720,"true",23.2091776317148,-21.5935043616161,NA,29,NA,1012.4,NA,"gps","Panthera leo","GSM08449","pepe","African lions in Central Kalahari Botswana","2010-06-02","09:20:00"
"222",222,33097603719,"true",23.2091751498248,-21.5934998795281,NA,29,NA,1015.7,NA,"gps","Panthera leo","GSM08449","pepe","African lions in Central Kalahari Botswana","2010-06-02","09:25:00"
"223",223,33097603714,"true",23.2091742723836,-21.593481831013,NA,29,0.001145308138468,1012.5,NA,"gps","Panthera leo","GSM08449","pepe","African lions in Central Kalahari Botswana","2010-06-02","09:30:00"
"224",224,33097603725,"true",23.2091793046881,-21.5934953093204,NA,29,NA,1014.5,NA,"gps","Panthera leo","GSM08449","pepe","African lions in Central Kalahari Botswana","2010-06-02","09:35:00"
"225",225,33097603723,"true",23.2091791676378,-21.5934862810574,NA,29,NA,1014.1,NA,"gps","Panthera leo","GSM08449","pepe","African lions in Central Kalahari Botswana","2010-06-02","09:40:00"
"226",226,33097603708,"true",23.20917039162,-21.5935044577467,NA,29,NA,1014.5,NA,"gps","Panthera leo","GSM08449","pepe","African lions in Central Kalahari Botswana","2010-06-02","09:45:00"
"227",227,33097603707,"true",23.2091701175205,-21.5934864012206,NA,29,NA,1013.7,NA,"gps","Panthera leo","GSM08449","pepe","African lions in Central Kalahari Botswana","2010-06-02","09:50:00"
"228",228,33097603747,"true",23.2091906311197,-21.59348612885,NA,29,NA,1011.2,NA,"gps","Panthera leo","GSM08449","pepe","African lions in Central Kalahari Botswana","2010-06-02","09:55:00"
"229",229,33097603769,"true",23.2091968701083,-21.5934995911348,NA,29,0.0016933069102,1015.6,NA,"gps","Panthera leo","GSM08449","pepe","African lions in Central Kalahari Botswana","2010-06-02","10:00:00"
"230",230,33097603735,"true",23.2091870110728,-21.5934861769156,NA,29,NA,1012,NA,"gps","Panthera leo","GSM08449","pepe","African lions in Central Kalahari Botswana","2010-06-02","10:05:00"
"231",231,33097603736,"true",23.2091870110728,-21.5934861769156,NA,29,NA,1012,NA,"gps","Panthera leo","GSM08449","pepe","African lions in Central Kalahari Botswana","2010-06-02","10:10:00"
"232",232,33097603704,"true",23.2091664974735,-21.5934864492858,NA,29,NA,1014.6,NA,"gps","Panthera leo","GSM08449","pepe","African lions in Central Kalahari Botswana","2010-06-02","10:16:00"
"233",233,33097603709,"true",23.20917039162,-21.5935044577467,NA,30,NA,1006.3,NA,"gps","Panthera leo","GSM08449","pepe","African lions in Central Kalahari Botswana","2010-06-02","10:21:00"
"234",234,33097603697,"true",23.2091626718528,-21.5934729549562,NA,31,NA,1015.1,NA,"gps","Panthera leo","GSM08449","pepe","African lions in Central Kalahari Botswana","2010-06-02","10:25:00"
"235",235,33097603741,"true",23.2091894244374,-21.5934861448718,NA,31,0.000678142486958,1016.9,NA,"gps","Panthera leo","GSM08449","pepe","African lions in Central Kalahari Botswana","2010-06-02","10:30:00"
"236",236,33097603737,"true",23.2091880940921,-21.5935177678248,NA,31,0.016703676140708,1015.9,NA,"gps","Panthera leo","GSM08449","pepe","African lions in Central Kalahari Botswana","2010-06-02","10:33:00"
"237",237,33097603765,"true",23.2091958004773,-21.5935086354196,NA,31,NA,1013.5,NA,"gps","Panthera leo","GSM08449","pepe","African lions in Central Kalahari Botswana","2010-06-02","10:35:00"
"238",238,33097603751,"true",23.2091919197168,-21.5935312621535,NA,31,NA,1015.5,NA,"gps","Panthera leo","GSM08449","pepe","African lions in Central Kalahari Botswana","2010-06-02","10:40:00"
"239",239,33097603791,"true",23.2092106784297,-21.5934948927506,NA,31,NA,1017.2,NA,"gps","Panthera leo","GSM08449","pepe","African lions in Central Kalahari Botswana","2010-06-02","10:45:00"
"240",240,33097603698,"true",23.209165138749,-21.5936354636903,NA,32,NA,1018.8,NA,"gps","Panthera leo","GSM08449","pepe","African lions in Central Kalahari Botswana","2010-06-02","10:50:00"
"241",241,33097603796,"true",23.2092146962392,-21.5934812942793,NA,32,NA,1015.6,NA,"gps","Panthera leo","GSM08449","pepe","African lions in Central Kalahari Botswana","2010-06-02","10:55:00"
"242",242,33097603802,"true",23.2092182477595,-21.5934767320817,NA,32,0.003162039196296,1014.3,NA,"gps","Panthera leo","GSM08449","pepe","African lions in Central Kalahari Botswana","2010-06-02","11:00:00"
"243",243,33097603795,"true",23.2092136266093,-21.5934903385641,NA,32,NA,1013.5,NA,"gps","Panthera leo","GSM08449","pepe","African lions in Central Kalahari Botswana","2010-06-02","11:05:00"
"244",244,33097603798,"true",23.2092160399739,-21.59349030652,NA,32,NA,1010.2,NA,"gps","Panthera leo","GSM08449","pepe","African lions in Central Kalahari Botswana","2010-06-02","11:10:00"
"245",245,33097603784,"true",23.2092060438857,-21.5934678640392,NA,32,NA,1014.5,NA,"gps","Panthera leo","GSM08449","pepe","African lions in Central Kalahari Botswana","2010-06-02","11:15:00"
"246",246,33097603760,"true",23.2091943196922,-21.5934905949157,NA,32,NA,1010.3,NA,"gps","Panthera leo","GSM08449","pepe","African lions in Central Kalahari Botswana","2010-06-02","11:20:00"
"247",247,33097603775,"true",23.2091993519989,-21.5935040732223,NA,32,NA,1012.3,NA,"gps","Panthera leo","GSM08449","pepe","African lions in Central Kalahari Botswana","2010-06-02","11:25:00"
"248",248,33097603804,"true",23.2092209218332,-21.5934541213697,NA,32,0.00167498050665,1009.9,NA,"gps","Panthera leo","GSM08449","pepe","African lions in Central Kalahari Botswana","2010-06-02","11:30:00"
"249",249,33097603813,"true",23.2092313842102,-21.5934675275758,NA,32,NA,1013.5,NA,"gps","Panthera leo","GSM08449","pepe","African lions in Central Kalahari Botswana","2010-06-02","11:35:00"
"250",250,33097603800,"true",23.2092161770265,-21.5934993347828,NA,32,NA,1010.6,NA,"gps","Panthera leo","GSM08449","pepe","African lions in Central Kalahari Botswana","2010-06-02","11:40:00"
"251",251,33097603820,"true",23.2092388984106,-21.5934854879679,NA,32,NA,1012.1,NA,"gps","Panthera leo","GSM08449","pepe","African lions in Central Kalahari Botswana","2010-06-02","11:45:00"
"252",252,33097603815,"true",23.2092336053941,-21.5934945883305,NA,32,NA,1011.3,NA,"gps","Panthera leo","GSM08449","pepe","African lions in Central Kalahari Botswana","2010-06-02","11:50:00"
"253",253,33097603799,"true",23.2092160399739,-21.59349030652,NA,32,NA,1010.2,NA,"gps","Panthera leo","GSM08449","pepe","African lions in Central Kalahari Botswana","2010-06-02","11:55:00"
"254",254,33097603812,"true",23.2092313290831,-21.5935036486375,NA,32,0.00337931520345,1006.8,NA,"gps","Panthera leo","GSM08449","pepe","African lions in Central Kalahari Botswana","2010-06-02","12:00:00"
"255",255,33097603805,"true",23.2092209352296,-21.593494756563,NA,32,NA,1003.6,NA,"gps","Panthera leo","GSM08449","pepe","African lions in Central Kalahari Botswana","2010-06-02","12:05:00"
"256",256,33097603797,"true",23.2092157658689,-21.5934722499945,NA,31,NA,1009.5,NA,"gps","Panthera leo","GSM08449","pepe","African lions in Central Kalahari Botswana","2010-06-02","12:10:00"
"257",257,33097603772,"true",23.2091982004518,-21.5934679681818,NA,31,NA,1008.3,NA,"gps","Panthera leo","GSM08449","pepe","African lions in Central Kalahari Botswana","2010-06-02","12:16:00"
"258",258,33097603807,"true",23.2092238834089,-21.5934902023764,NA,32,NA,1008.1,NA,"gps","Panthera leo","GSM08449","pepe","African lions in Central Kalahari Botswana","2010-06-02","12:20:00"
"259",259,33097603771,"true",23.2091981870625,-21.5934273329878,NA,32,NA,1006.5,NA,"gps","Panthera leo","GSM08449","pepe","African lions in Central Kalahari Botswana","2010-06-02","12:25:00"
"260",260,33097603794,"true",23.2092122009551,-21.5934361769983,NA,32,0.00456807587668,1008.8,NA,"gps","Panthera leo","GSM08449","pepe","African lions in Central Kalahari Botswana","2010-06-02","12:30:00"
"261",261,33097603773,"true",23.2091983375032,-21.5934769964447,NA,32,NA,1008.7,NA,"gps","Panthera leo","GSM08449","pepe","African lions in Central Kalahari Botswana","2010-06-02","12:35:00"
"262",262,33097603801,"true",23.2092163006838,-21.5934677278521,NA,32,NA,1009.1,NA,"gps","Panthera leo","GSM08449","pepe","African lions in Central Kalahari Botswana","2010-06-02","12:40:00"
"263",263,33097603790,"true",23.209208333591,-21.593499438926,NA,31,NA,1004.5,NA,"gps","Panthera leo","GSM08449","pepe","African lions in Central Kalahari Botswana","2010-06-02","12:45:00"
"264",264,33097603809,"true",23.2092246238032,-21.593499222628,NA,31,NA,1010.9,NA,"gps","Panthera leo","GSM08449","pepe","African lions in Central Kalahari Botswana","2010-06-02","12:50:00"
"265",265,33097603734,"true",23.2091845291829,-21.5934816948278,NA,31,NA,999,NA,"gps","Panthera leo","GSM08449","pepe","African lions in Central Kalahari Botswana","2010-06-02","12:55:00"
"266",266,33097603776,"true",23.2091996812369,-21.5934860086857,NA,31,0.003410679395208,1003.3,NA,"gps","Panthera leo","GSM08449","pepe","African lions in Central Kalahari Botswana","2010-06-02","13:00:00"
"267",267,33097603748,"true",23.2091906311197,-21.59348612885,NA,31,NA,1003,NA,"gps","Panthera leo","GSM08449","pepe","African lions in Central Kalahari Botswana","2010-06-02","13:05:00"
"268",268,33097603727,"true",23.2091803743201,-21.5934862650356,NA,31,NA,1000.2,NA,"gps","Panthera leo","GSM08449","pepe","African lions in Central Kalahari Botswana","2010-06-02","13:10:00"
"269",269,33097603690,"true",23.2091513454202,-21.5934821354248,NA,31,NA,993.8,NA,"gps","Panthera leo","GSM08449","pepe","African lions in Central Kalahari Botswana","2010-06-02","13:15:00"
"270",270,33097603677,"true",23.2091421582551,-21.5934732273232,NA,31,NA,993.1,NA,"gps","Panthera leo","GSM08449","pepe","African lions in Central Kalahari Botswana","2010-06-02","13:20:00"
"271",271,33097603729,"true",23.2091816495277,-21.5934907631453,NA,31,NA,1002.6,NA,"gps","Panthera leo","GSM08449","pepe","African lions in Central Kalahari Botswana","2010-06-02","13:25:00"
"272",272,33097603705,"true",23.2091677041559,-21.5934864332641,NA,31,0.0018888904,1000.7,NA,"gps","Panthera leo","GSM08449","pepe","African lions in Central Kalahari Botswana","2010-06-02","13:30:00"
"273",273,33097603696,"true",23.2091599977699,-21.5934955656681,NA,31,NA,1003.1,NA,"gps","Panthera leo","GSM08449","pepe","African lions in Central Kalahari Botswana","2010-06-02","13:35:00"
"274",274,33097603763,"true",23.2091956634258,-21.5934996071567,NA,31,NA,1004.9,NA,"gps","Panthera leo","GSM08449","pepe","African lions in Central Kalahari Botswana","2010-06-02","13:40:00"
"275",275,33097603680,"true",23.2091437760815,-21.5935002960913,NA,30,NA,996.6,NA,"gps","Panthera leo","GSM08449","pepe","African lions in Central Kalahari Botswana","2010-06-02","13:45:00"
"276",276,33097603672,"true",23.2091323125981,-21.5935004482956,NA,30,NA,999.6,NA,"gps","Panthera leo","GSM08449","pepe","African lions in Central Kalahari Botswana","2010-06-02","13:50:00"
"277",277,33097603692,"true",23.2091540328823,-21.5935001599079,NA,30,NA,999.4,NA,"gps","Panthera leo","GSM08449","pepe","African lions in Central Kalahari Botswana","2010-06-02","13:55:00"
"278",278,33097603683,"true",23.2091451198122,-21.5935093083329,NA,30,0.0016933069102,999.4,NA,"gps","Panthera leo","GSM08449","pepe","African lions in Central Kalahari Botswana","2010-06-02","14:00:00"
"279",279,33097603731,"true",23.209181992154,-21.5935133338027,NA,30,NA,1003.7,NA,"gps","Panthera leo","GSM08449","pepe","African lions in Central Kalahari Botswana","2010-06-02","14:05:00"
"280",280,33097603756,"true",23.2091933185867,-21.593504153332,NA,30,NA,1008.6,NA,"gps","Panthera leo","GSM08449","pepe","African lions in Central Kalahari Botswana","2010-06-02","14:10:00"
"281",281,33097603722,"true",23.2091789754477,-21.5935133738572,NA,30,NA,1007,NA,"gps","Panthera leo","GSM08449","pepe","African lions in Central Kalahari Botswana","2010-06-02","14:15:00"
"282",282,33097603693,"true",23.2091540462612,-21.5935407951026,NA,30,NA,993.1,NA,"gps","Panthera leo","GSM08449","pepe","African lions in Central Kalahari Botswana","2010-06-02","14:20:00"
"283",283,33097603742,"true",23.2091894378258,-21.5935267800658,NA,30,NA,1002.4,NA,"gps","Panthera leo","GSM08449","pepe","African lions in Central Kalahari Botswana","2010-06-02","14:25:00"
"284",284,33097603701,"true",23.2091655097475,-21.5935406428966,NA,30,0.002484521987616,998.3,NA,"gps","Panthera leo","GSM08449","pepe","African lions in Central Kalahari Botswana","2010-06-02","14:30:00"
"285",285,33097603699,"true",23.2091653041729,-21.593527100502,NA,30,NA,997.6,NA,"gps","Panthera leo","GSM08449","pepe","African lions in Central Kalahari Botswana","2010-06-02","14:35:00"
"286",286,33097603686,"true",23.2091486713355,-21.5935047461366,NA,30,NA,998.2,NA,"gps","Panthera leo","GSM08449","pepe","African lions in Central Kalahari Botswana","2010-06-02","14:40:00"
"287",287,33097603716,"true",23.2091751364411,-21.5934592443337,NA,30,NA,1013.8,NA,"gps","Panthera leo","GSM08449","pepe","African lions in Central Kalahari Botswana","2010-06-02","14:45:00"
"288",288,33097603743,"true",23.209189466189,-21.5934093886148,NA,30,NA,1021.8,NA,"gps","Panthera leo","GSM08449","pepe","African lions in Central Kalahari Botswana","2010-06-02","14:50:00"
"289",289,33097603806,"true",23.2092235139849,-21.5933863613325,NA,30,NA,1028.3,NA,"gps","Panthera leo","GSM08449","pepe","African lions in Central Kalahari Botswana","2010-06-02","14:55:00"
"290",290,33097603675,"true",23.2091385933593,-21.593437154324,NA,30,0.006821359068194,1017,NA,"gps","Panthera leo","GSM08449","pepe","African lions in Central Kalahari Botswana","2010-06-02","15:00:00"
"291",291,33097603682,"true",23.2091449693886,-21.5934596448746,NA,31,NA,1013.6,NA,"gps","Panthera leo","GSM08449","pepe","African lions in Central Kalahari Botswana","2010-06-02","15:05:00"
"292",292,33097603689,"true",23.209149727593,-21.5934550666568,NA,31,NA,1014.8,NA,"gps","Panthera leo","GSM08449","pepe","African lions in Central Kalahari Botswana","2010-06-02","15:10:00"
"293",293,33097603673,"true",23.2091369889074,-21.5934507207511,NA,31,NA,1015.3,NA,"gps","Panthera leo","GSM08449","pepe","African lions in Central Kalahari Botswana","2010-06-02","15:15:00"
"294",294,33097603681,"true",23.2091448323407,-21.5934506166114,NA,31,NA,1013.2,NA,"gps","Panthera leo","GSM08449","pepe","African lions in Central Kalahari Botswana","2010-06-02","15:20:00"
"295",295,33097603767,"true",23.2091968567185,-21.5934589559409,NA,31,NA,1005.5,NA,"gps","Panthera leo","GSM08449","pepe","African lions in Central Kalahari Botswana","2010-06-02","15:25:00"
"296",296,33097603749,"true",23.2091907547828,-21.5934545219188,NA,31,0.003199153670432,1009.7,NA,"gps","Panthera leo","GSM08449","pepe","African lions in Central Kalahari Botswana","2010-06-02","15:30:00"
"297",297,33097603761,"true",23.2091945118799,-21.5934635021161,NA,31,NA,1009.2,NA,"gps","Panthera leo","GSM08449","pepe","African lions in Central Kalahari Botswana","2010-06-02","15:35:00"
"298",298,33097603768,"true",23.2091968567185,-21.5934589559409,NA,30,NA,1013.7,NA,"gps","Panthera leo","GSM08449","pepe","African lions in Central Kalahari Botswana","2010-06-02","15:40:00"
"299",299,33097603785,"true",23.2092060438857,-21.5934678640392,NA,29,NA,1006.3,NA,"gps","Panthera leo","GSM08449","pepe","African lions in Central Kalahari Botswana","2010-06-02","15:45:00"
"300",300,33097603717,"true",23.2091751364411,-21.5934592443337,NA,29,NA,1013.8,NA,"gps","Panthera leo","GSM08449","pepe","African lions in Central Kalahari Botswana","2010-06-02","15:50:00"
"301",301,33097603744,"true",23.2091895481007,-21.5934545379406,NA,28,NA,1007.3,NA,"gps","Panthera leo","GSM08449","pepe","African lions in Central Kalahari Botswana","2010-06-02","15:55:00"
"302",302,33097603779,"true",23.209202218262,-21.5934543697108,NA,28,0.0006666672,1015,NA,"gps","Panthera leo","GSM08449","pepe","African lions in Central Kalahari Botswana","2010-06-02","16:00:00"
"303",303,33097603730,"true",23.209181978768,-21.5934726986084,NA,28,NA,1018.3,NA,"gps","Panthera leo","GSM08449","pepe","African lions in Central Kalahari Botswana","2010-06-02","16:05:00"
"304",304,33097603770,"true",23.209197130821,-21.5934770124666,NA,27,NA,1022.7,NA,"gps","Panthera leo","GSM08449","pepe","African lions in Central Kalahari Botswana","2010-06-02","16:10:00"
"305",305,33097603764,"true",23.2091957870875,-21.5934680002257,NA,27,NA,1019.8,NA,"gps","Panthera leo","GSM08449","pepe","African lions in Central Kalahari Botswana","2010-06-02","16:15:00"
"306",306,33097603700,"true",23.2091653459352,-21.5934503442443,NA,27,NA,1010.7,NA,"gps","Panthera leo","GSM08449","pepe","African lions in Central Kalahari Botswana","2010-06-02","16:20:00"
"307",307,33097603016,"true",23.2075325312116,-21.5925057961789,NA,27,NA,1006,NA,"gps","Panthera leo","GSM08449","pepe","African lions in Central Kalahari Botswana","2010-06-02","16:25:00"
"308",308,33097602316,"true",23.2053440655299,-21.5915685957136,NA,27,0.25041152255128,1006.7,NA,"gps","Panthera leo","GSM08449","pepe","African lions in Central Kalahari Botswana","2010-06-02","16:30:00"
"309",309,33097602216,"true",23.2050311596171,-21.591428260883,NA,26,NA,1005.5,NA,"gps","Panthera leo","GSM08449","pepe","African lions in Central Kalahari Botswana","2010-06-02","16:35:00"
"310",310,33097602230,"true",23.2050536197667,-21.5914369933518,NA,26,NA,1016.4,NA,"gps","Panthera leo","GSM08449","pepe","African lions in Central Kalahari Botswana","2010-06-02","16:40:00"
"311",311,33097602211,"true",23.2050204363774,-21.5914374330858,NA,26,NA,1003,NA,"gps","Panthera leo","GSM08449","pepe","African lions in Central Kalahari Botswana","2010-06-02","16:45:00"
"312",312,33097602233,"true",23.2050577747169,-21.59143242324,NA,25,NA,1015.1,NA,"gps","Panthera leo","GSM08449","pepe","African lions in Central Kalahari Botswana","2010-06-02","16:50:00"
"313",313,33097602222,"true",23.2050412233043,-21.5914552178319,NA,25,NA,1009.4,NA,"gps","Panthera leo","GSM08449","pepe","African lions in Central Kalahari Botswana","2010-06-02","16:55:00"
"314",314,33097602235,"true",23.2050664949594,-21.591450367887,NA,25,0.01764054327909,1016.2,NA,"gps","Panthera leo","GSM08449","pepe","African lions in Central Kalahari Botswana","2010-06-02","17:00:00"
"315",315,33097602231,"true",23.2050550316059,-21.5914505197969,NA,25,NA,1011,NA,"gps","Panthera leo","GSM08449","pepe","African lions in Central Kalahari Botswana","2010-06-02","17:05:00"
"316",316,33097602225,"true",23.2050459815898,-21.5914506397251,NA,24,NA,1010.6,NA,"gps","Panthera leo","GSM08449","pepe","African lions in Central Kalahari Botswana","2010-06-02","17:10:00"
"317",317,33097602219,"true",23.2050357249049,-21.5914507756432,NA,24,NA,1007.8,NA,"gps","Panthera leo","GSM08449","pepe","African lions in Central Kalahari Botswana","2010-06-02","17:15:00"
"318",318,33097602217,"true",23.205032036509,-21.5914463094689,NA,24,NA,1008.7,NA,"gps","Panthera leo","GSM08449","pepe","African lions in Central Kalahari Botswana","2010-06-02","17:20:00"
"319",319,33097602685,"true",23.2064647985045,-21.5911383538078,NA,24,NA,1005.1,NA,"gps","Panthera leo","GSM08449","pepe","African lions in Central Kalahari Botswana","2010-06-02","17:25:00"
"320",320,33097603660,"true",23.2090812918511,-21.5891847450312,NA,24,0.269843197263274,1001,NA,"gps","Panthera leo","GSM08449","pepe","African lions in Central Kalahari Botswana","2010-06-02","17:30:00"
"321",321,33097604426,"true",23.2112337371718,-21.5871559953539,NA,24,NA,999.8,NA,"gps","Panthera leo","GSM08449","pepe","African lions in Central Kalahari Botswana","2010-06-02","17:35:00"
"322",322,33097605088,"true",23.2130073867831,-21.5853399504372,NA,24,NA,1010.8,NA,"gps","Panthera leo","GSM08449","pepe","African lions in Central Kalahari Botswana","2010-06-02","17:40:00"
"323",323,33097605616,"true",23.2147844655315,-21.5831174907874,NA,24,NA,1011.1,NA,"gps","Panthera leo","GSM08449","pepe","African lions in Central Kalahari Botswana","2010-06-02","17:45:00"
"324",324,33097606217,"true",23.2162570402974,-21.5818246513312,NA,24,NA,1008.5,NA,"gps","Panthera leo","GSM08449","pepe","African lions in Central Kalahari Botswana","2010-06-02","17:50:00"
"325",325,33097606636,"true",23.2180089847287,-21.580374567437,NA,24,NA,1011.3,NA,"gps","Panthera leo","GSM08449","pepe","African lions in Central Kalahari Botswana","2010-06-02","17:55:00"
"326",326,33097607122,"true",23.2199612793721,-21.5796803197719,NA,24,0.856530296612578,1008.4,NA,"gps","Panthera leo","GSM08449","pepe","African lions in Central Kalahari Botswana","2010-06-02","18:00:00"
"327",327,33097608317,"true",23.2232445836518,-21.5792978763768,NA,24,NA,1009.3,NA,"gps","Panthera leo","GSM08449","pepe","African lions in Central Kalahari Botswana","2010-06-02","18:05:00"
"328",328,33097609551,"true",23.2266655409539,-21.5795140243603,NA,24,NA,1011.5,NA,"gps","Panthera leo","GSM08449","pepe","African lions in Central Kalahari Botswana","2010-06-02","18:10:00"
"329",329,33097611012,"true",23.2299468368884,-21.5797906670809,NA,24,NA,1012.1,NA,"gps","Panthera leo","GSM08449","pepe","African lions in Central Kalahari Botswana","2010-06-02","18:15:00"
"330",330,33097612159,"true",23.2326482602439,-21.5804994318844,NA,24,NA,1007.2,NA,"gps","Panthera leo","GSM08449","pepe","African lions in Central Kalahari Botswana","2010-06-02","18:20:00"
"331",331,33097614577,"true",23.2362766202749,-21.5812137604275,NA,24,NA,1005,NA,"gps","Panthera leo","GSM08449","pepe","African lions in Central Kalahari Botswana","2010-06-02","18:25:00"
"332",332,33097614811,"true",23.237154855773,-21.5811929295203,NA,23,0.993857115362834,1005.1,NA,"gps","Panthera leo","GSM08449","pepe","African lions in Central Kalahari Botswana","2010-06-02","18:30:00"
"333",333,33097615831,"true",23.2400597046345,-21.5812757681755,NA,23,NA,1004.7,NA,"gps","Panthera leo","GSM08449","pepe","African lions in Central Kalahari Botswana","2010-06-02","18:35:00"
"334",334,33097617223,"true",23.2428903016641,-21.5813956760646,NA,23,NA,1006.2,NA,"gps","Panthera leo","GSM08449","pepe","African lions in Central Kalahari Botswana","2010-06-02","18:40:00"
"335",335,33097617626,"true",23.2443581228508,-21.5811049936196,NA,23,NA,1005.3,NA,"gps","Panthera leo","GSM08449","pepe","African lions in Central Kalahari Botswana","2010-06-02","18:45:00"
"336",336,33097617428,"true",23.2435873421765,-21.5813637076058,NA,23,NA,1006.6,NA,"gps","Panthera leo","GSM08449","pepe","African lions in Central Kalahari Botswana","2010-06-02","18:50:00"
"337",337,33097617426,"true",23.2435835834183,-21.5813547283291,NA,23,NA,1007.1,NA,"gps","Panthera leo","GSM08449","pepe","African lions in Central Kalahari Botswana","2010-06-02","18:55:00"
"338",338,33097617429,"true",23.2435914955649,-21.5813591366548,NA,23,0.370604678705728,1005.4,NA,"gps","Panthera leo","GSM08449","pepe","African lions in Central Kalahari Botswana","2010-06-02","19:00:00"
"339",339,33097617344,"true",23.2433163561596,-21.5812815754377,NA,23,NA,1005.2,NA,"gps","Panthera leo","GSM08449","pepe","African lions in Central Kalahari Botswana","2010-06-02","19:05:00"
"340",340,33097617373,"true",23.2434355493548,-21.581302543898,NA,23,NA,1002.4,NA,"gps","Panthera leo","GSM08449","pepe","African lions in Central Kalahari Botswana","2010-06-02","19:10:00"
"341",341,33097617380,"true",23.2434607009636,-21.5813292947329,NA,22,NA,1002.5,NA,"gps","Panthera leo","GSM08449","pepe","African lions in Central Kalahari Botswana","2010-06-02","19:15:00"
"342",342,33097617376,"true",23.2434544595628,-21.581315833943,NA,22,NA,1006.3,NA,"gps","Panthera leo","GSM08449","pepe","African lions in Central Kalahari Botswana","2010-06-02","19:20:00"
"343",343,33097617340,"true",23.243301947062,-21.5812862845963,NA,22,NA,1003.6,NA,"gps","Panthera leo","GSM08449","pepe","African lions in Central Kalahari Botswana","2010-06-02","19:25:00"
"344",344,33097617334,"true",23.2432892782538,-21.5812864553301,NA,22,0.018040093320952,1004.1,NA,"gps","Panthera leo","GSM08449","pepe","African lions in Central Kalahari Botswana","2010-06-02","19:30:00"
"345",345,33097617341,"true",23.2433035482723,-21.5812727181065,NA,22,NA,1005.3,NA,"gps","Panthera leo","GSM08449","pepe","African lions in Central Kalahari Botswana","2010-06-02","19:35:00"
"346",346,33097617335,"true",23.2432892782538,-21.5812864553301,NA,22,NA,1004.1,NA,"gps","Panthera leo","GSM08449","pepe","African lions in Central Kalahari Botswana","2010-06-02","19:40:00"
"347",347,33097617319,"true",23.2432512266961,-21.5812056986676,NA,22,NA,1002.3,NA,"gps","Panthera leo","GSM08449","pepe","African lions in Central Kalahari Botswana","2010-06-02","19:45:00"
"348",348,33097617317,"true",23.2432466090993,-21.5812193058073,NA,22,NA,1001.4,NA,"gps","Panthera leo","GSM08449","pepe","African lions in Central Kalahari Botswana","2010-06-02","19:50:00"
"349",349,33097617320,"true",23.243251365772,-21.5812147267341,NA,22,NA,1002.6,NA,"gps","Panthera leo","GSM08449","pepe","African lions in Central Kalahari Botswana","2010-06-02","19:55:00"
"350",350,33097617331,"true",23.2432779794679,-21.5812188830453,NA,22,0.003936615093734,1004.1,NA,"gps","Panthera leo","GSM08449","pepe","African lions in Central Kalahari Botswana","2010-06-02","20:00:00"
"351",351,33097617324,"true",23.2432678628475,-21.581228049323,NA,22,NA,1001.7,NA,"gps","Panthera leo","GSM08449","pepe","African lions in Central Kalahari Botswana","2010-06-02","20:05:00"
"352",352,33097617332,"true",23.2432781185455,-21.5812279111116,NA,22,NA,1004.5,NA,"gps","Panthera leo","GSM08449","pepe","African lions in Central Kalahari Botswana","2010-06-02","20:10:00"
"353",353,33097617330,"true",23.2432744293487,-21.581223445859,NA,22,NA,1005.3,NA,"gps","Panthera leo","GSM08449","pepe","African lions in Central Kalahari Botswana","2010-06-02","20:15:00"
"354",354,33097617328,"true",23.243272758597,-21.5812324983156,NA,21,NA,1003.2,NA,"gps","Panthera leo","GSM08449","pepe","African lions in Central Kalahari Botswana","2010-06-02","20:20:00"
"355",355,33097617329,"true",23.243272758597,-21.5812324983156,NA,21,NA,1003.2,NA,"gps","Panthera leo","GSM08449","pepe","African lions in Central Kalahari Botswana","2010-06-02","20:25:00"
"356",356,33097617322,"true",23.2432600202549,-21.5812281550136,NA,21,0.001192829287596,1003.7,NA,"gps","Panthera leo","GSM08449","pepe","African lions in Central Kalahari Botswana","2010-06-02","20:30:00"
"357",357,33097617327,"true",23.2432692084774,-21.5812370611293,NA,21,NA,1004.5,NA,"gps","Panthera leo","GSM08449","pepe","African lions in Central Kalahari Botswana","2010-06-02","20:35:00"
"358",358,33097617325,"true",23.2432678628475,-21.581228049323,NA,21,NA,1001.7,NA,"gps","Panthera leo","GSM08449","pepe","African lions in Central Kalahari Botswana","2010-06-02","20:40:00"
"359",359,33097616943,"true",23.2422104602222,-21.5801541875796,NA,21,NA,1008.3,NA,"gps","Panthera leo","GSM08449","pepe","African lions in Central Kalahari Botswana","2010-06-02","20:45:00"
"360",360,33097616638,"true",23.2416307570029,-21.5794982936726,NA,21,NA,1004.4,NA,"gps","Panthera leo","GSM08449","pepe","African lions in Central Kalahari Botswana","2010-06-02","20:50:00"
"361",361,33097616492,"true",23.2412744364502,-21.5793992469935,NA,21,NA,1005.3,NA,"gps","Panthera leo","GSM08449","pepe","African lions in Central Kalahari Botswana","2010-06-02","20:55:00"
"362",362,33097616475,"true",23.241265504386,-21.5793677624211,NA,21,0.162098598567664,1003.4,NA,"gps","Panthera leo","GSM08449","pepe","African lions in Central Kalahari Botswana","2010-06-02","21:00:00"
"363",363,33097616472,"true",23.2412642283772,-21.5793632646249,NA,21,NA,1001,NA,"gps","Panthera leo","GSM08449","pepe","African lions in Central Kalahari Botswana","2010-06-02","21:05:00"
"364",364,33097616485,"true",23.2412692629429,-21.579376741769,NA,20,NA,1002.9,NA,"gps","Panthera leo","GSM08449","pepe","African lions in Central Kalahari Botswana","2010-06-02","21:10:00"
"365",365,33097616498,"true",23.2412769665061,-21.5793676081,NA,20,NA,1000.5,NA,"gps","Panthera leo","GSM08449","pepe","African lions in Central Kalahari Botswana","2010-06-02","21:15:00"
"366",366,33097616490,"true",23.2412731604407,-21.5793947491975,NA,19,NA,1011,NA,"gps","Panthera leo","GSM08449","pepe","African lions in Central Kalahari Botswana","2010-06-02","21:20:00"
"367",367,33097616494,"true",23.2412755040488,-21.5793902026684,NA,18,NA,1007.3,NA,"gps","Panthera leo","GSM08449","pepe","African lions in Central Kalahari Botswana","2010-06-02","21:25:00"
"368",368,33097616476,"true",23.2412657127958,-21.5793813045423,NA,18,0.000555556,1004.2,NA,"gps","Panthera leo","GSM08449","pepe","African lions in Central Kalahari Botswana","2010-06-02","21:30:00"
"369",369,33097616470,"true",23.2412608171697,-21.579376855479,NA,18,NA,1002.6,NA,"gps","Panthera leo","GSM08449","pepe","African lions in Central Kalahari Botswana","2010-06-02","21:35:00"
"370",370,33097616471,"true",23.2412630218383,-21.5793632808692,NA,17,NA,998.5,NA,"gps","Panthera leo","GSM08449","pepe","African lions in Central Kalahari Botswana","2010-06-02","21:40:00"
"371",371,33097616441,"true",23.2412251292289,-21.5794495755731,NA,17,NA,1004,NA,"gps","Panthera leo","GSM08449","pepe","African lions in Central Kalahari Botswana","2010-06-02","21:45:00"
"372",372,33097616474,"true",23.2412646451965,-21.5793903488674,NA,16,NA,1002.1,NA,"gps","Panthera leo","GSM08449","pepe","African lions in Central Kalahari Botswana","2010-06-02","21:50:00"
"373",373,33097616473,"true",23.2412645062567,-21.5793813207866,NA,16,NA,1001.7,NA,"gps","Panthera leo","GSM08449","pepe","African lions in Central Kalahari Botswana","2010-06-02","21:55:00"
"374",374,33097616481,"true",23.241267917464,-21.5793677299325,NA,16,0.000580017408458,1000.1,NA,"gps","Panthera leo","GSM08449","pepe","African lions in Central Kalahari Botswana","2010-06-02","22:00:00"
"375",375,33097616491,"true",23.2412734163594,-21.5793721708734,NA,15,NA,1001.7,NA,"gps","Panthera leo","GSM08449","pepe","African lions in Central Kalahari Botswana","2010-06-02","22:05:00"
"376",376,33097616488,"true",23.2412717454911,-21.5793812233207,NA,15,NA,999.6,NA,"gps","Panthera leo","GSM08449","pepe","African lions in Central Kalahari Botswana","2010-06-02","22:10:00"
"377",377,33097616499,"true",23.2412771054466,-21.5793766361807,NA,15,NA,1000.8,NA,"gps","Panthera leo","GSM08449","pepe","African lions in Central Kalahari Botswana","2010-06-02","22:15:00"
"378",378,33097616479,"true",23.2412668498649,-21.5793767742576,NA,15,NA,998,NA,"gps","Panthera leo","GSM08449","pepe","African lions in Central Kalahari Botswana","2010-06-02","22:20:00"
"379",379,33097616480,"true",23.2412669888048,-21.5793858023384,NA,15,NA,998.4,NA,"gps","Panthera leo","GSM08449","pepe","African lions in Central Kalahari Botswana","2010-06-02","22:25:00"
"380",380,33097616482,"true",23.2412680564039,-21.5793767580133,NA,15,0.000555556,1000.5,NA,"gps","Panthera leo","GSM08449","pepe","African lions in Central Kalahari Botswana","2010-06-02","22:30:00"
"381",381,33097616483,"true",23.2412680564039,-21.5793767580133,NA,15,NA,1000.5,NA,"gps","Panthera leo","GSM08449","pepe","African lions in Central Kalahari Botswana","2010-06-02","22:35:00"
"382",382,33097616504,"true",23.2412860850187,-21.5793720003073,NA,14,NA,1001.2,NA,"gps","Panthera leo","GSM08449","pepe","African lions in Central Kalahari Botswana","2010-06-02","22:40:00"
"383",383,33097616496,"true",23.2412758294374,-21.5793721383847,NA,14,NA,1006.6,NA,"gps","Panthera leo","GSM08449","pepe","African lions in Central Kalahari Botswana","2010-06-02","22:45:00"
"384",384,33097616484,"true",23.2412680564039,-21.5793767580133,NA,14,NA,1000.5,NA,"gps","Panthera leo","GSM08449","pepe","African lions in Central Kalahari Botswana","2010-06-02","22:50:00"
"385",385,33097616507,"true",23.2412874304989,-21.5793810121435,NA,14,NA,1004,NA,"gps","Panthera leo","GSM08449","pepe","African lions in Central Kalahari Botswana","2010-06-02","22:55:00"
"386",386,33097616489,"true",23.2412718149612,-21.5793857373611,NA,14,0.000580017408458,1000,NA,"gps","Panthera leo","GSM08449","pepe","African lions in Central Kalahari Botswana","2010-06-02","23:00:00"
"387",387,33097616463,"true",23.2412553182744,-21.5793724145377,NA,13,NA,1001,NA,"gps","Panthera leo","GSM08449","pepe","African lions in Central Kalahari Botswana","2010-06-02","23:05:00"
"388",388,33097616486,"true",23.2412692629429,-21.579376741769,NA,13,NA,1002.9,NA,"gps","Panthera leo","GSM08449","pepe","African lions in Central Kalahari Botswana","2010-06-02","23:10:00"
"389",389,33097616493,"true",23.2412746228984,-21.5793721546291,NA,13,NA,1004.2,NA,"gps","Panthera leo","GSM08449","pepe","African lions in Central Kalahari Botswana","2010-06-02","23:15:00"
"390",390,33097616446,"true",23.2412350630361,-21.5793501123635,NA,14,NA,1002.4,NA,"gps","Panthera leo","GSM08449","pepe","African lions in Central Kalahari Botswana","2010-06-02","23:20:00"
"391",391,33097616452,"true",23.2412402365368,-21.5793726175897,NA,14,NA,1004.8,NA,"gps","Panthera leo","GSM08449","pepe","African lions in Central Kalahari Botswana","2010-06-02","23:25:00"
"392",392,33097616447,"true",23.2412353409117,-21.5793681685255,NA,14,0.002336639647088,1003.2,NA,"gps","Panthera leo","GSM08449","pepe","African lions in Central Kalahari Botswana","2010-06-02","23:30:00"
"393",393,33097616454,"true",23.2412429750076,-21.5793545208175,NA,14,NA,1008.9,NA,"gps","Panthera leo","GSM08449","pepe","African lions in Central Kalahari Botswana","2010-06-02","23:35:00"
"394",394,33097616369,"true",23.2410752842626,-21.5795148025847,NA,15,NA,1002.1,NA,"gps","Panthera leo","GSM08449","pepe","African lions in Central Kalahari Botswana","2010-06-02","23:40:00"
"395",395,33097616156,"true",23.2407304002282,-21.5794923553577,NA,15,NA,1003.3,NA,"gps","Panthera leo","GSM08449","pepe","African lions in Central Kalahari Botswana","2010-06-02","23:45:00"
"396",396,33097615827,"true",23.2400474674238,-21.5796956905662,NA,16,NA,1004,NA,"gps","Panthera leo","GSM08449","pepe","African lions in Central Kalahari Botswana","2010-06-02","23:50:00"
"397",397,33097615675,"true",23.2396649859092,-21.5804458084822,NA,16,NA,999.9,NA,"gps","Panthera leo","GSM08449","pepe","African lions in Central Kalahari Botswana","2010-06-02","23:55:00"
"398",398,33097615944,"true",23.2402322984391,-21.5797473830418,NA,17,0.062163340286188,1004.7,NA,"gps","Panthera leo","GSM08449","pepe","African lions in Central Kalahari Botswana","2010-06-03","00:00:00"
"399",399,33097615753,"true",23.2399095033927,-21.5802980391464,NA,17,NA,1006.3,NA,"gps","Panthera leo","GSM08449","pepe","African lions in Central Kalahari Botswana","2010-06-03","00:05:00"
"400",400,33097615575,"true",23.2395189670321,-21.5805245276685,NA,17,NA,1005.7,NA,"gps","Panthera leo","GSM08449","pepe","African lions in Central Kalahari Botswana","2010-06-03","00:10:00"
"401",401,33097615209,"true",23.2383078848354,-21.5793037115879,NA,17,NA,1010.2,NA,"gps","Panthera leo","GSM08449","pepe","African lions in Central Kalahari Botswana","2010-06-03","00:15:00"
"402",402,33097615178,"true",23.2382094913806,-21.5795759334863,NA,17,NA,1006.9,NA,"gps","Panthera leo","GSM08449","pepe","African lions in Central Kalahari Botswana","2010-06-03","00:20:00"
"403",403,33097614626,"true",23.2364452805144,-21.581626873165,NA,18,NA,1006.5,NA,"gps","Panthera leo","GSM08449","pepe","African lions in Central Kalahari Botswana","2010-06-03","00:25:00"
"404",404,33097613932,"true",23.2348241805143,-21.5821543246397,NA,18,0.344792662778354,1005.9,NA,"gps","Panthera leo","GSM08449","pepe","African lions in Central Kalahari Botswana","2010-06-03","00:30:00"
"405",405,33097612127,"true",23.2325612210626,-21.5823788369428,NA,18,NA,1005.8,NA,"gps","Panthera leo","GSM08449","pepe","African lions in Central Kalahari Botswana","2010-06-03","00:35:00"
"406",406,33097611535,"true",23.2310628356169,-21.5824892275408,NA,19,NA,1006.9,NA,"gps","Panthera leo","GSM08449","pepe","African lions in Central Kalahari Botswana","2010-06-03","00:40:00"
"407",407,33097610549,"true",23.2290331978278,-21.5832930002076,NA,19,NA,1007.2,NA,"gps","Panthera leo","GSM08449","pepe","African lions in Central Kalahari Botswana","2010-06-03","00:45:00"
"408",408,33097610013,"true",23.2277434767185,-21.5850530586318,NA,19,NA,1007.3,NA,"gps","Panthera leo","GSM08449","pepe","African lions in Central Kalahari Botswana","2010-06-03","00:50:00"
"409",409,33097608924,"true",23.2252908393304,-21.5879528996296,NA,20,NA,1010.2,NA,"gps","Panthera leo","GSM08449","pepe","African lions in Central Kalahari Botswana","2010-06-03","00:55:00"
"410",410,33097607434,"true",23.2213631277375,-21.5886284459086,NA,20,0.87107730658351,1006.5,NA,"gps","Panthera leo","GSM08449","pepe","African lions in Central Kalahari Botswana","2010-06-03","01:00:00"
"411",411,33097606530,"true",23.2175502329861,-21.589555213258,NA,20,NA,1008.7,NA,"gps","Panthera leo","GSM08449","pepe","African lions in Central Kalahari Botswana","2010-06-03","01:05:00"
"412",412,33097605407,"true",23.213961956936,-21.5894630258474,NA,20,NA,1009,NA,"gps","Panthera leo","GSM08449","pepe","African lions in Central Kalahari Botswana","2010-06-03","01:10:00"
"413",413,33097604545,"true",23.2118134581257,-21.5879384233948,NA,20,NA,1009.2,NA,"gps","Panthera leo","GSM08449","pepe","African lions in Central Kalahari Botswana","2010-06-03","01:15:00"
"414",414,33097603497,"true",23.2085400155129,-21.586600293486,NA,20,NA,1009.3,NA,"gps","Panthera leo","GSM08449","pepe","African lions in Central Kalahari Botswana","2010-06-03","01:20:00"
"415",415,33097602200,"true",23.2048572829641,-21.5871999603714,NA,20,NA,1015.4,NA,"gps","Panthera leo","GSM08449","pepe","African lions in Central Kalahari Botswana","2010-06-03","01:25:00"
"416",416,33097600718,"true",23.2011984271841,-21.587984349453,NA,20,1.1610797760853,1009.8,NA,"gps","Panthera leo","GSM08449","pepe","African lions in Central Kalahari Botswana","2010-06-03","01:30:00"
"417",417,33097600411,"true",23.2004234674934,-21.5878952665242,NA,20,NA,1013.3,NA,"gps","Panthera leo","GSM08449","pepe","African lions in Central Kalahari Botswana","2010-06-03","01:35:00"
"418",418,33097599825,"true",23.1996565302959,-21.5879776463479,NA,20,NA,1014.3,NA,"gps","Panthera leo","GSM08449","pepe","African lions in Central Kalahari Botswana","2010-06-03","01:40:00"
"419",419,33097598105,"true",23.195906767144,-21.5886999127553,NA,21,NA,1013.2,NA,"gps","Panthera leo","GSM08449","pepe","African lions in Central Kalahari Botswana","2010-06-03","01:45:00"
"420",420,33097596690,"true",23.1923342136721,-21.5907336509779,NA,21,NA,1012.5,NA,"gps","Panthera leo","GSM08449","pepe","African lions in Central Kalahari Botswana","2010-06-03","01:50:00"
"421",421,33097595766,"true",23.1894740107197,-21.5919091108956,NA,21,NA,1012.8,NA,"gps","Panthera leo","GSM08449","pepe","African lions in Central Kalahari Botswana","2010-06-03","01:55:00"
"422",422,33097594712,"true",23.1861991876369,-21.5926836146211,NA,21,0.91017989897667,1013.4,NA,"gps","Panthera leo","GSM08449","pepe","African lions in Central Kalahari Botswana","2010-06-03","02:00:00"
"423",423,33097594031,"true",23.1832421422133,-21.5942485441321,NA,21,NA,1012.4,NA,"gps","Panthera leo","GSM08449","pepe","African lions in Central Kalahari Botswana","2010-06-03","02:05:00"
"424",424,33097593166,"true",23.1799789982735,-21.5948421736233,NA,21,NA,1010.1,NA,"gps","Panthera leo","GSM08449","pepe","African lions in Central Kalahari Botswana","2010-06-03","02:10:00"
"425",425,33097592481,"true",23.1771871873546,-21.5960842647388,NA,21,NA,1012.3,NA,"gps","Panthera leo","GSM08449","pepe","African lions in Central Kalahari Botswana","2010-06-03","02:15:00"
"426",426,33097591950,"true",23.174376399585,-21.5963829007466,NA,21,NA,1010.6,NA,"gps","Panthera leo","GSM08449","pepe","African lions in Central Kalahari Botswana","2010-06-03","02:20:00"
"427",427,33097590268,"true",23.1711914735429,-21.5971694913572,NA,21,NA,1010.3,NA,"gps","Panthera leo","GSM08449","pepe","African lions in Central Kalahari Botswana","2010-06-03","02:25:00"
"428",428,33097589198,"true",23.1676764779251,-21.5983260499886,NA,22,1.12097358011148,1008,NA,"gps","Panthera leo","GSM08449","pepe","African lions in Central Kalahari Botswana","2010-06-03","02:30:00"
"429",429,33097588482,"true",23.1649946492573,-21.600239269843,NA,22,NA,1010.8,NA,"gps","Panthera leo","GSM08449","pepe","African lions in Central Kalahari Botswana","2010-06-03","02:35:00"
"430",430,33097587283,"true",23.1617247652201,-21.6013293083507,NA,22,NA,1010.4,NA,"gps","Panthera leo","GSM08449","pepe","African lions in Central Kalahari Botswana","2010-06-03","02:40:00"
"431",431,33097586318,"true",23.1586511333087,-21.6023490117235,NA,22,NA,1010.4,NA,"gps","Panthera leo","GSM08449","pepe","African lions in Central Kalahari Botswana","2010-06-03","02:45:00"
"432",432,33097586088,"true",23.1573463117707,-21.6026323343126,NA,22,NA,1001.6,NA,"gps","Panthera leo","GSM08449","pepe","African lions in Central Kalahari Botswana","2010-06-03","02:50:00"
"433",433,33097585816,"true",23.1561559012608,-21.6015957389078,NA,21,NA,1003.6,NA,"gps","Panthera leo","GSM08449","pepe","African lions in Central Kalahari Botswana","2010-06-03","02:55:00"
"434",434,33097584573,"true",23.1524409169908,-21.5981446012344,NA,21,0.876700153304006,1007.5,NA,"gps","Panthera leo","GSM08449","pepe","African lions in Central Kalahari Botswana","2010-06-03","03:00:00"
"435",435,33097582725,"true",23.1485025141788,-21.5956128323781,NA,21,NA,1006.1,NA,"gps","Panthera leo","GSM08449","pepe","African lions in Central Kalahari Botswana","2010-06-03","03:05:00"
"436",436,33097581431,"true",23.145525648854,-21.5932898080649,NA,21,NA,1006.9,NA,"gps","Panthera leo","GSM08449","pepe","African lions in Central Kalahari Botswana","2010-06-03","03:10:00"
"437",437,33097580701,"true",23.1427978225392,-21.5912750644967,NA,21,NA,1002.8,NA,"gps","Panthera leo","GSM08449","pepe","African lions in Central Kalahari Botswana","2010-06-03","03:15:00"
"438",438,33097579937,"true",23.1397279576481,-21.5893459421509,NA,21,NA,1009.6,NA,"gps","Panthera leo","GSM08449","pepe","African lions in Central Kalahari Botswana","2010-06-03","03:20:00"
"439",439,33097579241,"true",23.1374208265961,-21.5872444157329,NA,21,NA,1018.3,NA,"gps","Panthera leo","GSM08449","pepe","African lions in Central Kalahari Botswana","2010-06-03","03:25:00"
"440",440,33097578404,"true",23.1346791306663,-21.5852974280962,NA,21,1.29208328449913,1023.4,NA,"gps","Panthera leo","GSM08449","pepe","African lions in Central Kalahari Botswana","2010-06-03","03:30:00"
"441",441,33097577805,"true",23.1322318718867,-21.5839606874741,NA,21,NA,1022.6,NA,"gps","Panthera leo","GSM08449","pepe","African lions in Central Kalahari Botswana","2010-06-03","03:35:00"
"442",442,33097577281,"true",23.1301118486754,-21.581766343721,NA,21,NA,1022.1,NA,"gps","Panthera leo","GSM08449","pepe","African lions in Central Kalahari Botswana","2010-06-03","03:40:00"
"443",443,33097577031,"true",23.1287236464368,-21.5792691222779,NA,21,NA,1025.5,NA,"gps","Panthera leo","GSM08449","pepe","African lions in Central Kalahari Botswana","2010-06-03","03:45:00"
"444",444,33097576543,"true",23.1273180720834,-21.5761986732359,NA,21,NA,1027.8,NA,"gps","Panthera leo","GSM08449","pepe","African lions in Central Kalahari Botswana","2010-06-03","03:50:00"
"445",445,33097576379,"true",23.126536816588,-21.5750527543849,NA,20,NA,1028.1,NA,"gps","Panthera leo","GSM08449","pepe","African lions in Central Kalahari Botswana","2010-06-03","03:55:00"
"446",446,33097576260,"true",23.126123646259,-21.5744439592008,NA,21,0.829654408722996,1013.4,NA,"gps","Panthera leo","GSM08449","pepe","African lions in Central Kalahari Botswana","2010-06-03","04:00:00"
"447",447,33097576250,"true",23.126109978443,-21.5744170423304,NA,21,NA,1010.3,NA,"gps","Panthera leo","GSM08449","pepe","African lions in Central Kalahari Botswana","2010-06-03","04:05:00"
"448",448,33097576253,"true",23.1261148706923,-21.5744214950944,NA,21,NA,1011.9,NA,"gps","Panthera leo","GSM08449","pepe","African lions in Central Kalahari Botswana","2010-06-03","04:10:00"
"449",449,33097576251,"true",23.1261111191483,-21.5744125125329,NA,21,NA,1012.4,NA,"gps","Panthera leo","GSM08449","pepe","African lions in Central Kalahari Botswana","2010-06-03","04:15:00"
"450",450,33097576252,"true",23.1261111850339,-21.5744170269237,NA,20,NA,1012.8,NA,"gps","Panthera leo","GSM08449","pepe","African lions in Central Kalahari Botswana","2010-06-03","04:20:00"
"451",451,33097576254,"true",23.1261150024638,-21.5744305238759,NA,20,NA,1012.3,NA,"gps","Panthera leo","GSM08449","pepe","African lions in Central Kalahari Botswana","2010-06-03","04:25:00"
"452",452,33097576263,"true",23.1261286806019,-21.5744168035257,NA,20,0.001699674415294,1013.5,NA,"gps","Panthera leo","GSM08449","pepe","African lions in Central Kalahari Botswana","2010-06-03","04:30:00"
"453",453,33097576257,"true",23.1261198947138,-21.5744349766396,NA,20,NA,1013.9,NA,"gps","Panthera leo","GSM08449","pepe","African lions in Central Kalahari Botswana","2010-06-03","04:35:00"
"454",454,33097576261,"true",23.1261251267152,-21.5744213641368,NA,20,NA,1014.7,NA,"gps","Panthera leo","GSM08449","pepe","African lions in Central Kalahari Botswana","2010-06-03","04:40:00"
"455",455,33097576255,"true",23.1261160772833,-21.5744214796876,NA,20,NA,1014.4,NA,"gps","Panthera leo","GSM08449","pepe","African lions in Central Kalahari Botswana","2010-06-03","04:45:00"
"456",456,33097576018,"true",23.1249140825895,-21.573014524386,NA,20,NA,1017.1,NA,"gps","Panthera leo","GSM08449","pepe","African lions in Central Kalahari Botswana","2010-06-03","04:50:00"
"457",457,33097575403,"true",23.1223925042707,-21.5709877329898,NA,20,NA,1016.5,NA,"gps","Panthera leo","GSM08449","pepe","African lions in Central Kalahari Botswana","2010-06-03","04:55:00"
"458",458,33097574869,"true",23.1194106301365,-21.569625982715,NA,20,0.486157516981258,1017.4,NA,"gps","Panthera leo","GSM08449","pepe","African lions in Central Kalahari Botswana","2010-06-03","05:00:00"
"459",459,33097574259,"true",23.1164645857193,-21.5676947973608,NA,20,NA,1019.6,NA,"gps","Panthera leo","GSM08449","pepe","African lions in Central Kalahari Botswana","2010-06-03","05:05:00"
"460",460,33097573605,"true",23.1132217295863,-21.5663859111092,NA,20,NA,1019.6,NA,"gps","Panthera leo","GSM08449","pepe","African lions in Central Kalahari Botswana","2010-06-03","05:10:00"
"461",461,33097572947,"true",23.1097869985451,-21.5653232125047,NA,20,NA,1020.4,NA,"gps","Panthera leo","GSM08449","pepe","African lions in Central Kalahari Botswana","2010-06-03","05:15:00"
"462",462,33097572615,"true",23.1064653986293,-21.5642364323704,NA,20,NA,1020.6,NA,"gps","Panthera leo","GSM08449","pepe","African lions in Central Kalahari Botswana","2010-06-03","05:20:00"
"463",463,33097572370,"true",23.1046430348377,-21.5632209527589,NA,20,NA,1021.8,NA,"gps","Panthera leo","GSM08449","pepe","African lions in Central Kalahari Botswana","2010-06-03","05:25:00"
"464",464,33097572243,"true",23.1035827732738,-21.5629182752475,NA,20,1.00007722478336,1022.4,NA,"gps","Panthera leo","GSM08449","pepe","African lions in Central Kalahari Botswana","2010-06-03","05:30:00"
"465",465,33097571991,"true",23.1021907074939,-21.5626604157813,NA,20,NA,1021,NA,"gps","Panthera leo","GSM08449","pepe","African lions in Central Kalahari Botswana","2010-06-03","05:35:00"
"466",466,33097571260,"true",23.0988936313694,-21.5616770183652,NA,20,NA,1022.3,NA,"gps","Panthera leo","GSM08449","pepe","African lions in Central Kalahari Botswana","2010-06-03","05:40:00"
"467",467,33097570906,"true",23.0966681298041,-21.5611948140458,NA,21,NA,1020.6,NA,"gps","Panthera leo","GSM08449","pepe","African lions in Central Kalahari Botswana","2010-06-03","05:45:00"
"468",468,33097570518,"true",23.093970029411,-21.5605740299306,NA,21,NA,1026.5,NA,"gps","Panthera leo","GSM08449","pepe","African lions in Central Kalahari Botswana","2010-06-03","05:50:00"
"469",469,33097570137,"true",23.0916360071446,-21.5598854155249,NA,21,NA,1022.5,NA,"gps","Panthera leo","GSM08449","pepe","African lions in Central Kalahari Botswana","2010-06-03","05:55:00"
"470",470,33097569578,"true",23.0891993406545,-21.5588955276755,NA,22,0.863918020022752,1023.4,NA,"gps","Panthera leo","GSM08449","pepe","African lions in Central Kalahari Botswana","2010-06-03","06:00:00"
"471",471,33097569086,"true",23.0867393285141,-21.5580007159521,NA,22,NA,1018.3,NA,"gps","Panthera leo","GSM08449","pepe","African lions in Central Kalahari Botswana","2010-06-03","06:05:00"
"472",472,33097568399,"true",23.0835122034288,-21.5567903561361,NA,22,NA,1027.3,NA,"gps","Panthera leo","GSM08449","pepe","African lions in Central Kalahari Botswana","2010-06-03","06:10:00"
"473",473,33097568009,"true",23.080627622448,-21.5567496407367,NA,23,NA,1025.3,NA,"gps","Panthera leo","GSM08449","pepe","African lions in Central Kalahari Botswana","2010-06-03","06:15:00"
"474",474,33097567967,"true",23.080061294021,-21.5562148710125,NA,23,NA,1026.3,NA,"gps","Panthera leo","GSM08449","pepe","African lions in Central Kalahari Botswana","2010-06-03","06:20:00"
"475",475,33097567825,"true",23.0793660061812,-21.5568331200755,NA,24,NA,1024,NA,"gps","Panthera leo","GSM08449","pepe","African lions in Central Kalahari Botswana","2010-06-03","06:25:00"
"476",476,33097567716,"true",23.0780996219357,-21.5546770393781,NA,25,0.689675273684222,1024.8,NA,"gps","Panthera leo","GSM08449","pepe","African lions in Central Kalahari Botswana","2010-06-03","06:30:00"
"477",477,33097567647,"true",23.0771528082014,-21.5525892086267,NA,26,NA,1021.9,NA,"gps","Panthera leo","GSM08449","pepe","African lions in Central Kalahari Botswana","2010-06-03","06:35:00"
"478",478,33097567569,"true",23.0765987267376,-21.5514717923987,NA,27,NA,1027.4,NA,"gps","Panthera leo","GSM08449","pepe","African lions in Central Kalahari Botswana","2010-06-03","06:40:00"
"479",479,33097567546,"true",23.0765749193268,-21.5514946657899,NA,28,NA,1023.7,NA,"gps","Panthera leo","GSM08449","pepe","African lions in Central Kalahari Botswana","2010-06-03","06:45:00"
"480",480,33097567515,"true",23.0765505086886,-21.5515175466946,NA,29,NA,1020.1,NA,"gps","Panthera leo","GSM08449","pepe","African lions in Central Kalahari Botswana","2010-06-03","06:50:00"
"481",481,33097567497,"true",23.0765186665787,-21.5515269741486,NA,29,NA,1017.8,NA,"gps","Panthera leo","GSM08449","pepe","African lions in Central Kalahari Botswana","2010-06-03","06:55:00"
"482",482,33097567493,"true",23.0765097468266,-21.5515361159854,NA,28,0.213798853261168,1017.8,NA,"gps","Panthera leo","GSM08449","pepe","African lions in Central Kalahari Botswana","2010-06-03","07:00:00"
"483",483,33097567504,"true",23.0765292674404,-21.5515087806684,NA,29,NA,1019.8,NA,"gps","Panthera leo","GSM08449","pepe","African lions in Central Kalahari Botswana","2010-06-03","07:05:00"
"484",484,33097567500,"true",23.0765225677467,-21.5515043487991,NA,30,NA,1015.8,NA,"gps","Panthera leo","GSM08449","pepe","African lions in Central Kalahari Botswana","2010-06-03","07:10:00"
"485",485,33097567499,"true",23.0765223106492,-21.55148629061,NA,31,NA,1015.1,NA,"gps","Panthera leo","GSM08449","pepe","African lions in Central Kalahari Botswana","2010-06-03","07:15:00"
"486",486,33097567495,"true",23.0765147258877,-21.5515044465091,NA,32,NA,1017.9,NA,"gps","Panthera leo","GSM08449","pepe","African lions in Central Kalahari Botswana","2010-06-03","07:20:00"
"487",487,33097567494,"true",23.0765098358543,-21.5514999920909,NA,32,NA,1016.3,NA,"gps","Panthera leo","GSM08449","pepe","African lions in Central Kalahari Botswana","2010-06-03","07:25:00"
"488",488,33097567492,"true",23.0765063450826,-21.5515090662822,NA,32,0.00167498050665,1017.5,NA,"gps","Panthera leo","GSM08449","pepe","African lions in Central Kalahari Botswana","2010-06-03","07:30:00"
"489",489,33097567498,"true",23.07652034769,-21.5515179225056,NA,32,NA,1019.8,NA,"gps","Panthera leo","GSM08449","pepe","African lions in Central Kalahari Botswana","2010-06-03","07:35:00"
"490",490,33097567496,"true",23.076514854436,-21.5515134756037,NA,32,NA,1018.3,NA,"gps","Panthera leo","GSM08449","pepe","African lions in Central Kalahari Botswana","2010-06-03","07:40:00"
"491",491,33097567491,"true",23.0765009161031,-21.5515091339271,NA,32,NA,1016.3,NA,"gps","Panthera leo","GSM08449","pepe","African lions in Central Kalahari Botswana","2010-06-03","07:45:00"
"492",492,33097567489,"true",23.0764743101521,-21.5515049500857,NA,33,NA,1006.7,NA,"gps","Panthera leo","GSM08449","pepe","African lions in Central Kalahari Botswana","2010-06-03","07:50:00"
"493",493,33097567513,"true",23.0765491736981,-21.5515085326328,NA,33,NA,1017.3,NA,"gps","Panthera leo","GSM08449","pepe","African lions in Central Kalahari Botswana","2010-06-03","07:55:00"
"494",494,33097567533,"true",23.0765619698679,-21.551517403885,NA,32,0.003215032849802,1017.1,NA,"gps","Panthera leo","GSM08449","pepe","African lions in Central Kalahari Botswana","2010-06-03","08:00:00"
"495",495,33097567542,"true",23.0765696831755,-21.5515082770784,NA,33,NA,1022.9,NA,"gps","Panthera leo","GSM08449","pepe","African lions in Central Kalahari Botswana","2010-06-03","08:05:00"
"496",496,33097567549,"true",23.0765761257665,-21.5514946507572,NA,33,NA,1026.2,NA,"gps","Panthera leo","GSM08449","pepe","African lions in Central Kalahari Botswana","2010-06-03","08:10:00"
"497",497,33097567522,"true",23.0765568227308,-21.5514948912796,NA,33,NA,1023,NA,"gps","Panthera leo","GSM08449","pepe","African lions in Central Kalahari Botswana","2010-06-03","08:15:00"
"498",498,33097567534,"true",23.0765629834808,-21.5515038452109,NA,33,NA,1018.8,NA,"gps","Panthera leo","GSM08449","pepe","African lions in Central Kalahari Botswana","2010-06-03","08:20:00"
"499",499,33097567512,"true",23.0765442836636,-21.5515040782156,NA,34,NA,1015.7,NA,"gps","Panthera leo","GSM08449","pepe","African lions in Central Kalahari Botswana","2010-06-03","08:25:00"
"500",500,33097567523,"true",23.0765570798327,-21.5515129494683,NA,34,0.000277778,1015.5,NA,"gps","Panthera leo","GSM08449","pepe","African lions in Central Kalahari Botswana","2010-06-03","08:30:00"
"501",501,33097567541,"true",23.0765694013351,-21.5515308573304,NA,34,NA,1015.8,NA,"gps","Panthera leo","GSM08449","pepe","African lions in Central Kalahari Botswana","2010-06-03","08:35:00"
"502",502,33097567543,"true",23.0765721355953,-21.5515534000005,NA,34,NA,1013.2,NA,"gps","Panthera leo","GSM08449","pepe","African lions in Central Kalahari Botswana","2010-06-03","08:40:00"
"503",503,33097567545,"true",23.0765742023604,-21.5515714356398,NA,33,NA,1010.7,NA,"gps","Panthera leo","GSM08449","pepe","African lions in Central Kalahari Botswana","2010-06-03","08:45:00"
"504",504,33097567518,"true",23.0765516903871,-21.5515581701028,NA,33,NA,1008,NA,"gps","Panthera leo","GSM08449","pepe","African lions in Central Kalahari Botswana","2010-06-03","08:50:00"
"505",505,33097567517,"true",23.0765516261116,-21.5515536555557,NA,33,NA,1007.6,NA,"gps","Panthera leo","GSM08449","pepe","African lions in Central Kalahari Botswana","2010-06-03","08:55:00"
"506",506,33097567511,"true",23.0765425778099,-21.5515537682998,NA,33,0.002393408581392,1007.3,NA,"gps","Panthera leo","GSM08449","pepe","African lions in Central Kalahari Botswana","2010-06-03","09:00:00"
"507",507,33097567526,"true",23.0765591465948,-21.551530985108,NA,33,NA,1013,NA,"gps","Panthera leo","GSM08449","pepe","African lions in Central Kalahari Botswana","2010-06-03","09:05:00"
"508",508,33097567502,"true",23.0765264441643,-21.5515223618911,NA,33,NA,1007.5,NA,"gps","Panthera leo","GSM08449","pepe","African lions in Central Kalahari Botswana","2010-06-03","09:10:00"
"509",509,33097567537,"true",23.0765667313517,-21.5515128292072,NA,33,NA,1018.4,NA,"gps","Panthera leo","GSM08449","pepe","African lions in Central Kalahari Botswana","2010-06-03","09:15:00"
"510",510,33097567527,"true",23.0765591713348,-21.5514903466673,NA,33,NA,1019.3,NA,"gps","Panthera leo","GSM08449","pepe","African lions in Central Kalahari Botswana","2010-06-03","09:20:00"
"511",511,33097567528,"true",23.0765592998858,-21.5514993757616,NA,33,NA,1019.7,NA,"gps","Panthera leo","GSM08449","pepe","African lions in Central Kalahari Botswana","2010-06-03","09:25:00"
"512",512,33097567530,"true",23.0765596460037,-21.5514813100566,NA,33,0.00456807587668,1019,NA,"gps","Panthera leo","GSM08449","pepe","African lions in Central Kalahari Botswana","2010-06-03","09:30:00"
"513",513,33097567507,"true",23.0765313589469,-21.5514861778673,NA,33,NA,1015.4,NA,"gps","Panthera leo","GSM08449","pepe","African lions in Central Kalahari Botswana","2010-06-03","09:36:00"
"514",514,33097567519,"true",23.0765533319623,-21.5515039654717,NA,33,NA,1024.2,NA,"gps","Panthera leo","GSM08449","pepe","African lions in Central Kalahari Botswana","2010-06-03","09:40:00"
"515",515,33097567508,"true",23.07653637753,-21.5514996613794,NA,34,NA,1017.4,NA,"gps","Panthera leo","GSM08449","pepe","African lions in Central Kalahari Botswana","2010-06-03","09:45:00"
"516",516,33097567509,"true",23.0765404072445,-21.5514860651242,NA,34,NA,1015.8,NA,"gps","Panthera leo","GSM08449","pepe","African lions in Central Kalahari Botswana","2010-06-03","09:50:00"
"517",517,33097567539,"true",23.0765675772046,-21.5508942159671,NA,35,NA,1015.7,NA,"gps","Panthera leo","GSM08449","pepe","African lions in Central Kalahari Botswana","2010-06-03","09:55:00"
"518",518,33097567552,"true",23.0765864697664,-21.5509075266083,NA,37,0.035057124434566,1019.6,NA,"gps","Panthera leo","GSM08449","pepe","African lions in Central Kalahari Botswana","2010-06-03","10:00:00"
"519",519,33097567538,"true",23.0765671668086,-21.5509077671257,NA,37,NA,1016.5,NA,"gps","Panthera leo","GSM08449","pepe","African lions in Central Kalahari Botswana","2010-06-03","10:05:00"
"520",520,33097567578,"true",23.0766069791589,-21.5509072710561,NA,38,NA,1017.1,NA,"gps","Panthera leo","GSM08449","pepe","African lions in Central Kalahari Botswana","2010-06-03","10:10:00"
"521",521,33097567531,"true",23.0765597106236,-21.5509349521201,NA,39,NA,1011.5,NA,"gps","Panthera leo","GSM08449","pepe","African lions in Central Kalahari Botswana","2010-06-03","10:15:00"
"522",522,33097567555,"true",23.076588793615,-21.5509436204388,NA,40,NA,1017.8,NA,"gps","Panthera leo","GSM08449","pepe","African lions in Central Kalahari Botswana","2010-06-03","10:20:00"
"523",523,33097567573,"true",23.0766013326341,-21.5509344335029,NA,40,NA,1017,NA,"gps","Panthera leo","GSM08449","pepe","African lions in Central Kalahari Botswana","2010-06-03","10:25:00"
"524",524,33097567575,"true",23.0766014611841,-21.5509434625976,NA,39,0.002373336343112,1017.3,NA,"gps","Panthera leo","GSM08449","pepe","African lions in Central Kalahari Botswana","2010-06-03","10:30:00"
"525",525,33097567591,"true",23.0766141930284,-21.5509478193028,NA,39,0.007777784,1016.8,NA,"gps","Panthera leo","GSM08449","pepe","African lions in Central Kalahari Botswana","2010-06-03","10:33:00"
"526",526,33097567567,"true",23.0765977133289,-21.5509344786005,NA,39,NA,1017.8,NA,"gps","Panthera leo","GSM08449","pepe","African lions in Central Kalahari Botswana","2010-06-03","10:35:00"
"527",527,33097567520,"true",23.0765536141746,-21.5509305127336,NA,39,NA,1023.8,NA,"gps","Panthera leo","GSM08449","pepe","African lions in Central Kalahari Botswana","2010-06-03","10:40:00"
"528",528,33097567568,"true",23.0765979061535,-21.5509480222426,NA,40,NA,1018.5,NA,"gps","Panthera leo","GSM08449","pepe","African lions in Central Kalahari Botswana","2010-06-03","10:45:00"
"529",529,33097567505,"true",23.0765297278184,-21.5508630801299,NA,40,NA,1032.5,NA,"gps","Panthera leo","GSM08449","pepe","African lions in Central Kalahari Botswana","2010-06-03","10:51:00"
"530",530,33097567564,"true",23.0765931694328,-21.5509119584773,NA,40,NA,1023.7,NA,"gps","Panthera leo","GSM08449","pepe","African lions in Central Kalahari Botswana","2010-06-03","10:55:00"
"531",531,33097567603,"true",23.076629683858,-21.5509340802361,NA,39,0.001164690098418,1020.5,NA,"gps","Panthera leo","GSM08449","pepe","African lions in Central Kalahari Botswana","2010-06-03","11:00:00"
"532",532,33097567562,"true",23.0765916811535,-21.5509345537629,NA,40,NA,1022.3,NA,"gps","Panthera leo","GSM08449","pepe","African lions in Central Kalahari Botswana","2010-06-03","11:05:00"
"533",533,33097567585,"true",23.0766105094476,-21.5509433498534,NA,40,NA,1017.7,NA,"gps","Panthera leo","GSM08449","pepe","African lions in Central Kalahari Botswana","2010-06-03","11:10:00"
"534",534,33097567592,"true",23.0766145391445,-21.5509297535973,NA,41,NA,1016.1,NA,"gps","Panthera leo","GSM08449","pepe","African lions in Central Kalahari Botswana","2010-06-03","11:15:00"
"535",535,33097567582,"true",23.0766088926207,-21.5509569160442,NA,41,NA,1016,NA,"gps","Panthera leo","GSM08449","pepe","African lions in Central Kalahari Botswana","2010-06-03","11:20:00"
"536",536,33097567593,"true",23.0766145391445,-21.5509297535973,NA,42,NA,1016.1,NA,"gps","Panthera leo","GSM08449","pepe","African lions in Central Kalahari Botswana","2010-06-03","11:25:00"
"537",537,33097567579,"true",23.0766080965774,-21.5509433799185,NA,42,0.001393327225772,1012.8,NA,"gps","Panthera leo","GSM08449","pepe","African lions in Central Kalahari Botswana","2010-06-03","11:30:00"
"538",538,33097567595,"true",23.0766152709128,-21.5509387751756,NA,42,NA,1010.7,NA,"gps","Panthera leo","GSM08449","pepe","African lions in Central Kalahari Botswana","2010-06-03","11:35:00"
"539",539,33097567594,"true",23.076615142362,-21.550929746081,NA,43,NA,1010.3,NA,"gps","Panthera leo","GSM08449","pepe","African lions in Central Kalahari Botswana","2010-06-03","11:40:00"
"540",540,33097567580,"true",23.0766080965774,-21.5509433799185,NA,43,NA,1012.8,NA,"gps","Panthera leo","GSM08449","pepe","African lions in Central Kalahari Botswana","2010-06-03","11:45:00"
"541",541,33097567574,"true",23.0766013326341,-21.5509344335029,NA,42,NA,1017,NA,"gps","Panthera leo","GSM08449","pepe","African lions in Central Kalahari Botswana","2010-06-03","11:50:00"
"542",542,33097567597,"true",23.0766157455795,-21.5509297385646,NA,42,NA,1018.5,NA,"gps","Panthera leo","GSM08449","pepe","African lions in Central Kalahari Botswana","2010-06-03","11:55:00"
"543",543,33097567583,"true",23.0766091744621,-21.5509343357913,NA,41,0.000566558231024,1014.9,NA,"gps","Panthera leo","GSM08449","pepe","African lions in Central Kalahari Botswana","2010-06-03","12:00:00"
"544",544,33097567599,"true",23.076621713479,-21.5509251488541,NA,41,NA,1005.8,NA,"gps","Panthera leo","GSM08449","pepe","African lions in Central Kalahari Botswana","2010-06-03","12:05:00"
"545",545,33097567600,"true",23.076621713479,-21.5509251488541,NA,40,NA,1005.8,NA,"gps","Panthera leo","GSM08449","pepe","African lions in Central Kalahari Botswana","2010-06-03","12:10:00"
"546",546,33097567586,"true",23.0766105094476,-21.5509433498534,NA,40,NA,1017.7,NA,"gps","Panthera leo","GSM08449","pepe","African lions in Central Kalahari Botswana","2010-06-03","12:15:00"
"547",547,33097567589,"true",23.0766127294919,-21.5509297761462,NA,39,NA,1013.7,NA,"gps","Panthera leo","GSM08449","pepe","African lions in Central Kalahari Botswana","2010-06-03","12:20:00"
"548",548,33097567596,"true",23.0766152956522,-21.5508981367334,NA,39,NA,1008.9,NA,"gps","Panthera leo","GSM08449","pepe","African lions in Central Kalahari Botswana","2010-06-03","12:26:00"
"549",549,33097567570,"true",23.0765989445081,-21.5508938251254,NA,39,0.002832790877342,1010.2,NA,"gps","Panthera leo","GSM08449","pepe","African lions in Central Kalahari Botswana","2010-06-03","12:30:00"
"550",550,33097567557,"true",23.0765900247965,-21.5509029669636,NA,39,NA,1010.2,NA,"gps","Panthera leo","GSM08449","pepe","African lions in Central Kalahari Botswana","2010-06-03","12:35:00"
"551",551,33097567558,"true",23.0765900247965,-21.5509029669636,NA,38,NA,1010.2,NA,"gps","Panthera leo","GSM08449","pepe","African lions in Central Kalahari Botswana","2010-06-03","12:40:00"
"552",552,33097567559,"true",23.0765900247965,-21.5509029669636,NA,38,NA,1010.2,NA,"gps","Panthera leo","GSM08449","pepe","African lions in Central Kalahari Botswana","2010-06-03","12:45:00"
"553",553,33097567560,"true",23.0765900247965,-21.5509029669636,NA,38,NA,1010.2,NA,"gps","Panthera leo","GSM08449","pepe","African lions in Central Kalahari Botswana","2010-06-03","12:50:00"
"554",554,33097567554,"true",23.0765885612639,-21.5508849238064,NA,37,NA,1007.1,NA,"gps","Panthera leo","GSM08449","pepe","African lions in Central Kalahari Botswana","2010-06-03","12:55:00"
"555",555,33097567571,"true",23.0765999976493,-21.5509254194408,NA,37,0.002222224,1006,NA,"gps","Panthera leo","GSM08449","pepe","African lions in Central Kalahari Botswana","2010-06-03","13:00:00"
"556",556,33097567548,"true",23.0765751124333,-21.5509573369536,NA,37,NA,1016.6,NA,"gps","Panthera leo","GSM08449","pepe","African lions in Central Kalahari Botswana","2010-06-03","13:05:00"
"557",557,33097567556,"true",23.0765888183617,-21.5509029819961,NA,38,NA,1007.8,NA,"gps","Panthera leo","GSM08449","pepe","African lions in Central Kalahari Botswana","2010-06-03","13:10:00"
"558",558,33097567551,"true",23.076583389405,-21.5509030496419,NA,39,NA,1006.6,NA,"gps","Panthera leo","GSM08449","pepe","African lions in Central Kalahari Botswana","2010-06-03","13:15:00"
"559",559,33097567535,"true",23.0765643682967,-21.5508807099053,NA,38,NA,1002.3,NA,"gps","Panthera leo","GSM08449","pepe","African lions in Central Kalahari Botswana","2010-06-03","13:20:00"
"560",560,33097567501,"true",23.07652408128,-21.5508902425752,NA,38,NA,999.6,NA,"gps","Panthera leo","GSM08449","pepe","African lions in Central Kalahari Botswana","2010-06-03","13:25:00"
"561",561,33097567598,"true",23.0766166058988,-21.5509477892375,NA,38,0.001458268388836,1013.5,NA,"gps","Panthera leo","GSM08449","pepe","African lions in Central Kalahari Botswana","2010-06-03","13:30:00"
"562",562,33097567565,"true",23.0765950186152,-21.5509570889185,NA,38,NA,1014,NA,"gps","Panthera leo","GSM08449","pepe","African lions in Central Kalahari Botswana","2010-06-03","13:35:00"
"563",563,33097567588,"true",23.0766119729842,-21.55096139301,NA,38,NA,1012.7,NA,"gps","Panthera leo","GSM08449","pepe","African lions in Central Kalahari Botswana","2010-06-03","13:40:00"
"564",564,33097567506,"true",23.0765303457816,-21.5509488640497,NA,38,NA,997.7,NA,"gps","Panthera leo","GSM08449","pepe","African lions in Central Kalahari Botswana","2010-06-03","13:45:00"
"565",565,33097567503,"true",23.0765276510573,-21.5509714743675,NA,38,NA,985.7,NA,"gps","Panthera leo","GSM08449","pepe","African lions in Central Kalahari Botswana","2010-06-03","13:50:00"
"566",566,33097567524,"true",23.0765581580656,-21.5509530328583,NA,39,NA,1001.6,NA,"gps","Panthera leo","GSM08449","pepe","African lions in Central Kalahari Botswana","2010-06-03","13:55:00"
"567",567,33097567525,"true",23.0765586327358,-21.5509439962472,NA,39,0.003333336,1009.4,NA,"gps","Panthera leo","GSM08449","pepe","African lions in Central Kalahari Botswana","2010-06-03","14:00:00"
"568",568,33097567529,"true",23.0765595178027,-21.5509214084776,NA,39,NA,1010.7,NA,"gps","Panthera leo","GSM08449","pepe","African lions in Central Kalahari Botswana","2010-06-03","14:05:00"
"569",569,33097567521,"true",23.0765553347983,-21.5509666140812,NA,40,NA,997.4,NA,"gps","Panthera leo","GSM08449","pepe","African lions in Central Kalahari Botswana","2010-06-03","14:10:00"
"570",570,33097567550,"true",23.0765824153194,-21.5509617613067,NA,40,NA,1014.9,NA,"gps","Panthera leo","GSM08449","pepe","African lions in Central Kalahari Botswana","2010-06-03","14:15:00"
"571",571,33097567572,"true",23.0766003832989,-21.5509525067249,NA,40,NA,1015.3,NA,"gps","Panthera leo","GSM08449","pepe","African lions in Central Kalahari Botswana","2010-06-03","14:20:00"
"572",572,33097567576,"true",23.0766030780117,-21.5509298964068,NA,40,NA,1010.8,NA,"gps","Panthera leo","GSM08449","pepe","African lions in Central Kalahari Botswana","2010-06-03","14:25:00"
"573",573,33097567587,"true",23.0766106627386,-21.5509117405058,NA,40,0.003733402431164,1024.4,NA,"gps","Panthera leo","GSM08449","pepe","African lions in Central Kalahari Botswana","2010-06-03","14:30:00"
"574",574,33097567601,"true",23.0766259212006,-21.5508393048082,NA,40,NA,1033.7,NA,"gps","Panthera leo","GSM08449","pepe","African lions in Central Kalahari Botswana","2010-06-03","14:35:00"
"575",575,33097567577,"true",23.076605772724,-21.5509072860887,NA,40,NA,1022.8,NA,"gps","Panthera leo","GSM08449","pepe","African lions in Central Kalahari Botswana","2010-06-03","14:40:00"
"576",576,33097567547,"true",23.0765749838848,-21.5509483078588,NA,40,NA,1024.4,NA,"gps","Panthera leo","GSM08449","pepe","African lions in Central Kalahari Botswana","2010-06-03","14:45:00"
"577",577,33097567532,"true",23.0765597106236,-21.5509349521201,NA,40,NA,1019.7,NA,"gps","Panthera leo","GSM08449","pepe","African lions in Central Kalahari Botswana","2010-06-03","14:50:00"
"578",578,33097567553,"true",23.0765867120864,-21.5508397933645,NA,40,NA,1024.9,NA,"gps","Panthera leo","GSM08449","pepe","African lions in Central Kalahari Botswana","2010-06-03","14:55:00"
"579",579,33097567563,"true",23.0765929123344,-21.5508939002878,NA,39,0.001446627268412,1022.9,NA,"gps","Panthera leo","GSM08449","pepe","African lions in Central Kalahari Botswana","2010-06-03","15:01:00"
"580",580,33097567566,"true",23.0765967244627,-21.5509073988325,NA,39,NA,1022.5,NA,"gps","Panthera leo","GSM08449","pepe","African lions in Central Kalahari Botswana","2010-06-03","15:11:00"
"581",581,33097567516,"true",23.0765511865473,-21.550844751363,NA,39,NA,1023.4,NA,"gps","Panthera leo","GSM08449","pepe","African lions in Central Kalahari Botswana","2010-06-03","15:25:00"
"582",582,33097567604,"true",23.0766361511567,-21.5508798154723,NA,38,0.00264929656388,1030.1,NA,"gps","Panthera leo","GSM08449","pepe","African lions in Central Kalahari Botswana","2010-06-03","15:30:00"
"583",583,33097567607,"true",23.0766579955323,-21.5508885739759,NA,38,NA,1030.4,NA,"gps","Panthera leo","GSM08449","pepe","African lions in Central Kalahari Botswana","2010-06-03","15:37:00"
"584",584,33097567613,"true",23.0766873850694,-21.5508340235847,NA,37,NA,1050.5,NA,"gps","Panthera leo","GSM08449","pepe","African lions in Central Kalahari Botswana","2010-06-03","15:40:00"
"585",585,33097567608,"true",23.0766592266954,-21.5508479205016,NA,37,NA,1031,NA,"gps","Panthera leo","GSM08449","pepe","African lions in Central Kalahari Botswana","2010-06-03","15:45:00"
"586",586,33097567590,"true",23.0766133179158,-21.5508439771978,NA,36,NA,1026.3,NA,"gps","Panthera leo","GSM08449","pepe","African lions in Central Kalahari Botswana","2010-06-03","15:50:00"
"587",587,33097567610,"true",23.076677926427,-21.5508476874907,NA,36,NA,1034.2,NA,"gps","Panthera leo","GSM08449","pepe","African lions in Central Kalahari Botswana","2010-06-03","15:55:00"
"588",588,33097567611,"true",23.0766833553813,-21.550847619842,NA,35,0.003557293956944,1035.7,NA,"gps","Panthera leo","GSM08449","pepe","African lions in Central Kalahari Botswana","2010-06-03","16:00:00"
"589",589,33097567618,"true",23.0766995136887,-21.5508383878006,NA,35,NA,1033.7,NA,"gps","Panthera leo","GSM08449","pepe","African lions in Central Kalahari Botswana","2010-06-03","16:05:00"
"590",590,33097567540,"true",23.0765691545154,-21.5508354967854,NA,34,NA,1023.8,NA,"gps","Panthera leo","GSM08449","pepe","African lions in Central Kalahari Botswana","2010-06-03","16:10:00"
"591",591,33097567621,"true",23.0767264656225,-21.5508245059107,NA,33,NA,1034.4,NA,"gps","Panthera leo","GSM08449","pepe","African lions in Central Kalahari Botswana","2010-06-03","16:15:00"
"592",592,33097567192,"true",23.0744220462299,-21.5508441746221,NA,32,NA,1028.8,NA,"gps","Panthera leo","GSM08449","pepe","African lions in Central Kalahari Botswana","2010-06-03","16:20:00"
"593",593,33097566898,"true",23.0720472084199,-21.5499841921581,NA,30,NA,1022.2,NA,"gps","Panthera leo","GSM08449","pepe","African lions in Central Kalahari Botswana","2010-06-03","16:25:00"
"594",594,33097566573,"true",23.0697656911278,-21.5490236769582,NA,29,0.413625153399858,1022.6,NA,"gps","Panthera leo","GSM08449","pepe","African lions in Central Kalahari Botswana","2010-06-03","16:30:00"
"595",595,33097566446,"true",23.0670694770203,-21.5480456949641,NA,28,NA,1023.8,NA,"gps","Panthera leo","GSM08449","pepe","African lions in Central Kalahari Botswana","2010-06-03","16:35:00"
"596",596,33097566410,"true",23.0655745934901,-21.546009732586,NA,28,NA,1023.9,NA,"gps","Panthera leo","GSM08449","pepe","African lions in Central Kalahari Botswana","2010-06-03","16:40:00"
"597",597,33097566221,"true",23.0638698833224,-21.5444911045418,NA,28,NA,1027.4,NA,"gps","Panthera leo","GSM08449","pepe","African lions in Central Kalahari Botswana","2010-06-03","16:45:00"
"598",598,33097566111,"true",23.0614925134246,-21.5442947523271,NA,27,NA,1028.7,NA,"gps","Panthera leo","GSM08449","pepe","African lions in Central Kalahari Botswana","2010-06-03","16:50:00"
"599",599,33097566065,"true",23.0596480564347,-21.5435138127066,NA,26,NA,1029.8,NA,"gps","Panthera leo","GSM08449","pepe","African lions in Central Kalahari Botswana","2010-06-03","16:55:00"
"600",600,33097566002,"true",23.0579138312697,-21.5440454692906,NA,26,0.74788738442054,1029.4,NA,"gps","Panthera leo","GSM08449","pepe","African lions in Central Kalahari Botswana","2010-06-03","17:00:00"
"601",601,33097565910,"true",23.0566883987281,-21.5443360315959,NA,25,NA,1030.6,NA,"gps","Panthera leo","GSM08449","pepe","African lions in Central Kalahari Botswana","2010-06-03","17:05:00"
"602",602,33097565885,"true",23.0556162866368,-21.5453607039812,NA,25,NA,1029.2,NA,"gps","Panthera leo","GSM08449","pepe","African lions in Central Kalahari Botswana","2010-06-03","17:10:00"
"603",603,33097565883,"true",23.0555985128666,-21.5455550851331,NA,25,NA,1036.9,NA,"gps","Panthera leo","GSM08449","pepe","African lions in Central Kalahari Botswana","2010-06-03","17:15:00"
"604",604,33097565880,"true",23.0554993967052,-21.5455427611884,NA,25,NA,1021.2,NA,"gps","Panthera leo","GSM08449","pepe","African lions in Central Kalahari Botswana","2010-06-03","17:20:00"
"605",605,33097565881,"true",23.0555105087844,-21.5455606857434,NA,24,NA,1019,NA,"gps","Panthera leo","GSM08449","pepe","African lions in Central Kalahari Botswana","2010-06-03","17:25:00"
"606",606,33097565879,"true",23.0554803486154,-21.5455610576505,NA,24,0.168410907228618,1018.7,NA,"gps","Panthera leo","GSM08449","pepe","African lions in Central Kalahari Botswana","2010-06-03","17:30:00"
"607",607,33097565966,"true",23.0572438135039,-21.5442343549182,NA,24,NA,1007,NA,"gps","Panthera leo","GSM08449","pepe","African lions in Central Kalahari Botswana","2010-06-03","17:35:00"
"608",608,33097566049,"true",23.0592356209976,-21.5433157153976,NA,24,NA,1002.9,NA,"gps","Panthera leo","GSM08449","pepe","African lions in Central Kalahari Botswana","2010-06-03","17:40:00"
"609",609,33097566109,"true",23.0614160332781,-21.5432797368423,NA,23,NA,1001.9,NA,"gps","Panthera leo","GSM08449","pepe","African lions in Central Kalahari Botswana","2010-06-03","17:45:00"
"610",610,33097566328,"true",23.0641235804803,-21.5437880798385,NA,23,NA,1001.7,NA,"gps","Panthera leo","GSM08449","pepe","African lions in Central Kalahari Botswana","2010-06-03","17:50:00"
"611",611,33097566447,"true",23.0671095094157,-21.5437601118951,NA,23,NA,1004.2,NA,"gps","Panthera leo","GSM08449","pepe","African lions in Central Kalahari Botswana","2010-06-03","17:55:00"
"612",612,33097566567,"true",23.069659115248,-21.543042141672,NA,23,0.830765365167316,1008.5,NA,"gps","Panthera leo","GSM08449","pepe","African lions in Central Kalahari Botswana","2010-06-03","18:00:00"
"613",613,33097566908,"true",23.0721592171846,-21.5424511794736,NA,23,NA,1014.7,NA,"gps","Panthera leo","GSM08449","pepe","African lions in Central Kalahari Botswana","2010-06-03","18:05:00"
"614",614,33097567274,"true",23.0750362581663,-21.5418961280355,NA,23,NA,1017.2,NA,"gps","Panthera leo","GSM08449","pepe","African lions in Central Kalahari Botswana","2010-06-03","18:10:00"
"615",615,33097567672,"true",23.0775909980936,-21.5408664178834,NA,23,NA,1017.5,NA,"gps","Panthera leo","GSM08449","pepe","African lions in Central Kalahari Botswana","2010-06-03","18:15:00"
"616",616,33097568013,"true",23.0806426290513,-21.5408825460047,NA,23,NA,1015.7,NA,"gps","Panthera leo","GSM08449","pepe","African lions in Central Kalahari Botswana","2010-06-03","18:20:00"
"617",617,33097568299,"true",23.0827075499536,-21.5404097445517,NA,23,NA,1014.8,NA,"gps","Panthera leo","GSM08449","pepe","African lions in Central Kalahari Botswana","2010-06-03","18:25:00"
"618",618,33097568249,"true",23.0822554756437,-21.5412823367682,NA,22,0.733015089744936,1017.5,NA,"gps","Panthera leo","GSM08449","pepe","African lions in Central Kalahari Botswana","2010-06-03","18:30:00"
"619",619,33097568452,"true",23.0838962400333,-21.5406793573994,NA,22,NA,1017.7,NA,"gps","Panthera leo","GSM08449","pepe","African lions in Central Kalahari Botswana","2010-06-03","18:35:00"
"620",620,33097568464,"true",23.0840117584251,-21.5403618398298,NA,22,NA,1017.4,NA,"gps","Panthera leo","GSM08449","pepe","African lions in Central Kalahari Botswana","2010-06-03","18:40:00"
"621",621,33097569106,"true",23.0868380433,-21.5402723036939,NA,22,NA,1017.9,NA,"gps","Panthera leo","GSM08449","pepe","African lions in Central Kalahari Botswana","2010-06-03","18:45:00"
"622",622,33097569637,"true",23.0895238069954,-21.5411552760404,NA,22,NA,1018.1,NA,"gps","Panthera leo","GSM08449","pepe","African lions in Central Kalahari Botswana","2010-06-03","18:50:00"
"623",623,33097570236,"true",23.0921483057306,-21.5417183838944,NA,22,NA,1017.8,NA,"gps","Panthera leo","GSM08449","pepe","African lions in Central Kalahari Botswana","2010-06-03","18:55:00"
"624",624,33097570548,"true",23.0941018804214,-21.5412242635087,NA,22,0.681912065529216,1017.7,NA,"gps","Panthera leo","GSM08449","pepe","African lions in Central Kalahari Botswana","2010-06-03","19:00:00"
"625",625,33097570931,"true",23.0968168641305,-21.5405263882826,NA,22,NA,1017.9,NA,"gps","Panthera leo","GSM08449","pepe","African lions in Central Kalahari Botswana","2010-06-03","19:05:00"
"626",626,33097571492,"true",23.0997548118789,-21.5403584685218,NA,22,NA,1013.3,NA,"gps","Panthera leo","GSM08449","pepe","African lions in Central Kalahari Botswana","2010-06-03","19:10:00"
"627",627,33097572069,"true",23.1027044036017,-21.5392827755365,NA,22,NA,1015.3,NA,"gps","Panthera leo","GSM08449","pepe","African lions in Central Kalahari Botswana","2010-06-03","19:15:00"
"628",628,33097572452,"true",23.1053880731437,-21.5380929935756,NA,22,NA,1016.2,NA,"gps","Panthera leo","GSM08449","pepe","African lions in Central Kalahari Botswana","2010-06-03","19:20:00"
"629",629,33097572821,"true",23.1081574080267,-21.5377419316781,NA,22,NA,1011.9,NA,"gps","Panthera leo","GSM08449","pepe","African lions in Central Kalahari Botswana","2010-06-03","19:25:00"
"630",630,33097573112,"true",23.1105957927608,-21.5374085599689,NA,22,0.978080005241156,1012.7,NA,"gps","Panthera leo","GSM08449","pepe","African lions in Central Kalahari Botswana","2010-06-03","19:30:00"
"631",631,33097573630,"true",23.1134451846447,-21.5366725999178,NA,22,NA,1012,NA,"gps","Panthera leo","GSM08449","pepe","African lions in Central Kalahari Botswana","2010-06-03","19:35:00"
"632",632,33097574046,"true",23.1160914149614,-21.5365306718827,NA,22,NA,1013.6,NA,"gps","Panthera leo","GSM08449","pepe","African lions in Central Kalahari Botswana","2010-06-03","19:40:00"
"633",633,33097574855,"true",23.1193307723053,-21.5366475651148,NA,22,NA,1011.3,NA,"gps","Panthera leo","GSM08449","pepe","African lions in Central Kalahari Botswana","2010-06-03","19:45:00"
"634",634,33097575484,"true",23.1226084752987,-21.5358337637803,NA,22,NA,1016,NA,"gps","Panthera leo","GSM08449","pepe","African lions in Central Kalahari Botswana","2010-06-03","19:50:00"
"635",635,33097576119,"true",23.1254766320288,-21.5349438465199,NA,22,NA,1011.9,NA,"gps","Panthera leo","GSM08449","pepe","African lions in Central Kalahari Botswana","2010-06-03","19:55:00"
"636",636,33097576649,"true",23.1279146035584,-21.5357480743297,NA,22,1.00212373947613,1013.2,NA,"gps","Panthera leo","GSM08449","pepe","African lions in Central Kalahari Botswana","2010-06-03","20:00:00"
"637",637,33097576648,"true",23.1278902265505,-21.5359380257512,NA,22,NA,1008.7,NA,"gps","Panthera leo","GSM08449","pepe","African lions in Central Kalahari Botswana","2010-06-03","20:05:00"
"638",638,33097577287,"true",23.13016520985,-21.5382207820012,NA,22,NA,1013.4,NA,"gps","Panthera leo","GSM08449","pepe","African lions in Central Kalahari Botswana","2010-06-03","20:10:00"
"639",639,33097577629,"true",23.1314531564448,-21.5383442946615,NA,22,NA,1016.9,NA,"gps","Panthera leo","GSM08449","pepe","African lions in Central Kalahari Botswana","2010-06-03","20:15:00"
"640",640,33097577833,"true",23.1325304483887,-21.5374274723151,NA,22,NA,1018.7,NA,"gps","Panthera leo","GSM08449","pepe","African lions in Central Kalahari Botswana","2010-06-03","20:20:00"
"641",641,33097577847,"true",23.1326125557672,-21.5350784995078,NA,22,NA,1020.6,NA,"gps","Panthera leo","GSM08449","pepe","African lions in Central Kalahari Botswana","2010-06-03","20:25:00"
"642",642,33097576562,"true",23.1274630532562,-21.5342773501179,NA,21,0.09440570469117,1017.5,NA,"gps","Panthera leo","GSM08449","pepe","African lions in Central Kalahari Botswana","2010-06-03","20:30:00"
"643",643,33097575801,"true",23.1240428331194,-21.5313860333322,NA,21,NA,1019.5,NA,"gps","Panthera leo","GSM08449","pepe","African lions in Central Kalahari Botswana","2010-06-03","20:35:00"
"644",644,33097576315,"true",23.1263516580198,-21.5334336278291,NA,21,NA,1021.5,NA,"gps","Panthera leo","GSM08449","pepe","African lions in Central Kalahari Botswana","2010-06-03","20:40:00"
"645",645,33097577177,"true",23.1295870013935,-21.5345211541943,NA,21,NA,1021.8,NA,"gps","Panthera leo","GSM08449","pepe","African lions in Central Kalahari Botswana","2010-06-03","20:45:00"
"646",646,33097577676,"true",23.1315662651731,-21.5342339819897,NA,21,NA,1023.8,NA,"gps","Panthera leo","GSM08449","pepe","African lions in Central Kalahari Botswana","2010-06-03","20:50:00"
"647",647,33097578139,"true",23.1337114955653,-21.5349018929726,NA,21,NA,1021.8,NA,"gps","Panthera leo","GSM08449","pepe","African lions in Central Kalahari Botswana","2010-06-03","20:55:00"
"648",648,33097578770,"true",23.135748005395,-21.5348171240941,NA,21,0.478065622174414,1018,NA,"gps","Panthera leo","GSM08449","pepe","African lions in Central Kalahari Botswana","2010-06-03","21:00:00"
"649",649,33097579654,"true",23.1384374507035,-21.5349542349619,NA,21,NA,1023.4,NA,"gps","Panthera leo","GSM08449","pepe","African lions in Central Kalahari Botswana","2010-06-03","21:05:00"
"650",650,33097580243,"true",23.141095428664,-21.5360715083309,NA,22,NA,1022.3,NA,"gps","Panthera leo","GSM08449","pepe","African lions in Central Kalahari Botswana","2010-06-03","21:10:00"
"651",651,33097580859,"true",23.143398815472,-21.5375229053549,NA,22,NA,1018.8,NA,"gps","Panthera leo","GSM08449","pepe","African lions in Central Kalahari Botswana","2010-06-03","21:15:00"
"652",652,33097581582,"true",23.1462161030461,-21.5381458852176,NA,22,NA,1017.8,NA,"gps","Panthera leo","GSM08449","pepe","African lions in Central Kalahari Botswana","2010-06-03","21:20:00"
"653",653,33097582784,"true",23.1486500649055,-21.5389137272779,NA,21,NA,1018.6,NA,"gps","Panthera leo","GSM08449","pepe","African lions in Central Kalahari Botswana","2010-06-03","21:25:00"
"654",654,33097583949,"true",23.1514344996862,-21.5400878922267,NA,21,0.959452102561068,1020.3,NA,"gps","Panthera leo","GSM08449","pepe","African lions in Central Kalahari Botswana","2010-06-03","21:30:00"
"655",655,33097585255,"true",23.1542196361498,-21.5405711746303,NA,22,NA,1018.5,NA,"gps","Panthera leo","GSM08449","pepe","African lions in Central Kalahari Botswana","2010-06-03","21:35:00"
"656",656,33097586000,"true",23.157041997087,-21.5407965621597,NA,22,NA,1017.8,NA,"gps","Panthera leo","GSM08449","pepe","African lions in Central Kalahari Botswana","2010-06-03","21:40:00"
"657",657,33097586601,"true",23.1596137401877,-21.5406368428445,NA,22,NA,1016.4,NA,"gps","Panthera leo","GSM08449","pepe","African lions in Central Kalahari Botswana","2010-06-03","21:45:00"
"658",658,33097587728,"true",23.1624826066324,-21.5410285962125,NA,22,NA,1021.6,NA,"gps","Panthera leo","GSM08449","pepe","African lions in Central Kalahari Botswana","2010-06-03","21:50:00"
"659",659,33097587672,"true",23.1623899232979,-21.5410433439177,NA,22,NA,1019.2,NA,"gps","Panthera leo","GSM08449","pepe","African lions in Central Kalahari Botswana","2010-06-03","21:55:00"
"660",660,33097587758,"true",23.1625156321237,-21.5415474122107,NA,22,0.644106422784726,1016.8,NA,"gps","Panthera leo","GSM08449","pepe","African lions in Central Kalahari Botswana","2010-06-03","22:00:00"
"661",661,33097587741,"true",23.1625065180466,-21.5415430152676,NA,21,NA,1016.1,NA,"gps","Panthera leo","GSM08449","pepe","African lions in Central Kalahari Botswana","2010-06-03","22:05:00"
"662",662,33097587743,"true",23.1625077243367,-21.54154299962,NA,21,NA,1018.5,NA,"gps","Panthera leo","GSM08449","pepe","African lions in Central Kalahari Botswana","2010-06-03","22:10:00"
"663",663,33097587719,"true",23.1624535081771,-21.5415482180559,NA,21,NA,1013.9,NA,"gps","Panthera leo","GSM08449","pepe","African lions in Central Kalahari Botswana","2010-06-03","22:15:00"
"664",664,33097587730,"true",23.1624937850996,-21.5415386652666,NA,21,NA,1016.5,NA,"gps","Panthera leo","GSM08449","pepe","African lions in Central Kalahari Botswana","2010-06-03","22:20:00"
"665",665,33097587739,"true",23.1625051779553,-21.5415340023139,NA,21,NA,1021.4,NA,"gps","Panthera leo","GSM08449","pepe","African lions in Central Kalahari Botswana","2010-06-03","22:25:00"
"666",666,33097587770,"true",23.1625396920568,-21.5415019484253,NA,21,0.003130891949156,1019.3,NA,"gps","Panthera leo","GSM08449","pepe","African lions in Central Kalahari Botswana","2010-06-03","22:30:00"
"667",667,33097587757,"true",23.1625154983219,-21.5415383836095,NA,21,NA,1016.4,NA,"gps","Panthera leo","GSM08449","pepe","African lions in Central Kalahari Botswana","2010-06-03","22:35:00"
"668",668,33097587765,"true",23.1625205900517,-21.5415970147503,NA,21,NA,1012,NA,"gps","Panthera leo","GSM08449","pepe","African lions in Central Kalahari Botswana","2010-06-03","22:40:00"
"669",669,33097587751,"true",23.1625132205816,-21.5415068069765,NA,21,NA,1018.3,NA,"gps","Panthera leo","GSM08449","pepe","African lions in Central Kalahari Botswana","2010-06-03","22:45:00"
"670",670,33097587740,"true",23.1625052458966,-21.5414978800847,NA,20,NA,1020,NA,"gps","Panthera leo","GSM08449","pepe","African lions in Central Kalahari Botswana","2010-06-03","22:50:00"
"671",671,33097587734,"true",23.1625015601269,-21.5414934127268,NA,20,NA,1020.8,NA,"gps","Panthera leo","GSM08449","pepe","African lions in Central Kalahari Botswana","2010-06-03","22:55:00"
"672",672,33097587747,"true",23.1625101379563,-21.5415023317949,NA,20,0.0017222236,1021.6,NA,"gps","Panthera leo","GSM08449","pepe","African lions in Central Kalahari Botswana","2010-06-03","23:00:00"
"673",673,33097587760,"true",23.162518045741,-21.5415067443858,NA,20,NA,1019.8,NA,"gps","Panthera leo","GSM08449","pepe","African lions in Central Kalahari Botswana","2010-06-03","23:05:00"
"674",674,33097587762,"true",23.16251918513,-21.5415022144375,NA,20,NA,1021.9,NA,"gps","Panthera leo","GSM08449","pepe","African lions in Central Kalahari Botswana","2010-06-03","23:10:00"
"675",675,33097587754,"true",23.16251429307,-21.5414977627275,NA,20,NA,1020.3,NA,"gps","Panthera leo","GSM08449","pepe","African lions in Central Kalahari Botswana","2010-06-03","23:15:00"
"676",676,33097587755,"true",23.1625144268714,-21.5415067913288,NA,20,NA,1020.7,NA,"gps","Panthera leo","GSM08449","pepe","African lions in Central Kalahari Botswana","2010-06-03","23:20:00"
"677",677,33097587756,"true",23.1625144268714,-21.5415067913288,NA,19,NA,1020.7,NA,"gps","Panthera leo","GSM08449","pepe","African lions in Central Kalahari Botswana","2010-06-03","23:25:00"
"678",678,33097587761,"true",23.162518045741,-21.5415067443858,NA,19,0.0007114589025,1019.8,NA,"gps","Panthera leo","GSM08449","pepe","African lions in Central Kalahari Botswana","2010-06-03","23:30:00"
"679",679,33097587744,"true",23.1625079260782,-21.5415159059922,NA,19,NA,1017.4,NA,"gps","Panthera leo","GSM08449","pepe","African lions in Central Kalahari Botswana","2010-06-03","23:35:00"
"680",680,33097587759,"true",23.1625168394512,-21.5415067600335,NA,19,NA,1017.4,NA,"gps","Panthera leo","GSM08449","pepe","African lions in Central Kalahari Botswana","2010-06-03","23:40:00"
"681",681,33097587736,"true",23.1625030340181,-21.5415114542819,NA,19,NA,1015.8,NA,"gps","Panthera leo","GSM08449","pepe","African lions in Central Kalahari Botswana","2010-06-03","23:45:00"
"682",682,33097587764,"true",23.1625205252216,-21.541511227391,NA,19,NA,1016.5,NA,"gps","Panthera leo","GSM08449","pepe","African lions in Central Kalahari Botswana","2010-06-03","23:50:00"
"683",683,33097587763,"true",23.1625194527335,-21.54152027164,NA,19,NA,1014.5,NA,"gps","Panthera leo","GSM08449","pepe","African lions in Central Kalahari Botswana","2010-06-03","23:55:00"
"684",684,33097587750,"true",23.1625126843373,-21.541511329101,NA,19,0.000277778,1018.6,NA,"gps","Panthera leo","GSM08449","pepe","African lions in Central Kalahari Botswana","2010-06-04","00:00:00"
"685",685,33097587738,"true",23.1625050441543,-21.5415249737126,NA,20,NA,1012.9,NA,"gps","Panthera leo","GSM08449","pepe","African lions in Central Kalahari Botswana","2010-06-04","00:05:00"
"686",686,33097587733,"true",23.1624976726137,-21.5415160389967,NA,20,NA,1014.6,NA,"gps","Panthera leo","GSM08449","pepe","African lions in Central Kalahari Botswana","2010-06-04","00:10:00"
"687",687,33097587742,"true",23.1625067197883,-21.5415159216398,NA,20,NA,1015,NA,"gps","Panthera leo","GSM08449","pepe","African lions in Central Kalahari Botswana","2010-06-04","00:15:00"
"688",688,33097588082,"true",23.1635064562274,-21.5420131641516,NA,20,NA,1014.2,NA,"gps","Panthera leo","GSM08449","pepe","African lions in Central Kalahari Botswana","2010-06-04","00:20:00"
"689",689,33097589013,"true",23.1666974367248,-21.54292893497,NA,20,NA,1013.4,NA,"gps","Panthera leo","GSM08449","pepe","African lions in Central Kalahari Botswana","2010-06-04","00:25:00"
"690",690,33097589235,"true",23.1679293284556,-21.542402706227,NA,20,0.316630387748552,1014,NA,"gps","Panthera leo","GSM08449","pepe","African lions in Central Kalahari Botswana","2010-06-04","00:30:00"
"691",691,33097589981,"true",23.1703114686878,-21.5440558614164,NA,20,NA,1012.8,NA,"gps","Panthera leo","GSM08449","pepe","African lions in Central Kalahari Botswana","2010-06-04","00:35:00"
"692",692,33097591368,"true",23.1732821420204,-21.5456877604543,NA,20,NA,1010.5,NA,"gps","Panthera leo","GSM08449","pepe","African lions in Central Kalahari Botswana","2010-06-04","00:40:00"
"693",693,33097592317,"true",23.1760169713859,-21.5472775293445,NA,20,NA,1010.5,NA,"gps","Panthera leo","GSM08449","pepe","African lions in Central Kalahari Botswana","2010-06-04","00:45:00"
"694",694,33097592784,"true",23.1783093056471,-21.5477939166159,NA,20,NA,1010.2,NA,"gps","Panthera leo","GSM08449","pepe","African lions in Central Kalahari Botswana","2010-06-04","00:50:00"
"695",695,33097593326,"true",23.1809277891349,-21.5485362749383,NA,20,NA,1014.4,NA,"gps","Panthera leo","GSM08449","pepe","African lions in Central Kalahari Botswana","2010-06-04","00:55:00"
"696",696,33097594312,"true",23.1844383026699,-21.548657359722,NA,20,1.02515309595515,1010.5,NA,"gps","Panthera leo","GSM08449","pepe","African lions in Central Kalahari Botswana","2010-06-04","01:00:00"
"697",697,33097595449,"true",23.1882482283724,-21.5481874749201,NA,20,NA,1006.7,NA,"gps","Panthera leo","GSM08449","pepe","African lions in Central Kalahari Botswana","2010-06-04","01:05:00"
"698",698,33097596566,"true",23.1918936458059,-21.5480131496901,NA,20,NA,1006.9,NA,"gps","Panthera leo","GSM08449","pepe","African lions in Central Kalahari Botswana","2010-06-04","01:10:00"
"699",699,33097597957,"true",23.195478704705,-21.5480382043671,NA,20,NA,1001.5,NA,"gps","Panthera leo","GSM08449","pepe","African lions in Central Kalahari Botswana","2010-06-04","01:15:00"
"700",700,33097599021,"true",23.1984095894375,-21.5477286652739,NA,20,NA,1001.5,NA,"gps","Panthera leo","GSM08449","pepe","African lions in Central Kalahari Botswana","2010-06-04","01:20:00"
"701",701,33097600803,"true",23.2016463297902,-21.5469003164053,NA,20,NA,1010.9,NA,"gps","Panthera leo","GSM08449","pepe","African lions in Central Kalahari Botswana","2010-06-04","01:25:00"
"702",702,33097601010,"true",23.2023736110059,-21.5466830143194,NA,20,1.03948809825648,1011.6,NA,"gps","Panthera leo","GSM08449","pepe","African lions in Central Kalahari Botswana","2010-06-04","01:30:00"
"703",703,33097601011,"true",23.2023777649063,-21.5466784443532,NA,20,NA,1010.4,NA,"gps","Panthera leo","GSM08449","pepe","African lions in Central Kalahari Botswana","2010-06-04","01:35:00"
"704",704,33097599072,"true",23.198532438353,-21.5477541353298,NA,20,NA,1014.2,NA,"gps","Panthera leo","GSM08449","pepe","African lions in Central Kalahari Botswana","2010-06-04","01:40:00"
"705",705,33097597519,"true",23.1942282730656,-21.5500142227217,NA,20,NA,1011.7,NA,"gps","Panthera leo","GSM08449","pepe","African lions in Central Kalahari Botswana","2010-06-04","01:45:00"
"706",706,33097596484,"true",23.1916551911287,-21.5528203521073,NA,20,NA,1011.6,NA,"gps","Panthera leo","GSM08449","pepe","African lions in Central Kalahari Botswana","2010-06-04","01:50:00"
"707",707,33097595819,"true",23.1896698367893,-21.5547157047912,NA,20,NA,1012.8,NA,"gps","Panthera leo","GSM08449","pepe","African lions in Central Kalahari Botswana","2010-06-04","01:55:00"
"708",708,33097594567,"true",23.1855217854512,-21.5563053015776,NA,20,1.13639351744742,1014.2,NA,"gps","Panthera leo","GSM08449","pepe","African lions in Central Kalahari Botswana","2010-06-04","02:00:00"
"709",709,33097593426,"true",23.1814173315669,-21.5578716546554,NA,20,NA,1016.7,NA,"gps","Panthera leo","GSM08449","pepe","African lions in Central Kalahari Botswana","2010-06-04","02:05:00"
"710",710,33097592715,"true",23.1779405686649,-21.5599037960235,NA,20,NA,1015.8,NA,"gps","Panthera leo","GSM08449","pepe","African lions in Central Kalahari Botswana","2010-06-04","02:10:00"
"711",711,33097592172,"true",23.1754427438835,-21.5620043621575,NA,20,NA,1014.4,NA,"gps","Panthera leo","GSM08449","pepe","African lions in Central Kalahari Botswana","2010-06-04","02:15:00"
"712",712,33097590987,"true",23.172902198978,-21.5637939083762,NA,20,NA,1016.1,NA,"gps","Panthera leo","GSM08449","pepe","African lions in Central Kalahari Botswana","2010-06-04","02:20:00"
"713",713,33097590855,"true",23.1723710503116,-21.5655211031857,NA,20,NA,1019.5,NA,"gps","Panthera leo","GSM08449","pepe","African lions in Central Kalahari Botswana","2010-06-04","02:25:00"
"714",714,33097590922,"true",23.1725665770687,-21.5656856129059,NA,20,0.942934769069434,1019.6,NA,"gps","Panthera leo","GSM08449","pepe","African lions in Central Kalahari Botswana","2010-06-04","02:30:00"
"715",715,33097590912,"true",23.172518118316,-21.5657133357979,NA,20,NA,1019.7,NA,"gps","Panthera leo","GSM08449","pepe","African lions in Central Kalahari Botswana","2010-06-04","02:35:00"
"716",716,33097591417,"true",23.1733141716019,-21.5663757054234,NA,20,NA,1016.5,NA,"gps","Panthera leo","GSM08449","pepe","African lions in Central Kalahari Botswana","2010-06-04","02:40:00"
"717",717,33097591389,"true",23.1732960742991,-21.5663759415677,NA,20,NA,1015.8,NA,"gps","Panthera leo","GSM08449","pepe","African lions in Central Kalahari Botswana","2010-06-04","02:45:00"
"718",718,33097591390,"true",23.1732960742991,-21.5663759415677,NA,20,NA,1015.8,NA,"gps","Panthera leo","GSM08449","pepe","African lions in Central Kalahari Botswana","2010-06-04","02:50:00"
"719",719,33097591392,"true",23.1733000950443,-21.5663623437029,NA,20,NA,1014.2,NA,"gps","Panthera leo","GSM08449","pepe","African lions in Central Kalahari Botswana","2010-06-04","02:55:00"
"720",720,33097591384,"true",23.1732924548385,-21.5663759887963,NA,19,0.059368664717116,1016.6,NA,"gps","Panthera leo","GSM08449","pepe","African lions in Central Kalahari Botswana","2010-06-04","03:00:00"
"721",721,33097591376,"true",23.1732875615718,-21.5663715375128,NA,19,NA,1015,NA,"gps","Panthera leo","GSM08449","pepe","African lions in Central Kalahari Botswana","2010-06-04","03:05:00"
"722",722,33097591382,"true",23.1732912483516,-21.5663760045392,NA,19,NA,1014.2,NA,"gps","Panthera leo","GSM08449","pepe","African lions in Central Kalahari Botswana","2010-06-04","03:10:00"
"723",723,33097591377,"true",23.1732875615718,-21.5663715375128,NA,19,NA,1015,NA,"gps","Panthera leo","GSM08449","pepe","African lions in Central Kalahari Botswana","2010-06-04","03:15:00"
"724",724,33097591378,"true",23.1732875615718,-21.5663715375128,NA,19,NA,1015,NA,"gps","Panthera leo","GSM08449","pepe","African lions in Central Kalahari Botswana","2010-06-04","03:20:00"
"725",725,33097591379,"true",23.1732876962102,-21.5663805660226,NA,19,NA,1015.4,NA,"gps","Panthera leo","GSM08449","pepe","African lions in Central Kalahari Botswana","2010-06-04","03:25:00"
"726",726,33097591355,"true",23.1732748261411,-21.566367188557,NA,19,0.001143959804056,1015.5,NA,"gps","Panthera leo","GSM08449","pepe","African lions in Central Kalahari Botswana","2010-06-04","03:30:00"
"727",727,33097591375,"true",23.1732874269334,-21.566362509003,NA,19,NA,1014.7,NA,"gps","Panthera leo","GSM08449","pepe","African lions in Central Kalahari Botswana","2010-06-04","03:35:00"
"728",728,33097591354,"true",23.1732747588223,-21.5663626743021,NA,19,NA,1015.1,NA,"gps","Panthera leo","GSM08449","pepe","African lions in Central Kalahari Botswana","2010-06-04","03:40:00"
"729",729,33097591351,"true",23.1732700001939,-21.5663672515279,NA,19,NA,1013.9,NA,"gps","Panthera leo","GSM08449","pepe","African lions in Central Kalahari Botswana","2010-06-04","03:45:00"
"730",730,33097591356,"true",23.1732748261411,-21.566367188557,NA,19,NA,1015.5,NA,"gps","Panthera leo","GSM08449","pepe","African lions in Central Kalahari Botswana","2010-06-04","03:50:00"
"731",731,33097591335,"true",23.1732593411462,-21.5663402998104,NA,19,NA,1010,NA,"gps","Panthera leo","GSM08449","pepe","African lions in Central Kalahari Botswana","2010-06-04","03:55:00"
"732",732,33097591456,"true",23.173334213276,-21.566384474172,NA,18,0.003566392575334,1014.3,NA,"gps","Panthera leo","GSM08449","pepe","African lions in Central Kalahari Botswana","2010-06-04","04:00:00"
"733",733,33097591366,"true",23.1732798514182,-21.566340032185,NA,19,NA,1015.6,NA,"gps","Panthera leo","GSM08449","pepe","African lions in Central Kalahari Botswana","2010-06-04","04:05:00"
"734",734,33097591363,"true",23.1732761646397,-21.5663355651582,NA,19,NA,1016.5,NA,"gps","Panthera leo","GSM08449","pepe","African lions in Central Kalahari Botswana","2010-06-04","04:10:00"
"735",735,33097591371,"true",23.1732846100455,-21.566335454959,NA,19,NA,1016.8,NA,"gps","Panthera leo","GSM08449","pepe","African lions in Central Kalahari Botswana","2010-06-04","04:15:00"
"736",736,33097591395,"true",23.1733012342114,-21.5663578137051,NA,19,NA,1016.2,NA,"gps","Panthera leo","GSM08449","pepe","African lions in Central Kalahari Botswana","2010-06-04","04:20:00"
"737",737,33097591396,"true",23.1733012342114,-21.5663578137051,NA,19,NA,1016.2,NA,"gps","Panthera leo","GSM08449","pepe","African lions in Central Kalahari Botswana","2010-06-04","04:25:00"
"738",738,33097591385,"true",23.1732925195272,-21.5663398668857,NA,19,0.003627742346636,1015.1,NA,"gps","Panthera leo","GSM08449","pepe","African lions in Central Kalahari Botswana","2010-06-04","04:30:00"
"739",739,33097591497,"true",23.1733520307135,-21.5662036363466,NA,19,NA,1015.5,NA,"gps","Panthera leo","GSM08449","pepe","African lions in Central Kalahari Botswana","2010-06-04","04:35:00"
"740",740,33097591502,"true",23.1733532371989,-21.5662036206034,NA,19,NA,1017.9,NA,"gps","Panthera leo","GSM08449","pepe","African lions in Central Kalahari Botswana","2010-06-04","04:40:00"
"741",741,33097591504,"true",23.1733533718403,-21.566212649113,NA,19,NA,1018.3,NA,"gps","Panthera leo","GSM08449","pepe","African lions in Central Kalahari Botswana","2010-06-04","04:45:00"
"742",742,33097591472,"true",23.1733408251949,-21.5660186620981,NA,19,NA,1018.5,NA,"gps","Panthera leo","GSM08449","pepe","African lions in Central Kalahari Botswana","2010-06-04","04:50:00"
"743",743,33097591449,"true",23.1733294719704,-21.5656214784946,NA,19,NA,1020.5,NA,"gps","Panthera leo","GSM08449","pepe","African lions in Central Kalahari Botswana","2010-06-04","04:55:00"
"744",744,33097591433,"true",23.1733241101255,-21.5656260635915,NA,19,0.043956944609972,1019.3,NA,"gps","Panthera leo","GSM08449","pepe","African lions in Central Kalahari Botswana","2010-06-04","05:00:00"
"745",745,33097591447,"true",23.1733279315212,-21.5656395591293,NA,19,NA,1018.8,NA,"gps","Panthera leo","GSM08449","pepe","African lions in Central Kalahari Botswana","2010-06-04","05:05:00"
"746",746,33097591421,"true",23.1733164699541,-21.5656397086837,NA,19,NA,1021.8,NA,"gps","Panthera leo","GSM08449","pepe","African lions in Central Kalahari Botswana","2010-06-04","05:10:00"
"747",747,33097591458,"true",23.1733346344835,-21.5656439868,NA,19,NA,1022.9,NA,"gps","Panthera leo","GSM08449","pepe","African lions in Central Kalahari Botswana","2010-06-04","05:15:00"
"748",748,33097591429,"true",23.1733218964985,-21.565599001674,NA,19,NA,1021.5,NA,"gps","Panthera leo","GSM08449","pepe","African lions in Central Kalahari Botswana","2010-06-04","05:20:00"
"749",749,33097591270,"true",23.1731987269715,-21.5649459143487,NA,19,NA,1022.2,NA,"gps","Panthera leo","GSM08449","pepe","African lions in Central Kalahari Botswana","2010-06-04","05:25:00"
"750",750,33097591288,"true",23.1732077755348,-21.5649457962895,NA,19,0.042112463967722,1022.5,NA,"gps","Panthera leo","GSM08449","pepe","African lions in Central Kalahari Botswana","2010-06-04","05:30:00"
"751",751,33097591251,"true",23.1731903489571,-21.5649505387928,NA,20,NA,1021.8,NA,"gps","Panthera leo","GSM08449","pepe","African lions in Central Kalahari Botswana","2010-06-04","05:35:00"
"752",752,33097591266,"true",23.1731977897427,-21.5649639871137,NA,20,NA,1020.5,NA,"gps","Panthera leo","GSM08449","pepe","African lions in Central Kalahari Botswana","2010-06-04","05:40:00"
"753",753,33097591289,"true",23.1732077755348,-21.5649457962895,NA,20,NA,1022.5,NA,"gps","Panthera leo","GSM08449","pepe","African lions in Central Kalahari Botswana","2010-06-04","05:45:00"
"754",754,33097591276,"true",23.1732030169461,-21.5649503735104,NA,21,NA,1021.3,NA,"gps","Panthera leo","GSM08449","pepe","African lions in Central Kalahari Botswana","2010-06-04","05:50:00"
"755",755,33097591263,"true",23.1731975204964,-21.5649459300899,NA,22,NA,1019.7,NA,"gps","Panthera leo","GSM08449","pepe","African lions in Central Kalahari Botswana","2010-06-04","05:55:00"
"756",756,33097591264,"true",23.1731976551195,-21.5649549586018,NA,22,0.000825893438492,1020.1,NA,"gps","Panthera leo","GSM08449","pepe","African lions in Central Kalahari Botswana","2010-06-04","06:00:00"
"757",757,33097591267,"true",23.1731977897427,-21.5649639871137,NA,22,NA,1020.5,NA,"gps","Panthera leo","GSM08449","pepe","African lions in Central Kalahari Botswana","2010-06-04","06:05:00"
"758",758,33097591255,"true",23.1731924279155,-21.5649685722049,NA,23,NA,1019.2,NA,"gps","Panthera leo","GSM08449","pepe","African lions in Central Kalahari Botswana","2010-06-04","06:10:00"
"759",759,33097591244,"true",23.173183847966,-21.5649596538809,NA,24,NA,1018.5,NA,"gps","Panthera leo","GSM08449","pepe","African lions in Central Kalahari Botswana","2010-06-04","06:15:00"
"760",760,33097591265,"true",23.1731976551195,-21.5649549586018,NA,24,NA,1020.1,NA,"gps","Panthera leo","GSM08449","pepe","African lions in Central Kalahari Botswana","2010-06-04","06:20:00"
"761",761,33097591277,"true",23.1732030169461,-21.5649503735104,NA,25,NA,1021.3,NA,"gps","Panthera leo","GSM08449","pepe","African lions in Central Kalahari Botswana","2010-06-04","06:25:00"
"762",762,33097591261,"true",23.1731941030055,-21.5649595200813,NA,26,0.0002222224,1021.3,NA,"gps","Panthera leo","GSM08449","pepe","African lions in Central Kalahari Botswana","2010-06-04","06:30:00"
"763",763,33097591413,"true",23.1733133421018,-21.5649444188962,NA,27,NA,1033.4,NA,"gps","Panthera leo","GSM08449","pepe","African lions in Central Kalahari Botswana","2010-06-04","06:35:00"
"764",764,33097591284,"true",23.1732075761686,-21.5649728896957,NA,28,NA,1023.6,NA,"gps","Panthera leo","GSM08449","pepe","African lions in Central Kalahari Botswana","2010-06-04","06:40:00"
"765",765,33097591233,"true",23.1731749340235,-21.5649688004509,NA,28,NA,1018.5,NA,"gps","Panthera leo","GSM08449","pepe","African lions in Central Kalahari Botswana","2010-06-04","06:45:00"
"766",766,33097591136,"true",23.1730913532199,-21.5649879514567,NA,28,NA,1008.3,NA,"gps","Panthera leo","GSM08449","pepe","African lions in Central Kalahari Botswana","2010-06-04","06:50:00"
"767",767,33097591229,"true",23.1731672938661,-21.5649824455355,NA,28,NA,1021,NA,"gps","Panthera leo","GSM08449","pepe","African lions in Central Kalahari Botswana","2010-06-04","06:55:00"
"768",768,33097591280,"true",23.1732052305298,-21.5649774354341,NA,29,0.00126808018113,1027.3,NA,"gps","Panthera leo","GSM08449","pepe","African lions in Central Kalahari Botswana","2010-06-04","07:00:00"
"769",769,33097591293,"true",23.1732131399318,-21.5649818473716,NA,29,NA,1025.6,NA,"gps","Panthera leo","GSM08449","pepe","African lions in Central Kalahari Botswana","2010-06-04","07:05:00"
"770",770,33097591235,"true",23.1731775489072,-21.5649823117368,NA,29,NA,1023.8,NA,"gps","Panthera leo","GSM08449","pepe","African lions in Central Kalahari Botswana","2010-06-04","07:10:00"
"771",771,33097591218,"true",23.1731444381426,-21.5649872588688,NA,29,NA,1019,NA,"gps","Panthera leo","GSM08449","pepe","African lions in Central Kalahari Botswana","2010-06-04","07:15:00"
"772",772,33097591220,"true",23.1731457792383,-21.5649962716401,NA,29,NA,1021.8,NA,"gps","Panthera leo","GSM08449","pepe","African lions in Central Kalahari Botswana","2010-06-04","07:20:00"
"773",773,33097591223,"true",23.1731534867088,-21.5649871408123,NA,30,NA,1019.4,NA,"gps","Panthera leo","GSM08449","pepe","African lions in Central Kalahari Botswana","2010-06-04","07:25:00"
"774",774,33097591219,"true",23.1731444381426,-21.5649872588688,NA,30,0.003543820335054,1019,NA,"gps","Panthera leo","GSM08449","pepe","African lions in Central Kalahari Botswana","2010-06-04","07:30:00"
"775",775,33097591155,"true",23.1731023461172,-21.5649968383048,NA,30,NA,1013.9,NA,"gps","Panthera leo","GSM08449","pepe","African lions in Central Kalahari Botswana","2010-06-04","07:35:00"
"776",776,33097591268,"true",23.1731977923101,-21.5650046232877,NA,30,NA,1022.3,NA,"gps","Panthera leo","GSM08449","pepe","African lions in Central Kalahari Botswana","2010-06-04","07:40:00"
"777",777,33097591197,"true",23.1731241972968,-21.5650055834862,NA,31,NA,1014.1,NA,"gps","Panthera leo","GSM08449","pepe","African lions in Central Kalahari Botswana","2010-06-04","07:45:00"
"778",778,33097591206,"true",23.1731277494142,-21.5650010220079,NA,31,NA,1012.9,NA,"gps","Panthera leo","GSM08449","pepe","African lions in Central Kalahari Botswana","2010-06-04","07:50:00"
"779",779,33097591173,"true",23.173109049042,-21.565001265988,NA,31,NA,1009.7,NA,"gps","Panthera leo","GSM08449","pepe","African lions in Central Kalahari Botswana","2010-06-04","07:55:00"
"780",780,33097591297,"true",23.1732156201948,-21.5649863301448,NA,31,0.0041111144,1022.3,NA,"gps","Panthera leo","GSM08449","pepe","African lions in Central Kalahari Botswana","2010-06-04","08:00:00"
"781",781,33097591282,"true",23.1732065716291,-21.5649864482047,NA,31,NA,1021.9,NA,"gps","Panthera leo","GSM08449","pepe","African lions in Central Kalahari Botswana","2010-06-04","08:05:00"
"782",782,33097591283,"true",23.173206706253,-21.5649954767165,NA,32,NA,1022.3,NA,"gps","Panthera leo","GSM08449","pepe","African lions in Central Kalahari Botswana","2010-06-04","08:10:00"
"783",783,33097591275,"true",23.1732028848909,-21.5649819811725,NA,32,NA,1022.8,NA,"gps","Panthera leo","GSM08449","pepe","African lions in Central Kalahari Botswana","2010-06-04","08:15:00"
"784",784,33097591281,"true",23.1732064370052,-21.5649774196928,NA,32,NA,1021.6,NA,"gps","Panthera leo","GSM08449","pepe","African lions in Central Kalahari Botswana","2010-06-04","08:20:00"
"785",785,33097591239,"true",23.1731787553827,-21.5649822959957,NA,33,NA,1018,NA,"gps","Panthera leo","GSM08449","pepe","African lions in Central Kalahari Botswana","2010-06-04","08:25:00"
"786",786,33097591240,"true",23.1731787553827,-21.5649822959957,NA,33,0.0021111128,1018,NA,"gps","Panthera leo","GSM08449","pepe","African lions in Central Kalahari Botswana","2010-06-04","08:30:00"
"787",787,33097591253,"true",23.1731914233745,-21.564982130714,NA,34,NA,1017.5,NA,"gps","Panthera leo","GSM08449","pepe","African lions in Central Kalahari Botswana","2010-06-04","08:35:00"
"788",788,33097591247,"true",23.1731863307919,-21.5650047728289,NA,35,NA,1017,NA,"gps","Panthera leo","GSM08449","pepe","African lions in Central Kalahari Botswana","2010-06-04","08:40:00"
"789",789,33097591258,"true",23.1731935023339,-21.565000164126,NA,36,NA,1015,NA,"gps","Panthera leo","GSM08449","pepe","African lions in Central Kalahari Botswana","2010-06-04","08:45:00"
"790",790,33097591245,"true",23.1731849896936,-21.5649957600581,NA,36,NA,1014.2,NA,"gps","Panthera leo","GSM08449","pepe","African lions in Central Kalahari Botswana","2010-06-04","08:50:00"
"791",791,33097591287,"true",23.1732077107925,-21.5649819182075,NA,37,NA,1015.8,NA,"gps","Panthera leo","GSM08449","pepe","African lions in Central Kalahari Botswana","2010-06-04","08:55:00"
"792",792,33097591291,"true",23.173209051892,-21.564990930978,NA,38,0.001809612281022,1018.6,NA,"gps","Panthera leo","GSM08449","pepe","African lions in Central Kalahari Botswana","2010-06-04","09:00:00"
"793",793,33097591301,"true",23.1732215852595,-21.5649817371822,NA,39,NA,1017.8,NA,"gps","Panthera leo","GSM08449","pepe","African lions in Central Kalahari Botswana","2010-06-04","09:05:00"
"794",794,33097591243,"true",23.1731833819142,-21.5650093264377,NA,40,NA,1020.7,NA,"gps","Panthera leo","GSM08449","pepe","African lions in Central Kalahari Botswana","2010-06-04","09:10:00"
"795",795,33097591657,"true",23.1735566594362,-21.5651173341282,NA,41,NA,1018.5,NA,"gps","Panthera leo","GSM08449","pepe","African lions in Central Kalahari Botswana","2010-06-04","09:15:00"
"796",796,33097591668,"true",23.1735688588458,-21.5651262051982,NA,41,NA,1026.6,NA,"gps","Panthera leo","GSM08449","pepe","African lions in Central Kalahari Botswana","2010-06-04","09:20:00"
"797",797,33097591661,"true",23.1735627591408,-21.5651217696634,NA,39,NA,1022.5,NA,"gps","Panthera leo","GSM08449","pepe","African lions in Central Kalahari Botswana","2010-06-04","09:25:00"
"798",798,33097591637,"true",23.1735423863577,-21.565171701984,NA,38,0.02205837181335,1019.1,NA,"gps","Panthera leo","GSM08449","pepe","African lions in Central Kalahari Botswana","2010-06-04","09:30:00"
"799",799,33097591675,"true",23.1735739513702,-21.5651035630765,NA,37,NA,1018.9,NA,"gps","Panthera leo","GSM08449","pepe","African lions in Central Kalahari Botswana","2010-06-04","09:35:00"
"800",800,33097591687,"true",23.1735866866935,-21.5651079120186,NA,36,NA,1026.6,NA,"gps","Panthera leo","GSM08449","pepe","African lions in Central Kalahari Botswana","2010-06-04","09:40:00"
"801",801,33097591658,"true",23.1735578659124,-21.5651173183843,NA,35,NA,1021,NA,"gps","Panthera leo","GSM08449","pepe","African lions in Central Kalahari Botswana","2010-06-04","09:45:00"
"802",802,33097591652,"true",23.173554917045,-21.5651218719988,NA,35,NA,1024.6,NA,"gps","Panthera leo","GSM08449","pepe","African lions in Central Kalahari Botswana","2010-06-04","09:50:00"
"803",803,33097591660,"true",23.1735612887172,-21.5651850007177,NA,34,NA,1031.2,NA,"gps","Panthera leo","GSM08449","pepe","African lions in Central Kalahari Botswana","2010-06-04","09:55:00"
"804",804,33097591711,"true",23.1736058556621,-21.5650986316024,NA,34,0.005797247415572,1029.4,NA,"gps","Panthera leo","GSM08449","pepe","African lions in Central Kalahari Botswana","2010-06-04","10:00:00"
"805",805,33097591686,"true",23.1735854102151,-21.5650627773435,NA,33,NA,1022.3,NA,"gps","Panthera leo","GSM08449","pepe","African lions in Central Kalahari Botswana","2010-06-04","10:05:00"
"806",806,33097591685,"true",23.1735830026197,-21.5651440811605,NA,33,NA,1029.3,NA,"gps","Panthera leo","GSM08449","pepe","African lions in Central Kalahari Botswana","2010-06-04","10:10:00"
"807",807,33097591717,"true",23.1736109481801,-21.56507598948,NA,32,NA,1021.7,NA,"gps","Panthera leo","GSM08449","pepe","African lions in Central Kalahari Botswana","2010-06-04","10:15:00"
"808",808,33097591746,"true",23.1736362168472,-21.5650711445939,NA,32,NA,1028.5,NA,"gps","Panthera leo","GSM08449","pepe","African lions in Central Kalahari Botswana","2010-06-04","10:20:00"
"809",809,33097591722,"true",23.1736132264821,-21.5650669294822,NA,32,NA,1026.2,NA,"gps","Panthera leo","GSM08449","pepe","African lions in Central Kalahari Botswana","2010-06-04","10:25:00"
"810",810,33097591679,"true",23.1735779720651,-21.5650899652082,NA,31,0.00170420830781,1025.5,NA,"gps","Panthera leo","GSM08449","pepe","African lions in Central Kalahari Botswana","2010-06-04","10:30:00"
"811",811,33097591677,"true",23.1735766309416,-21.5650809524428,NA,31,0.005583268633278,1022.7,NA,"gps","Panthera leo","GSM08449","pepe","African lions in Central Kalahari Botswana","2010-06-04","10:33:00"
"812",812,33097591693,"true",23.1735959345562,-21.5650807005373,NA,31,NA,1025.8,NA,"gps","Panthera leo","GSM08449","pepe","African lions in Central Kalahari Botswana","2010-06-04","10:35:00"
"813",813,33097591738,"true",23.1736313236187,-21.5650666933171,NA,31,NA,1026.9,NA,"gps","Panthera leo","GSM08449","pepe","African lions in Central Kalahari Botswana","2010-06-04","10:40:00"
"814",814,33097591698,"true",23.1735994866595,-21.5650761390501,NA,30,NA,1024.6,NA,"gps","Panthera leo","GSM08449","pepe","African lions in Central Kalahari Botswana","2010-06-04","10:45:00"
"815",815,33097591705,"true",23.1736031060871,-21.5650760918175,NA,30,NA,1023.8,NA,"gps","Panthera leo","GSM08449","pepe","African lions in Central Kalahari Botswana","2010-06-04","10:50:00"
"816",816,33097591709,"true",23.1736045791781,-21.5650534969279,NA,30,NA,1025.1,NA,"gps","Panthera leo","GSM08449","pepe","African lions in Central Kalahari Botswana","2010-06-04","10:55:00"
"817",817,33097591665,"true",23.1735662412494,-21.5650720577571,NA,30,0.000917659345238,1019.5,NA,"gps","Panthera leo","GSM08449","pepe","African lions in Central Kalahari Botswana","2010-06-04","11:00:00"
"818",818,33097591674,"true",23.1735738167228,-21.565094534567,NA,30,NA,1018.5,NA,"gps","Panthera leo","GSM08449","pepe","African lions in Central Kalahari Botswana","2010-06-04","11:05:00"
"819",819,33097591694,"true",23.1735972137218,-21.5651664713758,NA,30,NA,1023.8,NA,"gps","Panthera leo","GSM08449","pepe","African lions in Central Kalahari Botswana","2010-06-04","11:10:00"
"820",820,33097591760,"true",23.1736465338294,-21.5649942526939,NA,30,NA,1019.8,NA,"gps","Panthera leo","GSM08449","pepe","African lions in Central Kalahari Botswana","2010-06-04","11:15:00"
"821",821,33097591740,"true",23.1736321234527,-21.5649989558814,NA,31,NA,1018.3,NA,"gps","Panthera leo","GSM08449","pepe","African lions in Central Kalahari Botswana","2010-06-04","11:20:00"
"822",822,33097591695,"true",23.1735981508997,-21.5651483986131,NA,31,NA,1017.3,NA,"gps","Panthera leo","GSM08449","pepe","African lions in Central Kalahari Botswana","2010-06-04","11:25:00"
"823",823,33097591713,"true",23.1736070648233,-21.5651392520219,NA,32,0.004994136217528,1017.3,NA,"gps","Panthera leo","GSM08449","pepe","African lions in Central Kalahari Botswana","2010-06-04","11:30:00"
"824",824,33097591724,"true",23.1736157794587,-21.5651571988301,NA,32,NA,1018.4,NA,"gps","Panthera leo","GSM08449","pepe","African lions in Central Kalahari Botswana","2010-06-04","11:35:00"
"825",825,33097591719,"true",23.1736119580539,-21.5651437032993,NA,33,NA,1018.9,NA,"gps","Panthera leo","GSM08449","pepe","African lions in Central Kalahari Botswana","2010-06-04","11:40:00"
"826",826,33097591771,"true",23.1736614235858,-21.5651430577749,NA,33,NA,1005.9,NA,"gps","Panthera leo","GSM08449","pepe","African lions in Central Kalahari Botswana","2010-06-04","11:45:00"
"827",827,33097591773,"true",23.1736628993688,-21.565161099048,NA,33,NA,1000.9,NA,"gps","Panthera leo","GSM08449","pepe","African lions in Central Kalahari Botswana","2010-06-04","11:50:00"
"828",828,33097591768,"true",23.1736577368303,-21.5651385907544,NA,33,NA,998.6,NA,"gps","Panthera leo","GSM08449","pepe","African lions in Central Kalahari Botswana","2010-06-04","11:55:00"
"829",829,33097591781,"true",23.1736856850602,-21.5651111352264,NA,33,0.004850866102912,992.8,NA,"gps","Panthera leo","GSM08449","pepe","African lions in Central Kalahari Botswana","2010-06-04","12:00:00"
"830",830,33097591753,"true",23.1736399089888,-21.5651568839412,NA,34,NA,1006.8,NA,"gps","Panthera leo","GSM08449","pepe","African lions in Central Kalahari Botswana","2010-06-04","12:05:00"
"831",831,33097591702,"true",23.1736019723034,-21.5651618941442,NA,34,NA,1008.6,NA,"gps","Panthera leo","GSM08449","pepe","African lions in Central Kalahari Botswana","2010-06-04","12:10:00"
"832",832,33097591762,"true",23.173649830106,-21.5651748150026,NA,35,NA,1010.3,NA,"gps","Panthera leo","GSM08449","pepe","African lions in Central Kalahari Botswana","2010-06-04","12:15:00"
"833",833,33097591706,"true",23.1736031814658,-21.5652025145636,NA,35,NA,1004.7,NA,"gps","Panthera leo","GSM08449","pepe","African lions in Central Kalahari Botswana","2010-06-04","12:20:00"
"834",834,33097591741,"true",23.1736321342173,-21.565161500535,NA,36,NA,1008.9,NA,"gps","Panthera leo","GSM08449","pepe","African lions in Central Kalahari Botswana","2010-06-04","12:25:00"
"835",835,33097591754,"true",23.1736412474219,-21.5651252605428,NA,36,0.002615247092196,1016,NA,"gps","Panthera leo","GSM08449","pepe","African lions in Central Kalahari Botswana","2010-06-04","12:30:00"
"836",836,33097591726,"true",23.1736170505718,-21.5651210611768,NA,36,NA,1019.4,NA,"gps","Panthera leo","GSM08449","pepe","African lions in Central Kalahari Botswana","2010-06-04","12:35:00"
"837",837,33097591725,"true",23.1736159814344,-21.5651707415938,NA,37,NA,1010.9,NA,"gps","Panthera leo","GSM08449","pepe","African lions in Central Kalahari Botswana","2010-06-04","12:40:00"
"838",838,33097591703,"true",23.1736020369437,-21.5651257722351,NA,37,NA,1015.3,NA,"gps","Panthera leo","GSM08449","pepe","African lions in Central Kalahari Botswana","2010-06-04","12:45:00"
"839",839,33097591727,"true",23.1736171852221,-21.565130089686,NA,37,NA,1011.5,NA,"gps","Panthera leo","GSM08449","pepe","African lions in Central Kalahari Botswana","2010-06-04","12:50:00"
"840",840,33097591731,"true",23.1736197328252,-21.5651390867065,NA,37,NA,1008.6,NA,"gps","Panthera leo","GSM08449","pepe","African lions in Central Kalahari Botswana","2010-06-04","12:55:00"
"841",841,33097591707,"true",23.1736042452383,-21.5650715618187,NA,36,0.00394562121205,1009.5,NA,"gps","Panthera leo","GSM08449","pepe","African lions in Central Kalahari Botswana","2010-06-04","13:00:00"
"842",842,33097591696,"true",23.1735981508997,-21.5651483986131,NA,36,NA,1009.1,NA,"gps","Panthera leo","GSM08449","pepe","African lions in Central Kalahari Botswana","2010-06-04","13:05:00"
"843",843,33097591673,"true",23.1735728795416,-21.56511260733,NA,36,NA,1000.4,NA,"gps","Panthera leo","GSM08449","pepe","African lions in Central Kalahari Botswana","2010-06-04","13:10:00"
"844",844,33097591749,"true",23.1736385651663,-21.5651072350137,NA,36,NA,1002.1,NA,"gps","Panthera leo","GSM08449","pepe","African lions in Central Kalahari Botswana","2010-06-04","13:15:00"
"845",845,33097591751,"true",23.1736388991014,-21.5650891701232,NA,36,NA,1001.4,NA,"gps","Panthera leo","GSM08449","pepe","African lions in Central Kalahari Botswana","2010-06-04","13:20:00"
"846",846,33097591691,"true",23.1735920511929,-21.5651439630794,NA,36,NA,996.9,NA,"gps","Panthera leo","GSM08449","pepe","African lions in Central Kalahari Botswana","2010-06-04","13:26:00"
"847",847,33097591793,"true",23.173760211805,-21.5650108296924,NA,36,0.009649577441878,990.9,NA,"gps","Panthera leo","GSM08449","pepe","African lions in Central Kalahari Botswana","2010-06-04","13:30:00"
"848",848,33097591777,"true",23.1736687916932,-21.5650707194907,NA,35,NA,1009.1,NA,"gps","Panthera leo","GSM08449","pepe","African lions in Central Kalahari Botswana","2010-06-04","13:35:00"
"849",849,33097591758,"true",23.1736453327415,-21.5650755407649,NA,35,NA,1012.9,NA,"gps","Panthera leo","GSM08449","pepe","African lions in Central Kalahari Botswana","2010-06-04","13:40:00"
"850",850,33097591708,"true",23.173604247922,-21.5651121979827,NA,35,NA,1019.5,NA,"gps","Panthera leo","GSM08449","pepe","African lions in Central Kalahari Botswana","2010-06-04","13:45:00"
"851",851,33097591689,"true",23.1735904407704,-21.5651168932955,NA,34,NA,1017.9,NA,"gps","Panthera leo","GSM08449","pepe","African lions in Central Kalahari Botswana","2010-06-04","13:50:00"
"852",852,33097591676,"true",23.1735764343232,-21.5651486820077,NA,33,NA,1017.4,NA,"gps","Panthera leo","GSM08449","pepe","African lions in Central Kalahari Botswana","2010-06-04","13:55:00"
"853",853,33097591730,"true",23.1736185236605,-21.5650984662873,NA,33,0.00962315353185,1012.5,NA,"gps","Panthera leo","GSM08449","pepe","African lions in Central Kalahari Botswana","2010-06-04","14:00:00"
"854",854,33097591718,"true",23.1736119553672,-21.5651030671357,NA,33,NA,1017,NA,"gps","Panthera leo","GSM08449","pepe","African lions in Central Kalahari Botswana","2010-06-04","14:05:00"
"855",855,33097591733,"true",23.173622544351,-21.5650848684183,NA,33,NA,1019.1,NA,"gps","Panthera leo","GSM08449","pepe","African lions in Central Kalahari Botswana","2010-06-04","14:10:00"
"856",856,33097591712,"true",23.1736069274887,-21.5650895873488,NA,32,NA,1023.3,NA,"gps","Panthera leo","GSM08449","pepe","African lions in Central Kalahari Botswana","2010-06-04","14:15:00"
"857",857,33097591747,"true",23.1736363514984,-21.5650801731031,NA,32,NA,1020.7,NA,"gps","Panthera leo","GSM08449","pepe","African lions in Central Kalahari Botswana","2010-06-04","14:20:00"
"858",858,33097591767,"true",23.1736575294543,-21.5650437756654,NA,32,NA,1019.1,NA,"gps","Panthera leo","GSM08449","pepe","African lions in Central Kalahari Botswana","2010-06-04","14:25:00"
"859",859,33097591735,"true",23.1736260264394,-21.5650351565123,NA,32,0.003914206464696,1024.2,NA,"gps","Panthera leo","GSM08449","pepe","African lions in Central Kalahari Botswana","2010-06-04","14:30:00"
"860",860,33097591723,"true",23.1736136277456,-21.5650533788461,NA,31,NA,1025.5,NA,"gps","Panthera leo","GSM08449","pepe","African lions in Central Kalahari Botswana","2010-06-04","14:35:00"
"861",861,33097591755,"true",23.1736413066676,-21.5650078663076,NA,31,NA,1027.2,NA,"gps","Panthera leo","GSM08449","pepe","African lions in Central Kalahari Botswana","2010-06-04","14:40:00"
"862",862,33097591764,"true",23.1736529674653,-21.5649806233355,NA,31,NA,1031.3,NA,"gps","Panthera leo","GSM08449","pepe","African lions in Central Kalahari Botswana","2010-06-04","14:45:00"
"863",863,33097591716,"true",23.1736094697217,-21.5650173120415,NA,31,NA,1033,NA,"gps","Panthera leo","GSM08449","pepe","African lions in Central Kalahari Botswana","2010-06-04","14:50:00"
"864",864,33097591732,"true",23.1736220030632,-21.5650081182175,NA,31,NA,1032.2,NA,"gps","Panthera leo","GSM08449","pepe","African lions in Central Kalahari Botswana","2010-06-04","14:55:00"
"865",865,33097591745,"true",23.1736347410695,-21.5650531033201,NA,30,0.001218429308076,1025.3,NA,"gps","Panthera leo","GSM08449","pepe","African lions in Central Kalahari Botswana","2010-06-04","15:00:00"
"866",866,33097591742,"true",23.1736325920399,-21.5649899195,NA,30,NA,1034.3,NA,"gps","Panthera leo","GSM08449","pepe","African lions in Central Kalahari Botswana","2010-06-04","15:05:00"
"867",867,33097591704,"true",23.1736023628373,-21.5649857988516,NA,30,NA,1033.6,NA,"gps","Panthera leo","GSM08449","pepe","African lions in Central Kalahari Botswana","2010-06-04","15:10:00"
"868",868,33097591692,"true",23.173595662579,-21.5650220073541,NA,30,NA,1039.6,NA,"gps","Panthera leo","GSM08449","pepe","African lions in Central Kalahari Botswana","2010-06-04","15:15:00"
"869",869,33097591594,"true",23.1734906265947,-21.56493759047,NA,29,NA,1033.3,NA,"gps","Panthera leo","GSM08449","pepe","African lions in Central Kalahari Botswana","2010-06-04","15:20:00"
"870",870,33097591602,"true",23.1735056428611,-21.56497351559,NA,29,NA,1022.8,NA,"gps","Panthera leo","GSM08449","pepe","African lions in Central Kalahari Botswana","2010-06-04","15:25:00"
"871",871,33097591631,"true",23.1735396261299,-21.5649866175352,NA,29,0.006645573649788,1014.3,NA,"gps","Panthera leo","GSM08449","pepe","African lions in Central Kalahari Botswana","2010-06-04","15:30:00"
"872",872,33097591592,"true",23.1734781605699,-21.5649512985395,NA,29,NA,1034.5,NA,"gps","Panthera leo","GSM08449","pepe","African lions in Central Kalahari Botswana","2010-06-04","15:35:00"
"873",873,33097591589,"true",23.1734751443826,-21.5649513378975,NA,29,NA,1029.6,NA,"gps","Panthera leo","GSM08449","pepe","African lions in Central Kalahari Botswana","2010-06-04","15:40:00"
"874",874,33097591591,"true",23.1734776167234,-21.5648339121626,NA,28,NA,1029.4,NA,"gps","Panthera leo","GSM08449","pepe","African lions in Central Kalahari Botswana","2010-06-04","15:45:00"
"875",875,33097591587,"true",23.1734701785605,-21.5648611000239,NA,28,NA,1024.3,NA,"gps","Panthera leo","GSM08449","pepe","African lions in Central Kalahari Botswana","2010-06-04","15:50:00"
"876",876,33097591581,"true",23.1734563687907,-21.5648251591556,NA,28,NA,1029.1,NA,"gps","Panthera leo","GSM08449","pepe","African lions in Central Kalahari Botswana","2010-06-04","15:55:00"
"877",877,33097591597,"true",23.1734982640695,-21.5648833092058,NA,27,0.007063212317232,1020.8,NA,"gps","Panthera leo","GSM08449","pepe","African lions in Central Kalahari Botswana","2010-06-04","16:00:00"
"878",878,33097591020,"true",23.1729658249589,-21.5640955924241,NA,27,NA,1018.3,NA,"gps","Panthera leo","GSM08449","pepe","African lions in Central Kalahari Botswana","2010-06-04","16:05:00"
"879",879,33097590551,"true",23.1720839644042,-21.5628970375569,NA,26,NA,1014.9,NA,"gps","Panthera leo","GSM08449","pepe","African lions in Central Kalahari Botswana","2010-06-04","16:10:00"
"880",880,33097590534,"true",23.1720395119302,-21.5626267089275,NA,26,NA,1017.3,NA,"gps","Panthera leo","GSM08449","pepe","African lions in Central Kalahari Botswana","2010-06-04","16:15:00"
"881",881,33097590535,"true",23.1720395791979,-21.5626312231882,NA,26,NA,1017.7,NA,"gps","Panthera leo","GSM08449","pepe","African lions in Central Kalahari Botswana","2010-06-04","16:20:00"
"882",882,33097590478,"true",23.1719093085509,-21.5618653482533,NA,25,NA,1015.3,NA,"gps","Panthera leo","GSM08449","pepe","African lions in Central Kalahari Botswana","2010-06-04","16:25:00"
"883",883,33097590456,"true",23.171895032925,-21.5618790797939,NA,25,0.206585394157072,1014,NA,"gps","Panthera leo","GSM08449","pepe","African lions in Central Kalahari Botswana","2010-06-04","16:30:00"
"884",884,33097590486,"true",23.1719167490389,-21.5618787966592,NA,25,NA,1013.9,NA,"gps","Panthera leo","GSM08449","pepe","African lions in Central Kalahari Botswana","2010-06-04","16:35:00"
"885",885,33097590489,"true",23.1719204356526,-21.5618832637313,NA,25,NA,1013.1,NA,"gps","Panthera leo","GSM08449","pepe","African lions in Central Kalahari Botswana","2010-06-04","16:40:00"
"886",886,33097590469,"true",23.1719039467839,-21.5618699332985,NA,25,NA,1014,NA,"gps","Panthera leo","GSM08449","pepe","African lions in Central Kalahari Botswana","2010-06-04","16:45:00"
"887",887,33097590471,"true",23.1719051532346,-21.5618699175688,NA,25,NA,1016.5,NA,"gps","Panthera leo","GSM08449","pepe","African lions in Central Kalahari Botswana","2010-06-04","16:50:00"
"888",888,33097590470,"true",23.1719039467839,-21.5618699332985,NA,24,NA,1014,NA,"gps","Panthera leo","GSM08449","pepe","African lions in Central Kalahari Botswana","2010-06-04","16:55:00"
"889",889,33097590479,"true",23.1719103153432,-21.5618924259574,NA,24,0.001422917527222,1010.6,NA,"gps","Panthera leo","GSM08449","pepe","African lions in Central Kalahari Botswana","2010-06-04","17:00:00"
"890",890,33097590463,"true",23.1719001950325,-21.5619015881829,NA,24,NA,1008.2,NA,"gps","Panthera leo","GSM08449","pepe","African lions in Central Kalahari Botswana","2010-06-04","17:05:00"
"891",891,33097590465,"true",23.1719028075941,-21.5618744632897,NA,23,NA,1012,NA,"gps","Panthera leo","GSM08449","pepe","African lions in Central Kalahari Botswana","2010-06-04","17:10:00"
"892",892,33097590473,"true",23.1719064290707,-21.5619150523188,NA,23,NA,1004.4,NA,"gps","Panthera leo","GSM08449","pepe","African lions in Central Kalahari Botswana","2010-06-04","17:15:00"
"893",893,33097590451,"true",23.171887729079,-21.5619152961287,NA,23,NA,1001.2,NA,"gps","Panthera leo","GSM08449","pepe","African lions in Central Kalahari Botswana","2010-06-04","17:20:00"
"894",894,33097590464,"true",23.1719026100585,-21.5619421929417,NA,22,NA,998.5,NA,"gps","Panthera leo","GSM08449","pepe","African lions in Central Kalahari Botswana","2010-06-04","17:25:00"
"895",895,33097590449,"true",23.1718875945579,-21.5619062676056,NA,22,0.0014444456,1000.8,NA,"gps","Panthera leo","GSM08449","pepe","African lions in Central Kalahari Botswana","2010-06-04","17:30:00"
"896",896,33097590455,"true",23.1718939609955,-21.5618881240466,NA,21,NA,1003.8,NA,"gps","Panthera leo","GSM08449","pepe","African lions in Central Kalahari Botswana","2010-06-04","17:35:00"
"897",897,33097590458,"true",23.1718966429404,-21.5619061496334,NA,21,NA,1001.2,NA,"gps","Panthera leo","GSM08449","pepe","African lions in Central Kalahari Botswana","2010-06-04","17:40:00"
"898",898,33097590462,"true",23.1718999259889,-21.5618835311369,NA,20,NA,1007.4,NA,"gps","Panthera leo","GSM08449","pepe","African lions in Central Kalahari Botswana","2010-06-04","17:45:00"
"899",899,33097590411,"true",23.1718066278215,-21.5618982929451,NA,20,NA,1002.6,NA,"gps","Panthera leo","GSM08449","pepe","African lions in Central Kalahari Botswana","2010-06-04","17:50:00"
"900",900,33097590493,"true",23.17192934951,-21.5618741172346,NA,19,NA,1013.1,NA,"gps","Panthera leo","GSM08449","pepe","African lions in Central Kalahari Botswana","2010-06-04","17:55:00"
"901",901,33097590450,"true",23.1718877269598,-21.56187465991,NA,19,0.001667593556296,1007.6,NA,"gps","Panthera leo","GSM08449","pepe","African lions in Central Kalahari Botswana","2010-06-04","18:00:00"
"902",902,33097590480,"true",23.1719103804794,-21.5618563040006,NA,18,NA,1009.2,NA,"gps","Panthera leo","GSM08449","pepe","African lions in Central Kalahari Botswana","2010-06-04","18:05:00"
"903",903,33097590459,"true",23.1718974458265,-21.5618790483347,NA,18,NA,1010.7,NA,"gps","Panthera leo","GSM08449","pepe","African lions in Central Kalahari Botswana","2010-06-04","18:10:00"
"904",904,33097590430,"true",23.1718699643843,-21.5618568309414,NA,18,NA,1006.1,NA,"gps","Panthera leo","GSM08449","pepe","African lions in Central Kalahari Botswana","2010-06-04","18:15:00"
"905",905,33097590675,"true",23.1721805339821,-21.5614012677201,NA,18,NA,1009.1,NA,"gps","Panthera leo","GSM08449","pepe","African lions in Central Kalahari Botswana","2010-06-04","18:20:00"
"906",906,33097590862,"true",23.172402351972,-21.5607798013271,NA,18,NA,1008.9,NA,"gps","Panthera leo","GSM08449","pepe","African lions in Central Kalahari Botswana","2010-06-04","18:25:00"
"907",907,33097590921,"true",23.1725631918561,-21.5604390685058,NA,19,0.09648523552146,1012.1,NA,"gps","Panthera leo","GSM08449","pepe","African lions in Central Kalahari Botswana","2010-06-04","18:30:00"
"908",908,33097590915,"true",23.1725358203648,-21.559978881403,NA,19,NA,1012.9,NA,"gps","Panthera leo","GSM08449","pepe","African lions in Central Kalahari Botswana","2010-06-04","18:35:00"
"909",909,33097590400,"true",23.1717490792352,-21.5583998100387,NA,19,NA,1017.4,NA,"gps","Panthera leo","GSM08449","pepe","African lions in Central Kalahari Botswana","2010-06-04","18:40:00"
"910",910,33097590494,"true",23.1719337861263,-21.5582032511916,NA,20,NA,1015.3,NA,"gps","Panthera leo","GSM08449","pepe","African lions in Central Kalahari Botswana","2010-06-04","18:45:00"
"911",911,33097590510,"true",23.171973129288,-21.5582117685744,NA,20,NA,1008.1,NA,"gps","Panthera leo","GSM08449","pepe","African lions in Central Kalahari Botswana","2010-06-04","18:50:00"
"912",912,33097590466,"true",23.1719034911207,-21.558194615846,NA,20,NA,1014.7,NA,"gps","Panthera leo","GSM08449","pepe","African lions in Central Kalahari Botswana","2010-06-04","18:55:00"
"913",913,33097590476,"true",23.1719083840504,-21.5581990672008,NA,20,0.142871344019206,1016.3,NA,"gps","Panthera leo","GSM08449","pepe","African lions in Central Kalahari Botswana","2010-06-04","19:00:00"
"914",914,33097590495,"true",23.1719341875887,-21.5581897005378,NA,20,NA,1014.6,NA,"gps","Panthera leo","GSM08449","pepe","African lions in Central Kalahari Botswana","2010-06-04","19:05:00"
"915",915,33097590725,"true",23.1722072844937,-21.5590259560279,NA,21,NA,1021.2,NA,"gps","Panthera leo","GSM08449","pepe","African lions in Central Kalahari Botswana","2010-06-04","19:10:00"
"916",916,33097590802,"true",23.1722417349224,-21.5590300219839,NA,21,NA,1012.3,NA,"gps","Panthera leo","GSM08449","pepe","African lions in Central Kalahari Botswana","2010-06-04","19:15:00"
"917",917,33097590798,"true",23.1722393220685,-21.5590300534442,NA,21,NA,1015.7,NA,"gps","Panthera leo","GSM08449","pepe","African lions in Central Kalahari Botswana","2010-06-04","19:20:00"
"918",918,33097590824,"true",23.17225554157,-21.5590253268245,NA,20,NA,1013.9,NA,"gps","Panthera leo","GSM08449","pepe","African lions in Central Kalahari Botswana","2010-06-04","19:25:00"
"919",919,33097590784,"true",23.1722353664806,-21.5590075293244,NA,20,0.053179101709914,1015.8,NA,"gps","Panthera leo","GSM08449","pepe","African lions in Central Kalahari Botswana","2010-06-04","19:30:00"
"920",920,33097590603,"true",23.1721287994828,-21.5590224641913,NA,20,NA,1011.4,NA,"gps","Panthera leo","GSM08449","pepe","African lions in Central Kalahari Botswana","2010-06-04","19:35:00"
"921",921,33097590638,"true",23.1721555426527,-21.5590356609306,NA,20,NA,1013.2,NA,"gps","Panthera leo","GSM08449","pepe","African lions in Central Kalahari Botswana","2010-06-04","19:40:00"
"922",922,33097590631,"true",23.1721501809897,-21.5590402459757,NA,20,NA,1012,NA,"gps","Panthera leo","GSM08449","pepe","African lions in Central Kalahari Botswana","2010-06-04","19:45:00"
"923",923,33097590735,"true",23.172211305206,-21.5590123581868,NA,19,NA,1011.4,NA,"gps","Panthera leo","GSM08449","pepe","African lions in Central Kalahari Botswana","2010-06-04","19:50:00"
"924",924,33097590712,"true",23.1722009854476,-21.559048613853,NA,19,NA,1018.2,NA,"gps","Panthera leo","GSM08449","pepe","African lions in Central Kalahari Botswana","2010-06-04","19:55:00"
"925",925,33097590722,"true",23.1722064816302,-21.5590530573306,NA,19,0.003268350670234,1019.8,NA,"gps","Panthera leo","GSM08449","pepe","African lions in Central Kalahari Botswana","2010-06-04","20:00:00"
"926",926,33097590715,"true",23.1722021918747,-21.5590485981231,NA,18,NA,1020.7,NA,"gps","Panthera leo","GSM08449","pepe","African lions in Central Kalahari Botswana","2010-06-04","20:05:00"
"927",927,33097590704,"true",23.1721997790205,-21.5590486295829,NA,18,NA,1024,NA,"gps","Panthera leo","GSM08449","pepe","African lions in Central Kalahari Botswana","2010-06-04","20:10:00"
"928",928,33097590697,"true",23.1721950205722,-21.5590532067644,NA,18,NA,1022.7,NA,"gps","Panthera leo","GSM08449","pepe","African lions in Central Kalahari Botswana","2010-06-04","20:15:00"
"929",929,33097590718,"true",23.1722033983018,-21.5590485823932,NA,18,NA,1023.1,NA,"gps","Panthera leo","GSM08449","pepe","African lions in Central Kalahari Botswana","2010-06-04","20:20:00"
"930",930,33097590707,"true",23.1721999135413,-21.5590576581071,NA,17,NA,1024.3,NA,"gps","Panthera leo","GSM08449","pepe","African lions in Central Kalahari Botswana","2010-06-04","20:25:00"
"931",931,33097590766,"true",23.1722250467286,-21.5590437849916,NA,17,0.001242260993808,1022.6,NA,"gps","Panthera leo","GSM08449","pepe","African lions in Central Kalahari Botswana","2010-06-04","20:30:00"
"932",932,33097590739,"true",23.1722136529323,-21.5590484486888,NA,17,NA,1025.9,NA,"gps","Panthera leo","GSM08449","pepe","African lions in Central Kalahari Botswana","2010-06-04","20:35:00"
"933",933,33097591156,"true",23.1731026358216,-21.5587027351805,NA,18,NA,1022.7,NA,"gps","Panthera leo","GSM08449","pepe","African lions in Central Kalahari Botswana","2010-06-04","20:40:00"
"934",934,33097591829,"true",23.1738817806751,-21.5586383888384,NA,18,NA,1021.9,NA,"gps","Panthera leo","GSM08449","pepe","African lions in Central Kalahari Botswana","2010-06-04","20:45:00"
"935",935,33097592214,"true",23.1757323360538,-21.5582439911647,NA,18,NA,1020.4,NA,"gps","Panthera leo","GSM08449","pepe","African lions in Central Kalahari Botswana","2010-06-04","20:50:00"
"936",936,33097592230,"true",23.1757926619705,-21.5565455137197,NA,19,NA,1017.9,NA,"gps","Panthera leo","GSM08449","pepe","African lions in Central Kalahari Botswana","2010-06-04","20:55:00"
"937",937,33097592200,"true",23.1756494678593,-21.5560868400514,NA,19,0.268412033340566,1021.4,NA,"gps","Panthera leo","GSM08449","pepe","African lions in Central Kalahari Botswana","2010-06-04","21:00:00"
"938",938,33097592210,"true",23.1757141449681,-21.5560950257713,NA,19,NA,1013.2,NA,"gps","Panthera leo","GSM08449","pepe","African lions in Central Kalahari Botswana","2010-06-04","21:05:00"
"939",939,33097592259,"true",23.1758619937054,-21.5569464550778,NA,19,NA,1020,NA,"gps","Panthera leo","GSM08449","pepe","African lions in Central Kalahari Botswana","2010-06-04","21:10:00"
"940",940,33097592256,"true",23.1758593787926,-21.5569329438307,NA,20,NA,1023,NA,"gps","Panthera leo","GSM08449","pepe","African lions in Central Kalahari Botswana","2010-06-04","21:15:00"
"941",941,33097592245,"true",23.1758445008068,-21.5569466835232,NA,20,NA,1019.3,NA,"gps","Panthera leo","GSM08449","pepe","African lions in Central Kalahari Botswana","2010-06-04","21:20:00"
"942",942,33097592240,"true",23.17583538539,-21.5569422874315,NA,20,NA,1018.6,NA,"gps","Panthera leo","GSM08449","pepe","African lions in Central Kalahari Botswana","2010-06-04","21:25:00"
"943",943,33097592241,"true",23.1758402110171,-21.5569422244126,NA,19,0.053758648284662,1020.2,NA,"gps","Panthera leo","GSM08449","pepe","African lions in Central Kalahari Botswana","2010-06-04","21:30:00"
"944",944,33097592249,"true",23.1758481873933,-21.5569511505111,NA,18,NA,1018.4,NA,"gps","Panthera leo","GSM08449","pepe","African lions in Central Kalahari Botswana","2010-06-04","21:35:00"
"945",945,33097592250,"true",23.1758481873933,-21.5569511505111,NA,18,NA,1018.4,NA,"gps","Panthera leo","GSM08449","pepe","African lions in Central Kalahari Botswana","2010-06-04","21:40:00"
"946",946,33097592254,"true",23.1758572354446,-21.5569510323496,NA,17,NA,1018.8,NA,"gps","Panthera leo","GSM08449","pepe","African lions in Central Kalahari Botswana","2010-06-04","21:45:00"
"947",947,33097592263,"true",23.175867220436,-21.5569328414238,NA,17,NA,1020.9,NA,"gps","Panthera leo","GSM08449","pepe","African lions in Central Kalahari Botswana","2010-06-04","21:50:00"
"948",948,33097592260,"true",23.1758648749892,-21.5569373871859,NA,17,NA,1024.6,NA,"gps","Panthera leo","GSM08449","pepe","African lions in Central Kalahari Botswana","2010-06-04","21:55:00"
"949",949,33097592251,"true",23.1758546205321,-21.5569375211025,NA,16,0.000833334,1013.5,NA,"gps","Panthera leo","GSM08449","pepe","African lions in Central Kalahari Botswana","2010-06-04","22:00:00"
"950",950,33097592238,"true",23.1758316988041,-21.5569378204433,NA,16,NA,1019.4,NA,"gps","Panthera leo","GSM08449","pepe","African lions in Central Kalahari Botswana","2010-06-04","22:05:00"
"951",951,33097592218,"true",23.175765398467,-21.5567400204378,NA,16,NA,1017.1,NA,"gps","Panthera leo","GSM08449","pepe","African lions in Central Kalahari Botswana","2010-06-04","22:10:00"
"952",952,33097592467,"true",23.1770653687999,-21.5543435659186,NA,16,NA,1014,NA,"gps","Panthera leo","GSM08449","pepe","African lions in Central Kalahari Botswana","2010-06-04","22:15:00"
"953",953,33097592925,"true",23.1788576568654,-21.5522341506888,NA,17,NA,1015.3,NA,"gps","Panthera leo","GSM08449","pepe","African lions in Central Kalahari Botswana","2010-06-04","22:20:00"
"954",954,33097593059,"true",23.1795336813849,-21.5514487085163,NA,17,NA,1015.4,NA,"gps","Panthera leo","GSM08449","pepe","African lions in Central Kalahari Botswana","2010-06-04","22:25:00"
"955",955,33097593056,"true",23.1795258400555,-21.551448811071,NA,18,0.39859911471237,1017.5,NA,"gps","Panthera leo","GSM08449","pepe","African lions in Central Kalahari Botswana","2010-06-04","22:30:00"
"956",956,33097593057,"true",23.179526038469,-21.5514217177169,NA,18,NA,1016.4,NA,"gps","Panthera leo","GSM08449","pepe","African lions in Central Kalahari Botswana","2010-06-04","22:35:00"
"957",957,33097593053,"true",23.179521951137,-21.5514308014269,NA,18,NA,1017.6,NA,"gps","Panthera leo","GSM08449","pepe","African lions in Central Kalahari Botswana","2010-06-04","22:40:00"
"958",958,33097593055,"true",23.1795243638535,-21.5514307698717,NA,18,NA,1014.3,NA,"gps","Panthera leo","GSM08449","pepe","African lions in Central Kalahari Botswana","2010-06-04","22:45:00"
"959",959,33097593052,"true",23.1795194709598,-21.5514263187378,NA,18,NA,1012.7,NA,"gps","Panthera leo","GSM08449","pepe","African lions in Central Kalahari Botswana","2010-06-04","22:50:00"
"960",960,33097592971,"true",23.1791543202009,-21.5504467962118,NA,18,NA,1015.6,NA,"gps","Panthera leo","GSM08449","pepe","African lions in Central Kalahari Botswana","2010-06-04","22:55:00"
"961",961,33097592746,"true",23.1781533863552,-21.5489473127447,NA,19,0.172998291731856,1019.3,NA,"gps","Panthera leo","GSM08449","pepe","African lions in Central Kalahari Botswana","2010-06-04","23:00:00"
"962",962,33097592667,"true",23.1777985333073,-21.5482927408133,NA,19,NA,1014.7,NA,"gps","Panthera leo","GSM08449","pepe","African lions in Central Kalahari Botswana","2010-06-04","23:05:00"
"963",963,33097592612,"true",23.1776063692084,-21.5480288588692,NA,19,NA,1015,NA,"gps","Panthera leo","GSM08449","pepe","African lions in Central Kalahari Botswana","2010-06-04","23:10:00"
"964",964,33097592489,"true",23.1772346967211,-21.5473383840205,NA,20,NA,1010.3,NA,"gps","Panthera leo","GSM08449","pepe","African lions in Central Kalahari Botswana","2010-06-04","23:15:00"
"965",965,33097592748,"true",23.1781642498699,-21.5443011002007,NA,20,NA,1015.4,NA,"gps","Panthera leo","GSM08449","pepe","African lions in Central Kalahari Botswana","2010-06-04","23:20:00"
"966",966,33097592916,"true",23.1787876209824,-21.5456068565736,NA,20,NA,1008.7,NA,"gps","Panthera leo","GSM08449","pepe","African lions in Central Kalahari Botswana","2010-06-04","23:25:00"
"967",967,33097592333,"true",23.1761310249623,-21.5471180105082,NA,20,0.161732542441486,1014.8,NA,"gps","Panthera leo","GSM08449","pepe","African lions in Central Kalahari Botswana","2010-06-04","23:30:00"
"968",968,33097591863,"true",23.1740196203527,-21.5483375611421,NA,20,NA,1008.2,NA,"gps","Panthera leo","GSM08449","pepe","African lions in Central Kalahari Botswana","2010-06-04","23:35:00"
"969",969,33097591345,"true",23.1732663992772,-21.548397051111,NA,20,NA,1010.1,NA,"gps","Panthera leo","GSM08449","pepe","African lions in Central Kalahari Botswana","2010-06-04","23:40:00"
"970",970,33097590350,"true",23.1715631077069,-21.5498415234123,NA,20,NA,1008.4,NA,"gps","Panthera leo","GSM08449","pepe","African lions in Central Kalahari Botswana","2010-06-04","23:45:00"
"971",971,33097590216,"true",23.1710289001407,-21.5499839377136,NA,20,NA,1011.5,NA,"gps","Panthera leo","GSM08449","pepe","African lions in Central Kalahari Botswana","2010-06-04","23:50:00"
"972",972,33097589691,"true",23.1695294104128,-21.5502879191606,NA,20,NA,1010.6,NA,"gps","Panthera leo","GSM08449","pepe","African lions in Central Kalahari Botswana","2010-06-04","23:55:00"
"973",973,33097589687,"true",23.1695234457762,-21.5502925119578,NA,20,0.427538644252864,1006.9,NA,"gps","Panthera leo","GSM08449","pepe","African lions in Central Kalahari Botswana","2010-06-05","00:00:00"
"974",974,33097589688,"true",23.169524652133,-21.5502924962534,NA,20,NA,1009.4,NA,"gps","Panthera leo","GSM08449","pepe","African lions in Central Kalahari Botswana","2010-06-05","00:05:00"
"975",975,33097589686,"true",23.1695223737144,-21.5503015562121,NA,20,NA,1004.8,NA,"gps","Panthera leo","GSM08449","pepe","African lions in Central Kalahari Botswana","2010-06-05","00:10:00"
"976",976,33097589690,"true",23.1695272662899,-21.5503060076691,NA,20,NA,1006.4,NA,"gps","Panthera leo","GSM08449","pepe","African lions in Central Kalahari Botswana","2010-06-05","00:15:00"
"977",977,33097589697,"true",23.1695473726249,-21.5503192913686,NA,20,NA,1004.6,NA,"gps","Panthera leo","GSM08449","pepe","African lions in Central Kalahari Botswana","2010-06-05","00:20:00"
"978",978,33097589693,"true",23.1695362468191,-21.5503013756104,NA,20,NA,1006.8,NA,"gps","Panthera leo","GSM08449","pepe","African lions in Central Kalahari Botswana","2010-06-05","00:25:00"
"979",979,33097589705,"true",23.1695727732722,-21.5503234758441,NA,20,0.0032871831853,1011.8,NA,"gps","Panthera leo","GSM08449","pepe","African lions in Central Kalahari Botswana","2010-06-05","00:30:00"
"980",980,33097589710,"true",23.1695780004311,-21.5503098623481,NA,19,NA,1012.7,NA,"gps","Panthera leo","GSM08449","pepe","African lions in Central Kalahari Botswana","2010-06-05","00:35:00"
"981",981,33097589711,"true",23.1695780004311,-21.5503098623481,NA,19,NA,1012.7,NA,"gps","Panthera leo","GSM08449","pepe","African lions in Central Kalahari Botswana","2010-06-05","00:40:00"
"982",982,33097589719,"true",23.1695828930084,-21.5503143138034,NA,18,NA,1014.3,NA,"gps","Panthera leo","GSM08449","pepe","African lions in Central Kalahari Botswana","2010-06-05","00:45:00"
"983",983,33097589714,"true",23.1695794753856,-21.5503279037422,NA,18,NA,1015.8,NA,"gps","Panthera leo","GSM08449","pepe","African lions in Central Kalahari Botswana","2010-06-05","00:50:00"
"984",984,33097589733,"true",23.1695879198853,-21.5503277938079,NA,17,NA,1016.2,NA,"gps","Panthera leo","GSM08449","pepe","African lions in Central Kalahari Botswana","2010-06-05","00:55:00"
"985",985,33097589709,"true",23.169575320285,-21.5503324729839,NA,17,0.000566558231024,1017.1,NA,"gps","Panthera leo","GSM08449","pepe","African lions in Central Kalahari Botswana","2010-06-05","01:00:00"
"986",986,33097589722,"true",23.1695832959056,-21.5503413994517,NA,16,NA,1015.3,NA,"gps","Panthera leo","GSM08449","pepe","African lions in Central Kalahari Botswana","2010-06-05","01:05:00"
"987",987,33097589720,"true",23.1695831616064,-21.5503323709023,NA,16,NA,1015,NA,"gps","Panthera leo","GSM08449","pepe","African lions in Central Kalahari Botswana","2010-06-05","01:10:00"
"988",988,33097589716,"true",23.1695806817427,-21.5503278880373,NA,15,NA,1018.3,NA,"gps","Panthera leo","GSM08449","pepe","African lions in Central Kalahari Botswana","2010-06-05","01:15:00"
"989",989,33097589700,"true",23.1695663397553,-21.5503371050448,NA,15,NA,1016.7,NA,"gps","Panthera leo","GSM08449","pepe","African lions in Central Kalahari Botswana","2010-06-05","01:20:00"
"990",990,33097589708,"true",23.1695751859864,-21.5503234444345,NA,14,NA,1016.7,NA,"gps","Panthera leo","GSM08449","pepe","African lions in Central Kalahari Botswana","2010-06-05","01:25:00"
"991",991,33097589713,"true",23.1695790065058,-21.5503369401441,NA,14,0.000598352145348,1016.2,NA,"gps","Panthera leo","GSM08449","pepe","African lions in Central Kalahari Botswana","2010-06-05","01:30:00"
"992",992,33097589703,"true",23.1695680149929,-21.5503280529381,NA,14,NA,1018.8,NA,"gps","Panthera leo","GSM08449","pepe","African lions in Central Kalahari Botswana","2010-06-05","01:35:00"
"993",993,33097589726,"true",23.1695852397407,-21.5503504044437,NA,14,NA,1012.4,NA,"gps","Panthera leo","GSM08449","pepe","African lions in Central Kalahari Botswana","2010-06-05","01:40:00"
"994",994,33097589730,"true",23.1695868478275,-21.5503368380622,NA,13,NA,1014.1,NA,"gps","Panthera leo","GSM08449","pepe","African lions in Central Kalahari Botswana","2010-06-05","01:45:00"
"995",995,33097589706,"true",23.1695741139278,-21.5503324886888,NA,14,NA,1014.6,NA,"gps","Panthera leo","GSM08449","pepe","African lions in Central Kalahari Botswana","2010-06-05","01:50:00"
"996",996,33097589721,"true",23.1695831616064,-21.5503323709023,NA,14,NA,1015,NA,"gps","Panthera leo","GSM08449","pepe","African lions in Central Kalahari Botswana","2010-06-05","01:55:00"
"997",997,33097589717,"true",23.1695814192202,-21.5503369087343,NA,14,0.0001111112,1012.9,NA,"gps","Panthera leo","GSM08449","pepe","African lions in Central Kalahari Botswana","2010-06-05","02:00:00"
"998",998,33097589727,"true",23.1695855743207,-21.5503323394924,NA,14,NA,1011.7,NA,"gps","Panthera leo","GSM08449","pepe","African lions in Central Kalahari Botswana","2010-06-05","02:05:00"
"999",999,33097589734,"true",23.1695881884842,-21.5503458509067,NA,14,NA,1008.8,NA,"gps","Panthera leo","GSM08449","pepe","African lions in Central Kalahari Botswana","2010-06-05","02:10:00"
"1000",1000,33097589728,"true",23.1695855743207,-21.5503323394924,NA,14,NA,1011.7,NA,"gps","Panthera leo","GSM08449","pepe","African lions in Central Kalahari Botswana","2010-06-05","02:15:00"
"1001",1001,33097589724,"true",23.1695843679636,-21.5503323551974,NA,14,NA,1009.2,NA,"gps","Panthera leo","GSM08449","pepe","African lions in Central Kalahari Botswana","2010-06-05","02:20:00"
"1002",1002,33097589702,"true",23.169567814709,-21.550355146439,NA,14,NA,1003.5,NA,"gps","Panthera leo","GSM08449","pepe","African lions in Central Kalahari Botswana","2010-06-05","02:25:00"
"1003",1003,33097589712,"true",23.1695780004311,-21.5503098623481,NA,15,0.00167498050665,1012.7,NA,"gps","Panthera leo","GSM08449","pepe","African lions in Central Kalahari Botswana","2010-06-05","02:30:00"
"1004",1004,33097589729,"true",23.169586579229,-21.5503187809634,NA,15,NA,1013.4,NA,"gps","Panthera leo","GSM08449","pepe","African lions in Central Kalahari Botswana","2010-06-05","02:35:00"
"1005",1005,33097589459,"true",23.168743872385,-21.5503658707872,NA,16,NA,1008.1,NA,"gps","Panthera leo","GSM08449","pepe","African lions in Central Kalahari Botswana","2010-06-05","02:40:00"
"1006",1006,33097589409,"true",23.1686626464007,-21.550461745964,NA,16,NA,1006,NA,"gps","Panthera leo","GSM08449","pepe","African lions in Central Kalahari Botswana","2010-06-05","02:45:00"
"1007",1007,33097589403,"true",23.1686515206855,-21.5504438301389,NA,16,NA,1008.2,NA,"gps","Panthera leo","GSM08449","pepe","African lions in Central Kalahari Botswana","2010-06-05","02:50:00"
"1008",1008,33097589399,"true",23.1686438816252,-21.5504981113558,NA,16,NA,996.1,NA,"gps","Panthera leo","GSM08449","pepe","African lions in Central Kalahari Botswana","2010-06-05","02:55:00"
"1009",1009,33097589413,"true",23.1686638527597,-21.5504617302657,NA,16,0.053376790201398,1000.3,NA,"gps","Panthera leo","GSM08449","pepe","African lions in Central Kalahari Botswana","2010-06-05","03:00:00"
"1010",1010,33097589410,"true",23.1686627806438,-21.5504707745188,NA,16,NA,998.2,NA,"gps","Panthera leo","GSM08449","pepe","African lions in Central Kalahari Botswana","2010-06-05","03:05:00"
"1011",1011,33097589580,"true",23.1692276265195,-21.5529964218312,NA,16,NA,1008.2,NA,"gps","Panthera leo","GSM08449","pepe","African lions in Central Kalahari Botswana","2010-06-05","03:10:00"
"1012",1012,33097589939,"true",23.1700583627277,-21.5552251180309,NA,17,NA,1009.6,NA,"gps","Panthera leo","GSM08449","pepe","African lions in Central Kalahari Botswana","2010-06-05","03:15:00"
"1013",1013,33097590158,"true",23.1709058067664,-21.55723686322,NA,17,NA,1016.5,NA,"gps","Panthera leo","GSM08449","pepe","African lions in Central Kalahari Botswana","2010-06-05","03:20:00"
"1014",1014,33097590217,"true",23.1710425862422,-21.558440623933,NA,18,NA,1017.1,NA,"gps","Panthera leo","GSM08449","pepe","African lions in Central Kalahari Botswana","2010-06-05","03:25:00"
"1015",1015,33097590227,"true",23.171096134008,-21.5583496232989,NA,18,0.505107971030498,1015.6,NA,"gps","Panthera leo","GSM08449","pepe","African lions in Central Kalahari Botswana","2010-06-05","03:30:00"
"1016",1016,33097590022,"true",23.1705230079147,-21.5581493943771,NA,18,NA,1011.2,NA,"gps","Panthera leo","GSM08449","pepe","African lions in Central Kalahari Botswana","2010-06-05","03:35:00"
"1017",1017,33097589517,"true",23.1689646759682,-21.5568964174283,NA,18,NA,1009.5,NA,"gps","Panthera leo","GSM08449","pepe","African lions in Central Kalahari Botswana","2010-06-05","03:40:00"
"1018",1018,33097589288,"true",23.1680915435352,-21.5557925396088,NA,19,NA,1010.8,NA,"gps","Panthera leo","GSM08449","pepe","African lions in Central Kalahari Botswana","2010-06-05","03:45:00"
"1019",1019,33097589269,"true",23.1680282727135,-21.5557166053388,NA,19,NA,1010.3,NA,"gps","Panthera leo","GSM08449","pepe","African lions in Central Kalahari Botswana","2010-06-05","03:50:00"
"1020",1020,33097589129,"true",23.1672373078828,-21.5535641374473,NA,19,NA,1007.1,NA,"gps","Panthera leo","GSM08449","pepe","African lions in Central Kalahari Botswana","2010-06-05","03:55:00"
"1021",1021,33097588880,"true",23.1662999343472,-21.5521134160246,NA,19,0.472474262145774,1010.2,NA,"gps","Panthera leo","GSM08449","pepe","African lions in Central Kalahari Botswana","2010-06-05","04:00:00"
"1022",1022,33097588835,"true",23.1659543034445,-21.5511426349779,NA,19,NA,1008.4,NA,"gps","Panthera leo","GSM08449","pepe","African lions in Central Kalahari Botswana","2010-06-05","04:05:00"
"1023",1023,33097588834,"true",23.1659539013813,-21.5511561856729,NA,19,NA,1009.1,NA,"gps","Panthera leo","GSM08449","pepe","African lions in Central Kalahari Botswana","2010-06-05","04:10:00"
"1024",1024,33097588580,"true",23.1653879139602,-21.5504185398294,NA,19,NA,1009.5,NA,"gps","Panthera leo","GSM08449","pepe","African lions in Central Kalahari Botswana","2010-06-05","04:15:00"
"1025",1025,33097588569,"true",23.1652625866073,-21.5502260163877,NA,19,NA,1009.1,NA,"gps","Panthera leo","GSM08449","pepe","African lions in Central Kalahari Botswana","2010-06-05","04:20:00"
"1026",1026,33097588559,"true",23.1652243852324,-21.5502129672372,NA,19,NA,1010.2,NA,"gps","Panthera leo","GSM08449","pepe","African lions in Central Kalahari Botswana","2010-06-05","04:25:00"
"1027",1027,33097588561,"true",23.1652296128075,-21.5501993538439,NA,19,0.13314628290583,1011,NA,"gps","Panthera leo","GSM08449","pepe","African lions in Central Kalahari Botswana","2010-06-05","04:30:00"
"1028",1028,33097588560,"true",23.165228406448,-21.5501993695172,NA,19,NA,1008.6,NA,"gps","Panthera leo","GSM08449","pepe","African lions in Central Kalahari Botswana","2010-06-05","04:35:00"
"1029",1029,33097588563,"true",23.1652368509647,-21.5501992598039,NA,19,NA,1009,NA,"gps","Panthera leo","GSM08449","pepe","African lions in Central Kalahari Botswana","2010-06-05","04:40:00"
"1030",1030,33097588255,"true",23.1642826267289,-21.5493989256859,NA,19,NA,1009.3,NA,"gps","Panthera leo","GSM08449","pepe","African lions in Central Kalahari Botswana","2010-06-05","04:45:00"
"1031",1031,33097588099,"true",23.1636442124399,-21.5482513333889,NA,19,NA,1010.5,NA,"gps","Panthera leo","GSM08449","pepe","African lions in Central Kalahari Botswana","2010-06-05","04:50:00"
"1032",1032,33097587873,"true",23.1629578269781,-21.5469192385669,NA,19,NA,1010.8,NA,"gps","Panthera leo","GSM08449","pepe","African lions in Central Kalahari Botswana","2010-06-05","04:55:00"
"1033",1033,33097587832,"true",23.1627958693735,-21.5456390331717,NA,19,0.313354273738774,1016,NA,"gps","Panthera leo","GSM08449","pepe","African lions in Central Kalahari Botswana","2010-06-05","05:00:00"
"1034",1034,33097587746,"true",23.1625092524329,-21.5448209915505,NA,19,NA,1011.1,NA,"gps","Panthera leo","GSM08449","pepe","African lions in Central Kalahari Botswana","2010-06-05","05:05:00"
"1035",1035,33097587809,"true",23.1626743382625,-21.5438706647322,NA,20,NA,1011.2,NA,"gps","Panthera leo","GSM08449","pepe","African lions in Central Kalahari Botswana","2010-06-05","05:10:00"
"1036",1036,33097587806,"true",23.1626506144926,-21.5438574270175,NA,20,NA,1006.1,NA,"gps","Panthera leo","GSM08449","pepe","African lions in Central Kalahari Botswana","2010-06-05","05:15:00"
"1037",1037,33097587801,"true",23.1626239456575,-21.5436861966556,NA,20,NA,1013.7,NA,"gps","Panthera leo","GSM08449","pepe","African lions in Central Kalahari Botswana","2010-06-05","05:20:00"
"1038",1038,33097587594,"true",23.1622705908741,-21.5426793828262,NA,21,NA,1012.5,NA,"gps","Panthera leo","GSM08449","pepe","African lions in Central Kalahari Botswana","2010-06-05","05:25:00"
"1039",1039,33097587702,"true",23.1624202640505,-21.5417066801766,NA,21,0.242911046550904,1015.7,NA,"gps","Panthera leo","GSM08449","pepe","African lions in Central Kalahari Botswana","2010-06-05","05:30:00"
"1040",1040,33097587786,"true",23.1625790343704,-21.5413479223525,NA,21,NA,1013.3,NA,"gps","Panthera leo","GSM08449","pepe","African lions in Central Kalahari Botswana","2010-06-05","05:35:00"
"1041",1041,33097587780,"true",23.1625677084333,-21.5413570996095,NA,21,NA,1008.5,NA,"gps","Panthera leo","GSM08449","pepe","African lions in Central Kalahari Botswana","2010-06-05","05:40:00"
"1042",1042,33097587783,"true",23.1625698534029,-21.5413390111113,NA,22,NA,1012.6,NA,"gps","Panthera leo","GSM08449","pepe","African lions in Central Kalahari Botswana","2010-06-05","05:45:00"
"1043",1043,33097587785,"true",23.1625752147988,-21.5413344263949,NA,22,NA,1013.8,NA,"gps","Panthera leo","GSM08449","pepe","African lions in Central Kalahari Botswana","2010-06-05","05:50:00"
"1044",1044,33097587778,"true",23.1625574549803,-21.5413572326167,NA,21,NA,1005.7,NA,"gps","Panthera leo","GSM08449","pepe","African lions in Central Kalahari Botswana","2010-06-05","05:55:00"
"1045",1045,33097587788,"true",23.1625814469474,-21.5413478910564,NA,22,0.024211599647042,1018.2,NA,"gps","Panthera leo","GSM08449","pepe","African lions in Central Kalahari Botswana","2010-06-05","06:00:00"
"1046",1046,33097587784,"true",23.1625736729741,-21.5413525070691,NA,22,NA,1020.3,NA,"gps","Panthera leo","GSM08449","pepe","African lions in Central Kalahari Botswana","2010-06-05","06:05:00"
"1047",1047,33097587791,"true",23.1625827201382,-21.5413523897089,NA,22,NA,1020.7,NA,"gps","Panthera leo","GSM08449","pepe","African lions in Central Kalahari Botswana","2010-06-05","06:10:00"
"1048",1048,33097587792,"true",23.1625827201382,-21.5413523897089,NA,22,NA,1020.7,NA,"gps","Panthera leo","GSM08449","pepe","African lions in Central Kalahari Botswana","2010-06-05","06:15:00"
"1049",1049,33097587796,"true",23.1625917003995,-21.5413477580478,NA,22,NA,1021,NA,"gps","Panthera leo","GSM08449","pepe","African lions in Central Kalahari Botswana","2010-06-05","06:20:00"
"1050",1050,33097587790,"true",23.1625825863336,-21.5413433611079,NA,22,NA,1020.3,NA,"gps","Panthera leo","GSM08449","pepe","African lions in Central Kalahari Botswana","2010-06-05","06:25:00"
"1051",1051,33097587794,"true",23.162590494111,-21.5413477736959,NA,22,0.0005000004,1018.6,NA,"gps","Panthera leo","GSM08449","pepe","African lions in Central Kalahari Botswana","2010-06-05","06:30:00"
"1052",1052,33097587797,"true",23.1625952523623,-21.5413431968029,NA,23,NA,1019.8,NA,"gps","Panthera leo","GSM08449","pepe","African lions in Central Kalahari Botswana","2010-06-05","06:35:00"
"1053",1053,33097587838,"true",23.1628284761071,-21.5410015336342,NA,24,NA,1020.6,NA,"gps","Panthera leo","GSM08449","pepe","African lions in Central Kalahari Botswana","2010-06-05","06:40:00"
"1054",1054,33097587842,"true",23.162841008286,-21.5409923407132,NA,24,NA,1019.8,NA,"gps","Panthera leo","GSM08449","pepe","African lions in Central Kalahari Botswana","2010-06-05","06:45:00"
"1055",1055,33097587845,"true",23.1628487153222,-21.5409832103902,NA,25,NA,1017.3,NA,"gps","Panthera leo","GSM08449","pepe","African lions in Central Kalahari Botswana","2010-06-05","06:50:00"
"1056",1056,33097587846,"true",23.1628542105153,-21.5409876542663,NA,25,NA,1018.9,NA,"gps","Panthera leo","GSM08449","pepe","African lions in Central Kalahari Botswana","2010-06-05","06:55:00"
"1057",1057,33097588193,"true",23.1639696361309,-21.5400927222207,NA,25,0.110743981928448,1020,NA,"gps","Panthera leo","GSM08449","pepe","African lions in Central Kalahari Botswana","2010-06-05","07:00:00"
"1058",1058,33097588694,"true",23.1655921505268,-21.5390602580104,NA,26,NA,1025.5,NA,"gps","Panthera leo","GSM08449","pepe","African lions in Central Kalahari Botswana","2010-06-05","07:05:00"
"1059",1059,33097588789,"true",23.1657480281862,-21.5388324751097,NA,26,NA,1024.1,NA,"gps","Panthera leo","GSM08449","pepe","African lions in Central Kalahari Botswana","2010-06-05","07:10:00"
"1060",1060,33097588792,"true",23.1657517139734,-21.5388369423945,NA,27,NA,1023.2,NA,"gps","Panthera leo","GSM08449","pepe","African lions in Central Kalahari Botswana","2010-06-05","07:15:00"
"1061",1061,33097588796,"true",23.1657566060261,-21.5388413940099,NA,28,NA,1024.8,NA,"gps","Panthera leo","GSM08449","pepe","African lions in Central Kalahari Botswana","2010-06-05","07:20:00"
"1062",1062,33097588794,"true",23.1657531882056,-21.5388549838948,NA,29,NA,1026.4,NA,"gps","Panthera leo","GSM08449","pepe","African lions in Central Kalahari Botswana","2010-06-05","07:25:00"
"1063",1063,33097588812,"true",23.1657844171192,-21.5388455479066,NA,29,0.129442175498102,1028.7,NA,"gps","Panthera leo","GSM08449","pepe","African lions in Central Kalahari Botswana","2010-06-05","07:30:00"
"1064",1064,33097588804,"true",23.165772957801,-21.5388050603004,NA,29,NA,1021.7,NA,"gps","Panthera leo","GSM08449","pepe","African lions in Central Kalahari Botswana","2010-06-05","07:35:00"
"1065",1065,33097588811,"true",23.1657823397507,-21.5388275142415,NA,29,NA,1023.1,NA,"gps","Panthera leo","GSM08449","pepe","African lions in Central Kalahari Botswana","2010-06-05","07:40:00"
"1066",1066,33097588799,"true",23.1657629055248,-21.5388187363668,NA,29,NA,1019.6,NA,"gps","Panthera leo","GSM08449","pepe","African lions in Central Kalahari Botswana","2010-06-05","07:45:00"
"1067",1067,33097588806,"true",23.1657769785502,-21.5388320990463,NA,29,NA,1021.9,NA,"gps","Panthera leo","GSM08449","pepe","African lions in Central Kalahari Botswana","2010-06-05","07:50:00"
"1068",1068,33097588805,"true",23.1657768445653,-21.5388230704616,NA,29,NA,1021.5,NA,"gps","Panthera leo","GSM08449","pepe","African lions in Central Kalahari Botswana","2010-06-05","07:55:00"
"1069",1069,33097588807,"true",23.1657771125351,-21.5388411276309,NA,29,0.000678142486958,1022.3,NA,"gps","Panthera leo","GSM08449","pepe","African lions in Central Kalahari Botswana","2010-06-05","08:00:00"
"1070",1070,33097588803,"true",23.1657729575991,-21.5388456967662,NA,29,NA,1023.5,NA,"gps","Panthera leo","GSM08449","pepe","African lions in Central Kalahari Botswana","2010-06-05","08:05:00"
"1071",1071,33097588808,"true",23.1657771125351,-21.5388411276309,NA,29,NA,1022.3,NA,"gps","Panthera leo","GSM08449","pepe","African lions in Central Kalahari Botswana","2010-06-05","08:10:00"
"1072",1072,33097588800,"true",23.1657692718111,-21.538841229482,NA,29,NA,1024.3,NA,"gps","Panthera leo","GSM08449","pepe","African lions in Central Kalahari Botswana","2010-06-05","08:15:00"
"1073",1073,33097588813,"true",23.1658051248011,-21.5388181879359,NA,29,NA,1025.1,NA,"gps","Panthera leo","GSM08449","pepe","African lions in Central Kalahari Botswana","2010-06-05","08:20:00"
"1074",1074,33097588802,"true",23.1657716173492,-21.5388366838509,NA,29,NA,1020.7,NA,"gps","Panthera leo","GSM08449","pepe","African lions in Central Kalahari Botswana","2010-06-05","08:25:00"
"1075",1075,33097588795,"true",23.1657553997608,-21.5388414096791,NA,29,0.0012777788,1022.4,NA,"gps","Panthera leo","GSM08449","pepe","African lions in Central Kalahari Botswana","2010-06-05","08:30:00"
"1076",1076,33097588797,"true",23.1657582142429,-21.5388684640949,NA,29,NA,1020.2,NA,"gps","Panthera leo","GSM08449","pepe","African lions in Central Kalahari Botswana","2010-06-05","08:35:00"
"1077",1077,33097588774,"true",23.1657212221731,-21.5388553991271,NA,29,NA,1015.5,NA,"gps","Panthera leo","GSM08449","pepe","African lions in Central Kalahari Botswana","2010-06-05","08:40:00"
"1078",1078,33097588772,"true",23.1657196137474,-21.5388689655081,NA,29,NA,1013.8,NA,"gps","Panthera leo","GSM08449","pepe","African lions in Central Kalahari Botswana","2010-06-05","08:45:00"
"1079",1079,33097588768,"true",23.1657145877135,-21.5388554853066,NA,29,NA,1011.9,NA,"gps","Panthera leo","GSM08449","pepe","African lions in Central Kalahari Botswana","2010-06-05","08:50:00"
"1080",1080,33097588776,"true",23.1657273204911,-21.5388598350743,NA,29,NA,1011.4,NA,"gps","Panthera leo","GSM08449","pepe","African lions in Central Kalahari Botswana","2010-06-05","08:55:00"
"1081",1081,33097588791,"true",23.1657503735174,-21.5388685659451,NA,30,0.001689657740614,1014.1,NA,"gps","Panthera leo","GSM08449","pepe","African lions in Central Kalahari Botswana","2010-06-05","09:00:00"
"1082",1082,33097588784,"true",23.1657412595348,-21.5388641691718,NA,30,NA,1021.5,NA,"gps","Panthera leo","GSM08449","pepe","African lions in Central Kalahari Botswana","2010-06-05","09:05:00"
"1083",1083,33097588781,"true",23.1657350272338,-21.5388507046403,NA,30,NA,1025.3,NA,"gps","Panthera leo","GSM08449","pepe","African lions in Central Kalahari Botswana","2010-06-05","09:10:00"
"1084",1084,33097588782,"true",23.1657362332883,-21.5388913254376,NA,31,NA,1021.4,NA,"gps","Panthera leo","GSM08449","pepe","African lions in Central Kalahari Botswana","2010-06-05","09:15:00"
"1085",1085,33097588790,"true",23.1657492344513,-21.5388324594405,NA,32,NA,1026.5,NA,"gps","Panthera leo","GSM08449","pepe","African lions in Central Kalahari Botswana","2010-06-05","09:20:00"
"1086",1086,33097588785,"true",23.1657412595348,-21.5388641691718,NA,32,NA,1029.7,NA,"gps","Panthera leo","GSM08449","pepe","African lions in Central Kalahari Botswana","2010-06-05","09:25:00"
"1087",1087,33097588777,"true",23.1657325475,-21.5388868581526,NA,33,0.001532569559388,1022.3,NA,"gps","Panthera leo","GSM08449","pepe","African lions in Central Kalahari Botswana","2010-06-05","09:30:00"
"1088",1088,33097588771,"true",23.1657184072665,-21.538909617644,NA,33,NA,1029.6,NA,"gps","Panthera leo","GSM08449","pepe","African lions in Central Kalahari Botswana","2010-06-05","09:35:00"
"1089",1089,33097588787,"true",23.1657466207377,-21.538859584368,NA,33,NA,1022.8,NA,"gps","Panthera leo","GSM08449","pepe","African lions in Central Kalahari Botswana","2010-06-05","09:40:00"
"1090",1090,33097588775,"true",23.1657261140122,-21.5389004872101,NA,35,NA,1027.2,NA,"gps","Panthera leo","GSM08449","pepe","African lions in Central Kalahari Botswana","2010-06-05","09:45:00"
"1091",1091,33097588788,"true",23.1657468217126,-21.5388731272452,NA,35,NA,1023.5,NA,"gps","Panthera leo","GSM08449","pepe","African lions in Central Kalahari Botswana","2010-06-05","09:50:00"
"1092",1092,33097588793,"true",23.1657530542221,-21.53884595531,NA,35,NA,1017.9,NA,"gps","Panthera leo","GSM08449","pepe","African lions in Central Kalahari Botswana","2010-06-05","09:55:00"
"1093",1093,33097588786,"true",23.1657463525631,-21.5388821636647,NA,36,0.0007777784,1023.8,NA,"gps","Panthera leo","GSM08449","pepe","African lions in Central Kalahari Botswana","2010-06-05","10:00:00"
"1094",1094,33097588783,"true",23.1657390479781,-21.5388777433874,NA,37,NA,1025.6,NA,"gps","Panthera leo","GSM08449","pepe","African lions in Central Kalahari Botswana","2010-06-05","10:05:00"
"1095",1095,33097588773,"true",23.1657198817107,-21.538887022678,NA,37,NA,1022.8,NA,"gps","Panthera leo","GSM08449","pepe","African lions in Central Kalahari Botswana","2010-06-05","10:10:00"
"1096",1096,33097588778,"true",23.1657326816943,-21.538855250271,NA,37,NA,1020.8,NA,"gps","Panthera leo","GSM08449","pepe","African lions in Central Kalahari Botswana","2010-06-05","10:15:00"
"1097",1097,33097588779,"true",23.1657326816943,-21.538855250271,NA,39,NA,1020.8,NA,"gps","Panthera leo","GSM08449","pepe","African lions in Central Kalahari Botswana","2010-06-05","10:20:00"
"1098",1098,33097588644,"true",23.165521918557,-21.5391243825226,NA,41,NA,1027.2,NA,"gps","Panthera leo","GSM08449","pepe","African lions in Central Kalahari Botswana","2010-06-05","10:25:00"
"1099",1099,33097588643,"true",23.1655210474811,-21.5391063331847,NA,41,0.018699721070876,1024,NA,"gps","Panthera leo","GSM08449","pepe","African lions in Central Kalahari Botswana","2010-06-05","10:30:00"
"1100",1100,33097588622,"true",23.1654967211743,-21.5390931036589,NA,40,0.014958803078144,1027.1,NA,"gps","Panthera leo","GSM08449","pepe","African lions in Central Kalahari Botswana","2010-06-05","10:33:00"
"1101",1101,33097588628,"true",23.1655046958831,-21.5391020304055,NA,40,NA,1025.3,NA,"gps","Panthera leo","GSM08449","pepe","African lions in Central Kalahari Botswana","2010-06-05","10:35:00"
"1102",1102,33097588636,"true",23.1655158202328,-21.5391199465684,NA,40,NA,1023.2,NA,"gps","Panthera leo","GSM08449","pepe","African lions in Central Kalahari Botswana","2010-06-05","10:40:00"
"1103",1103,33097588637,"true",23.1655193050651,-21.5391108709792,NA,41,NA,1021.9,NA,"gps","Panthera leo","GSM08449","pepe","African lions in Central Kalahari Botswana","2010-06-05","10:45:00"
"1104",1104,33097588651,"true",23.1655247332696,-21.5391108004743,NA,41,NA,1023.2,NA,"gps","Panthera leo","GSM08449","pepe","African lions in Central Kalahari Botswana","2010-06-05","10:50:00"
"1105",1105,33097588600,"true",23.1654679050008,-21.5390618717925,NA,41,NA,1027.8,NA,"gps","Panthera leo","GSM08449","pepe","African lions in Central Kalahari Botswana","2010-06-05","10:55:00"
"1106",1106,33097588616,"true",23.1654917621351,-21.539084137743,NA,41,0.00069014499656,1025.1,NA,"gps","Panthera leo","GSM08449","pepe","African lions in Central Kalahari Botswana","2010-06-05","11:00:00"
"1107",1107,33097588615,"true",23.1654894165846,-21.5390886833711,NA,41,NA,1028.8,NA,"gps","Panthera leo","GSM08449","pepe","African lions in Central Kalahari Botswana","2010-06-05","11:05:00"
"1108",1108,33097588669,"true",23.1655388732918,-21.5391286774658,NA,41,NA,1017.7,NA,"gps","Panthera leo","GSM08449","pepe","African lions in Central Kalahari Botswana","2010-06-05","11:10:00"
"1109",1109,33097588654,"true",23.1655282181011,-21.5391017248851,NA,40,NA,1021.9,NA,"gps","Panthera leo","GSM08449","pepe","African lions in Central Kalahari Botswana","2010-06-05","11:15:00"
"1110",1110,33097588639,"true",23.165519439036,-21.5391198995652,NA,40,NA,1022.3,NA,"gps","Panthera leo","GSM08449","pepe","African lions in Central Kalahari Botswana","2010-06-05","11:20:00"
"1111",1111,33097588661,"true",23.1655325067627,-21.5391468208107,NA,40,NA,1022.9,NA,"gps","Panthera leo","GSM08449","pepe","African lions in Central Kalahari Botswana","2010-06-05","11:25:00"
"1112",1112,33097588653,"true",23.1655262074799,-21.5391288419782,NA,40,0.003390712712568,1018.1,NA,"gps","Panthera leo","GSM08449","pepe","African lions in Central Kalahari Botswana","2010-06-05","11:30:00"
"1113",1113,33097588670,"true",23.1655388732918,-21.5391286774658,NA,40,NA,1017.7,NA,"gps","Panthera leo","GSM08449","pepe","African lions in Central Kalahari Botswana","2010-06-05","11:35:00"
"1114",1114,33097588664,"true",23.1655347183405,-21.5391332465963,NA,41,NA,1018.9,NA,"gps","Panthera leo","GSM08449","pepe","African lions in Central Kalahari Botswana","2010-06-05","11:40:00"
"1115",1115,33097588674,"true",23.1655421571644,-21.5391060589977,NA,41,NA,1015.7,NA,"gps","Panthera leo","GSM08449","pepe","African lions in Central Kalahari Botswana","2010-06-05","11:45:00"
"1116",1116,33097588691,"true",23.1655755974718,-21.5391236852981,NA,42,NA,1013.4,NA,"gps","Panthera leo","GSM08449","pepe","African lions in Central Kalahari Botswana","2010-06-05","11:50:00"
"1117",1117,33097588672,"true",23.165539610398,-21.5391376982176,NA,42,NA,1012.3,NA,"gps","Panthera leo","GSM08449","pepe","African lions in Central Kalahari Botswana","2010-06-05","11:55:00"
"1118",1118,33097508350,"true",22.7007406198957,-21.3311131538324,NA,34,0.000536974596246,1053.9,NA,"gps","Panthera leo","GSM05751","pepo","African lions in Central Kalahari Botswana","2010-06-01","15:00:00"
"1119",1119,33097508353,"true",22.7007434759576,-21.3310995764072,NA,33,NA,1058,NA,"gps","Panthera leo","GSM05751","pepo","African lions in Central Kalahari Botswana","2010-06-01","15:05:00"
"1120",1120,33097508372,"true",22.7007537175312,-21.3310994727649,NA,32,NA,1060.8,NA,"gps","Panthera leo","GSM05751","pepo","African lions in Central Kalahari Botswana","2010-06-01","15:10:00"
"1121",1121,33097508334,"true",22.7007280726485,-21.331122313155,NA,31,NA,1054.8,NA,"gps","Panthera leo","GSM05751","pepo","African lions in Central Kalahari Botswana","2010-06-01","15:15:00"
"1122",1122,33097508281,"true",22.7006844883504,-21.3311046895102,NA,30,NA,1060,NA,"gps","Panthera leo","GSM05751","pepo","African lions in Central Kalahari Botswana","2010-06-01","15:20:00"
"1123",1123,33097508287,"true",22.700690535005,-21.3311588224128,NA,29,NA,1058.1,NA,"gps","Panthera leo","GSM05751","pepo","African lions in Central Kalahari Botswana","2010-06-01","15:25:00"
"1124",1124,33097508298,"true",22.7007041309866,-21.3311361039573,NA,29,0.002385658575192,1058.9,NA,"gps","Panthera leo","GSM05751","pepo","African lions in Central Kalahari Botswana","2010-06-01","15:30:00"
"1125",1125,33097508347,"true",22.7007399133397,-21.3311041286341,NA,29,NA,1045.3,NA,"gps","Panthera leo","GSM05751","pepo","African lions in Central Kalahari Botswana","2010-06-01","15:35:00"
"1126",1126,33097508332,"true",22.7007274702029,-21.3311223192515,NA,29,NA,1046.6,NA,"gps","Panthera leo","GSM05751","pepo","African lions in Central Kalahari Botswana","2010-06-01","15:40:00"
"1127",1127,33097508321,"true",22.7007236695218,-21.3311584871066,NA,28,NA,1049.2,NA,"gps","Panthera leo","GSM05751","pepo","African lions in Central Kalahari Botswana","2010-06-01","15:45:00"
"1128",1128,33097508335,"true",22.7007312930964,-21.3311403452619,NA,28,NA,1046.4,NA,"gps","Panthera leo","GSM05751","pepo","African lions in Central Kalahari Botswana","2010-06-01","15:50:00"
"1129",1129,33097508320,"true",22.7007216539656,-21.3311404428065,NA,28,NA,1051.8,NA,"gps","Panthera leo","GSM05751","pepo","African lions in Central Kalahari Botswana","2010-06-01","15:55:00"
"1130",1130,33097508283,"true",22.7006881772757,-21.3311633624459,NA,27,0.001915661532528,1047.8,NA,"gps","Panthera leo","GSM05751","pepo","African lions in Central Kalahari Botswana","2010-06-01","16:00:00"
"1131",1131,33097508299,"true",22.7007058564206,-21.331181248239,NA,27,NA,1049.3,NA,"gps","Panthera leo","GSM05751","pepo","African lions in Central Kalahari Botswana","2010-06-01","16:05:00"
"1132",1132,33097508291,"true",22.700695510733,-21.3311723205838,NA,27,NA,1046.1,NA,"gps","Panthera leo","GSM05751","pepo","African lions in Central Kalahari Botswana","2010-06-01","16:10:00"
"1133",1133,33097508329,"true",22.7007265255859,-21.3311449096817,NA,27,NA,1053.4,NA,"gps","Panthera leo","GSM05751","pepo","African lions in Central Kalahari Botswana","2010-06-01","16:15:00"
"1134",1134,33097508364,"true",22.7007511738037,-21.3311401440743,NA,26,NA,1057.8,NA,"gps","Panthera leo","GSM05751","pepo","African lions in Central Kalahari Botswana","2010-06-01","16:20:00"
"1135",1135,33097508341,"true",22.7007353540508,-21.3311267556437,NA,26,NA,1053,NA,"gps","Panthera leo","GSM05751","pepo","African lions in Central Kalahari Botswana","2010-06-01","16:25:00"
"1136",1136,33097508385,"true",22.7007585593192,-21.3311536178567,NA,26,0.0040934338303,1056.4,NA,"gps","Panthera leo","GSM05751","pepo","African lions in Central Kalahari Botswana","2010-06-01","16:30:00"
"1137",1137,33097508314,"true",22.7007174889004,-21.3311450011296,NA,25,NA,1053,NA,"gps","Panthera leo","GSM05751","pepo","African lions in Central Kalahari Botswana","2010-06-01","16:35:00"
"1138",1138,33097508396,"true",22.7007650821101,-21.3311445194986,NA,25,NA,1059.7,NA,"gps","Panthera leo","GSM05751","pepo","African lions in Central Kalahari Botswana","2010-06-01","16:40:00"
"1139",1139,33097508508,"true",22.700851023606,-21.3311255850629,NA,25,NA,1072.4,NA,"gps","Panthera leo","GSM05751","pepo","African lions in Central Kalahari Botswana","2010-06-01","16:45:00"
"1140",1140,33097508288,"true",22.700690535005,-21.3311588224128,NA,25,NA,1044.1,NA,"gps","Panthera leo","GSM05751","pepo","African lions in Central Kalahari Botswana","2010-06-01","16:50:00"
"1141",1141,33097508327,"true",22.7007253206945,-21.3311449218748,NA,25,NA,1050.9,NA,"gps","Panthera leo","GSM05751","pepo","African lions in Central Kalahari Botswana","2010-06-01","16:55:00"
"1142",1142,33097508316,"true",22.7007186118929,-21.3311901515073,NA,25,0.0032222248,1049.1,NA,"gps","Panthera leo","GSM05751","pepo","African lions in Central Kalahari Botswana","2010-06-01","17:00:00"
"1143",1143,33097508650,"true",22.7009409591476,-21.3309304793796,NA,25,NA,1048.3,NA,"gps","Panthera leo","GSM05751","pepo","African lions in Central Kalahari Botswana","2010-06-01","17:05:00"
"1144",1144,33097508802,"true",22.7012249261732,-21.330841797857,NA,25,NA,1049.4,NA,"gps","Panthera leo","GSM05751","pepo","African lions in Central Kalahari Botswana","2010-06-01","17:10:00"
"1145",1145,33097508801,"true",22.7012248220346,-21.3308327665642,NA,25,NA,1049.1,NA,"gps","Panthera leo","GSM05751","pepo","African lions in Central Kalahari Botswana","2010-06-01","17:15:00"
"1146",1146,33097508812,"true",22.701237213016,-21.3308100602687,NA,25,NA,1047.5,NA,"gps","Panthera leo","GSM05751","pepo","African lions in Central Kalahari Botswana","2010-06-01","17:20:00"
"1147",1147,33097508800,"true",22.7012210511616,-21.3308192562143,NA,25,NA,1049.5,NA,"gps","Panthera leo","GSM05751","pepo","African lions in Central Kalahari Botswana","2010-06-01","17:25:00"
"1148",1148,33097508813,"true",22.7012373692249,-21.3308236072078,NA,25,0.037468082196664,1048.2,NA,"gps","Panthera leo","GSM05751","pepo","African lions in Central Kalahari Botswana","2010-06-01","17:30:00"
"1149",1149,33097508804,"true",22.7012283846308,-21.3308282143283,NA,25,NA,1047.8,NA,"gps","Panthera leo","GSM05751","pepo","African lions in Central Kalahari Botswana","2010-06-01","17:35:00"
"1150",1150,33097508792,"true",22.7011994673067,-21.330828507042,NA,25,NA,1050.1,NA,"gps","Panthera leo","GSM05751","pepo","African lions in Central Kalahari Botswana","2010-06-01","17:40:00"
"1151",1151,33097508815,"true",22.7012499684835,-21.330818963497,NA,25,NA,1047.3,NA,"gps","Panthera leo","GSM05751","pepo","African lions in Central Kalahari Botswana","2010-06-01","17:45:00"
"1152",1152,33097508808,"true",22.7012300878247,-21.3308191647407,NA,25,NA,1049.9,NA,"gps","Panthera leo","GSM05751","pepo","African lions in Central Kalahari Botswana","2010-06-01","17:50:00"
"1153",1153,33097508806,"true",22.7012291432833,-21.3308417551692,NA,25,NA,1042.8,NA,"gps","Panthera leo","GSM05751","pepo","African lions in Central Kalahari Botswana","2010-06-01","17:55:00"
"1154",1154,33097508759,"true",22.7011226221397,-21.3307479937516,NA,25,0.00796617720627,1047.7,NA,"gps","Panthera leo","GSM05751","pepo","African lions in Central Kalahari Botswana","2010-06-01","18:00:00"
"1155",1155,33097508751,"true",22.7011069065314,-21.3307436366483,NA,25,NA,1043.3,NA,"gps","Panthera leo","GSM05751","pepo","African lions in Central Kalahari Botswana","2010-06-01","18:05:00"
"1156",1156,33097508738,"true",22.7010833070882,-21.3307348431671,NA,25,NA,1046.4,NA,"gps","Panthera leo","GSM05751","pepo","African lions in Central Kalahari Botswana","2010-06-01","18:10:00"
"1157",1157,33097508744,"true",22.7010917413029,-21.330734757799,NA,25,NA,1046.8,NA,"gps","Panthera leo","GSM05751","pepo","African lions in Central Kalahari Botswana","2010-06-01","18:15:00"
"1158",1158,33097508749,"true",22.7010996251389,-21.330739194175,NA,25,NA,1045,NA,"gps","Panthera leo","GSM05751","pepo","African lions in Central Kalahari Botswana","2010-06-01","18:20:00"
"1159",1159,33097508750,"true",22.7011007258963,-21.3307301506859,NA,25,NA,1047.1,NA,"gps","Panthera leo","GSM05751","pepo","African lions in Central Kalahari Botswana","2010-06-01","18:25:00"
"1160",1160,33097508747,"true",22.7010935486346,-21.3307347395058,NA,24,0.002003085769134,1049.2,NA,"gps","Panthera leo","GSM05751","pepo","African lions in Central Kalahari Botswana","2010-06-01","18:30:00"
"1161",1161,33097508745,"true",22.7010917413029,-21.330734757799,NA,24,NA,1046.8,NA,"gps","Panthera leo","GSM05751","pepo","African lions in Central Kalahari Botswana","2010-06-01","18:35:00"
"1162",1162,33097508739,"true",22.7010833070882,-21.3307348431671,NA,24,NA,1046.4,NA,"gps","Panthera leo","GSM05751","pepo","African lions in Central Kalahari Botswana","2010-06-01","18:40:00"
"1163",1163,33097508743,"true",22.7010903802204,-21.3307212230541,NA,23,NA,1043.9,NA,"gps","Panthera leo","GSM05751","pepo","African lions in Central Kalahari Botswana","2010-06-01","18:45:00"
"1164",1164,33097508636,"true",22.7009299366801,-21.3308628483265,NA,23,NA,1048.3,NA,"gps","Panthera leo","GSM05751","pepo","African lions in Central Kalahari Botswana","2010-06-01","18:50:00"
"1165",1165,33097508626,"true",22.7009207438327,-21.3308493928428,NA,23,NA,1047.2,NA,"gps","Panthera leo","GSM05751","pepo","African lions in Central Kalahari Botswana","2010-06-01","18:55:00"
"1166",1166,33097508580,"true",22.700895076752,-21.3308180393912,NA,23,0.012489017491206,1052.9,NA,"gps","Panthera leo","GSM05751","pepo","African lions in Central Kalahari Botswana","2010-06-01","19:00:00"
"1167",1167,33097508656,"true",22.7009425136701,-21.3308040107757,NA,23,NA,1045.3,NA,"gps","Panthera leo","GSM05751","pepo","African lions in Central Kalahari Botswana","2010-06-01","19:05:00"
"1168",1168,33097508601,"true",22.7009065231939,-21.3308179235467,NA,22,NA,1044.2,NA,"gps","Panthera leo","GSM05751","pepo","African lions in Central Kalahari Botswana","2010-06-01","19:10:00"
"1169",1169,33097508634,"true",22.7009265079761,-21.3308267536356,NA,22,NA,1042,NA,"gps","Panthera leo","GSM05751","pepo","African lions in Central Kalahari Botswana","2010-06-01","19:15:00"
"1170",1170,33097508629,"true",22.700922506616,-21.3307409868256,NA,22,NA,1031,NA,"gps","Panthera leo","GSM05751","pepo","African lions in Central Kalahari Botswana","2010-06-01","19:20:00"
"1171",1171,33097508531,"true",22.7008691939033,-21.3308724954265,NA,23,NA,1048.2,NA,"gps","Panthera leo","GSM05751","pepo","African lions in Central Kalahari Botswana","2010-06-01","19:25:00"
"1172",1172,33097508576,"true",22.7008916182633,-21.3308316229151,NA,23,0.001133116462048,1048.7,NA,"gps","Panthera leo","GSM05751","pepo","African lions in Central Kalahari Botswana","2010-06-01","19:30:00"
"1173",1173,33097508610,"true",22.7009112906887,-21.3308133591227,NA,23,NA,1051.2,NA,"gps","Panthera leo","GSM05751","pepo","African lions in Central Kalahari Botswana","2010-06-01","19:35:00"
"1174",1174,33097508485,"true",22.7008298788358,-21.3308593447836,NA,23,NA,1046.9,NA,"gps","Panthera leo","GSM05751","pepo","African lions in Central Kalahari Botswana","2010-06-01","19:40:00"
"1175",1175,33097508637,"true",22.7009299664614,-21.3308131701112,NA,23,NA,1046.1,NA,"gps","Panthera leo","GSM05751","pepo","African lions in Central Kalahari Botswana","2010-06-01","19:45:00"
"1176",1176,33097508536,"true",22.7008724441605,-21.330840849314,NA,23,NA,1045.9,NA,"gps","Panthera leo","GSM05751","pepo","African lions in Central Kalahari Botswana","2010-06-01","19:50:00"
"1177",1177,33097508596,"true",22.7009031688251,-21.3308405383651,NA,22,NA,1046.1,NA,"gps","Panthera leo","GSM05751","pepo","African lions in Central Kalahari Botswana","2010-06-01","19:55:00"
"1178",1178,33097508667,"true",22.7009534617881,-21.3308129323195,NA,22,0.003725126313432,1042.7,NA,"gps","Panthera leo","GSM05751","pepo","African lions in Central Kalahari Botswana","2010-06-01","20:00:00"
"1179",1179,33097508625,"true",22.7009199331483,-21.3308313363515,NA,22,NA,1038.3,NA,"gps","Panthera leo","GSM05751","pepo","African lions in Central Kalahari Botswana","2010-06-01","20:05:00"
"1180",1180,33097508513,"true",22.7008541105384,-21.330818453986,NA,22,NA,1049.8,NA,"gps","Panthera leo","GSM05751","pepo","African lions in Central Kalahari Botswana","2010-06-01","20:10:00"
"1181",1181,33097508529,"true",22.7008686212605,-21.3308228233068,NA,22,NA,1046.1,NA,"gps","Panthera leo","GSM05751","pepo","African lions in Central Kalahari Botswana","2010-06-01","20:15:00"
"1182",1182,33097508555,"true",22.7008828939509,-21.3308588082538,NA,22,NA,1049.4,NA,"gps","Panthera leo","GSM05751","pepo","African lions in Central Kalahari Botswana","2010-06-01","20:20:00"
"1183",1183,33097508534,"true",22.7008704285935,-21.330822805016,NA,22,NA,1048.5,NA,"gps","Panthera leo","GSM05751","pepo","African lions in Central Kalahari Botswana","2010-06-01","20:25:00"
"1184",1184,33097508571,"true",22.7008883978056,-21.3308135908115,NA,22,0.0037222252,1048.8,NA,"gps","Panthera leo","GSM05751","pepo","African lions in Central Kalahari Botswana","2010-06-01","20:30:00"
"1185",1185,33097508595,"true",22.700901361492,-21.3308405566564,NA,22,NA,1043.7,NA,"gps","Panthera leo","GSM05751","pepo","African lions in Central Kalahari Botswana","2010-06-01","20:35:00"
"1186",1186,33097508666,"true",22.7009530675876,-21.330831001005,NA,22,NA,1057.3,NA,"gps","Panthera leo","GSM05751","pepo","African lions in Central Kalahari Botswana","2010-06-01","20:40:00"
"1187",1187,33097508614,"true",22.7009145632089,-21.3308359068729,NA,21,NA,1051,NA,"gps","Panthera leo","GSM05751","pepo","African lions in Central Kalahari Botswana","2010-06-01","20:45:00"
"1188",1188,33097508591,"true",22.7009005508101,-21.3308225001648,NA,21,NA,1048.7,NA,"gps","Panthera leo","GSM05751","pepo","African lions in Central Kalahari Botswana","2010-06-01","20:50:00"
"1189",1189,33097508616,"true",22.7009158722173,-21.3308449259729,NA,21,NA,1045.6,NA,"gps","Panthera leo","GSM05751","pepo","African lions in Central Kalahari Botswana","2010-06-01","20:55:00"
"1190",1190,33097508645,"true",22.700935098378,-21.3308402152162,NA,21,0.003043222156798,1048.8,NA,"gps","Panthera leo","GSM05751","pepo","African lions in Central Kalahari Botswana","2010-06-01","21:01:00"
"1191",1191,33097508631,"true",22.700924254379,-21.3308403249656,NA,21,NA,1046,NA,"gps","Panthera leo","GSM05751","pepo","African lions in Central Kalahari Botswana","2010-06-01","21:05:00"
"1192",1192,33097508660,"true",22.7009465745977,-21.3307904211539,NA,21,NA,1051.9,NA,"gps","Panthera leo","GSM05751","pepo","African lions in Central Kalahari Botswana","2010-06-01","21:10:00"
"1193",1193,33097508706,"true",22.701027800434,-21.3307805667139,NA,21,NA,1057.5,NA,"gps","Panthera leo","GSM05751","pepo","African lions in Central Kalahari Botswana","2010-06-01","21:15:00"
"1194",1194,33097508651,"true",22.700941621145,-21.3308311168527,NA,21,NA,1052.1,NA,"gps","Panthera leo","GSM05751","pepo","African lions in Central Kalahari Botswana","2010-06-01","21:20:00"
"1195",1195,33097508633,"true",22.7009259055318,-21.3308267597327,NA,22,NA,1047.7,NA,"gps","Panthera leo","GSM05751","pepo","African lions in Central Kalahari Botswana","2010-06-01","21:25:00"
"1196",1196,33097508698,"true",22.7010209355451,-21.3308122494123,NA,22,0.005397715707058,1046.8,NA,"gps","Panthera leo","GSM05751","pepo","African lions in Central Kalahari Botswana","2010-06-01","21:30:00"
"1197",1197,33097509162,"true",22.7029219296957,-21.3308697730696,NA,21,NA,1049.4,NA,"gps","Panthera leo","GSM05751","pepo","African lions in Central Kalahari Botswana","2010-06-01","21:35:00"
"1198",1198,33097509160,"true",22.7029187089915,-21.3308517410216,NA,21,NA,1043.8,NA,"gps","Panthera leo","GSM05751","pepo","African lions in Central Kalahari Botswana","2010-06-01","21:40:00"
"1199",1199,33097509158,"true",22.7029054782336,-21.3309060691295,NA,22,NA,1052.6,NA,"gps","Panthera leo","GSM05751","pepo","African lions in Central Kalahari Botswana","2010-06-01","21:55:00"
"1200",1200,33097509159,"true",22.7029076274051,-21.3308834665003,NA,22,NA,1048.2,NA,"gps","Panthera leo","GSM05751","pepo","African lions in Central Kalahari Botswana","2010-06-01","22:10:00"
"1201",1201,33097509153,"true",22.7028803319443,-21.330919872435,NA,22,NA,1054.3,NA,"gps","Panthera leo","GSM05751","pepo","African lions in Central Kalahari Botswana","2010-06-01","22:15:00"
"1202",1202,33097509155,"true",22.7028943154039,-21.330982957136,NA,22,NA,1058.8,NA,"gps","Panthera leo","GSM05751","pepo","African lions in Central Kalahari Botswana","2010-06-01","22:20:00"
"1203",1203,33097509152,"true",22.7028803028227,-21.3309695506062,NA,22,NA,1056.5,NA,"gps","Panthera leo","GSM05751","pepo","African lions in Central Kalahari Botswana","2010-06-01","22:25:00"
"1204",1204,33097509269,"true",22.7031720487848,-21.3304065891616,NA,21,0.063249239210462,1057.3,NA,"gps","Panthera leo","GSM05751","pepo","African lions in Central Kalahari Botswana","2010-06-01","22:30:00"
"1205",1205,33097509272,"true",22.7031760052391,-21.3303839682155,NA,21,NA,1055.4,NA,"gps","Panthera leo","GSM05751","pepo","African lions in Central Kalahari Botswana","2010-06-01","22:35:00"
"1206",1206,33097509435,"true",22.7035201280543,-21.3313830701658,NA,21,NA,1054.3,NA,"gps","Panthera leo","GSM05751","pepo","African lions in Central Kalahari Botswana","2010-06-01","22:40:00"
"1207",1207,33097509715,"true",22.7052604794686,-21.3328151095406,NA,21,NA,1050.5,NA,"gps","Panthera leo","GSM05751","pepo","African lions in Central Kalahari Botswana","2010-06-01","22:45:00"
"1208",1208,33097509748,"true",22.7054926559562,-21.3328850120601,NA,21,NA,1044.6,NA,"gps","Panthera leo","GSM05751","pepo","African lions in Central Kalahari Botswana","2010-06-01","22:50:00"
"1209",1209,33097509752,"true",22.7055414256365,-21.3336116196389,NA,21,NA,1049.3,NA,"gps","Panthera leo","GSM05751","pepo","African lions in Central Kalahari Botswana","2010-06-01","22:55:00"
"1210",1210,33097509764,"true",22.7055831004306,-21.3370073517904,NA,20,0.429404481301088,1051.5,NA,"gps","Panthera leo","GSM05751","pepo","African lions in Central Kalahari Botswana","2010-06-01","23:00:00"
"1211",1211,33097509770,"true",22.705622214441,-21.3397121358864,NA,20,NA,1046.8,NA,"gps","Panthera leo","GSM05751","pepo","African lions in Central Kalahari Botswana","2010-06-01","23:05:00"
"1212",1212,33097509867,"true",22.7059797669789,-21.3406704478207,NA,20,NA,1051.6,NA,"gps","Panthera leo","GSM05751","pepo","African lions in Central Kalahari Botswana","2010-06-01","23:10:00"
"1213",1213,33097510704,"true",22.711462258049,-21.3467837460296,NA,20,NA,1044.5,NA,"gps","Panthera leo","GSM05751","pepo","African lions in Central Kalahari Botswana","2010-06-01","23:15:00"
"1214",1214,33097510337,"true",22.709645622106,-21.3468474084906,NA,20,NA,1043.9,NA,"gps","Panthera leo","GSM05751","pepo","African lions in Central Kalahari Botswana","2010-06-01","23:20:00"
"1215",1215,33097510342,"true",22.7097482318182,-21.3468102348096,NA,20,NA,1048.3,NA,"gps","Panthera leo","GSM05751","pepo","African lions in Central Kalahari Botswana","2010-06-01","23:25:00"
"1216",1216,33097510336,"true",22.7096379989941,-21.3468655506886,NA,20,0.649865995170158,1046.7,NA,"gps","Panthera leo","GSM05751","pepo","African lions in Central Kalahari Botswana","2010-06-01","23:30:00"
"1217",1217,33097510335,"true",22.7096326288,-21.3468701215014,NA,20,NA,1045.5,NA,"gps","Panthera leo","GSM05751","pepo","African lions in Central Kalahari Botswana","2010-06-01","23:35:00"
"1218",1218,33097510334,"true",22.7096300092929,-21.3468520835605,NA,20,NA,1053.8,NA,"gps","Panthera leo","GSM05751","pepo","African lions in Central Kalahari Botswana","2010-06-01","23:40:00"
"1219",1219,33097510333,"true",22.7096278611126,-21.3468746861814,NA,20,NA,1044.2,NA,"gps","Panthera leo","GSM05751","pepo","African lions in Central Kalahari Botswana","2010-06-01","23:45:00"
"1220",1220,33097510331,"true",22.7096201332586,-21.3468837971428,NA,21,NA,1046.7,NA,"gps","Panthera leo","GSM05751","pepo","African lions in Central Kalahari Botswana","2010-06-01","23:50:00"
"1221",1221,33097510550,"true",22.7107114566909,-21.346836556201,NA,22,NA,1049,NA,"gps","Panthera leo","GSM05751","pepo","African lions in Central Kalahari Botswana","2010-06-02","00:05:00"
"1222",1222,33097511068,"true",22.7132369527186,-21.3467927501132,NA,22,NA,1050.7,NA,"gps","Panthera leo","GSM05751","pepo","African lions in Central Kalahari Botswana","2010-06-02","00:10:00"
"1223",1223,33097511917,"true",22.7158796135028,-21.3466167411207,NA,21,NA,1054.5,NA,"gps","Panthera leo","GSM05751","pepo","African lions in Central Kalahari Botswana","2010-06-02","00:15:00"
"1224",1224,33097512769,"true",22.7188317457095,-21.3455930068875,NA,21,NA,1055.9,NA,"gps","Panthera leo","GSM05751","pepo","African lions in Central Kalahari Botswana","2010-06-02","00:20:00"
"1225",1225,33097513329,"true",22.7199240923586,-21.3454282767708,NA,21,NA,1047.4,NA,"gps","Panthera leo","GSM05751","pepo","African lions in Central Kalahari Botswana","2010-06-02","00:25:00"
"1226",1226,33097513322,"true",22.7199143076788,-21.3456225707113,NA,21,0.298558859402452,1047.2,NA,"gps","Panthera leo","GSM05751","pepo","African lions in Central Kalahari Botswana","2010-06-02","00:30:00"
"1227",1227,33097513582,"true",22.720214998106,-21.3458814272448,NA,21,NA,1048,NA,"gps","Panthera leo","GSM05751","pepo","African lions in Central Kalahari Botswana","2010-06-02","00:35:00"
"1228",1228,33097513567,"true",22.7202032115653,-21.3459041286201,NA,21,NA,1057.8,NA,"gps","Panthera leo","GSM05751","pepo","African lions in Central Kalahari Botswana","2010-06-02","00:40:00"
"1229",1229,33097513627,"true",22.7202733878859,-21.3458763131096,NA,21,NA,1051.8,NA,"gps","Panthera leo","GSM05751","pepo","African lions in Central Kalahari Botswana","2010-06-02","00:45:00"
"1230",1230,33097513603,"true",22.7202378404038,-21.3458766771735,NA,21,NA,1049.9,NA,"gps","Panthera leo","GSM05751","pepo","African lions in Central Kalahari Botswana","2010-06-02","00:50:00"
"1231",1231,33097513587,"true",22.7202230940595,-21.3459039249959,NA,21,NA,1055.2,NA,"gps","Panthera leo","GSM05751","pepo","African lions in Central Kalahari Botswana","2010-06-02","00:55:00"
"1232",1232,33097513576,"true",22.7202115411807,-21.3458950110476,NA,21,0.023767475125076,1049.6,NA,"gps","Panthera leo","GSM05751","pepo","African lions in Central Kalahari Botswana","2010-06-02","01:00:00"
"1233",1233,33097513579,"true",22.7202129569448,-21.3459130610803,NA,21,NA,1052.8,NA,"gps","Panthera leo","GSM05751","pepo","African lions in Central Kalahari Botswana","2010-06-02","01:05:00"
"1234",1234,33097513585,"true",22.7202219944426,-21.3459129685236,NA,21,NA,1053.1,NA,"gps","Panthera leo","GSM05751","pepo","African lions in Central Kalahari Botswana","2010-06-02","01:10:00"
"1235",1235,33097513607,"true",22.7202420579017,-21.3458766339799,NA,21,NA,1049.1,NA,"gps","Panthera leo","GSM05751","pepo","African lions in Central Kalahari Botswana","2010-06-02","01:15:00"
"1236",1236,33097513595,"true",22.7202294054079,-21.3458767635604,NA,21,NA,1049.6,NA,"gps","Panthera leo","GSM05751","pepo","African lions in Central Kalahari Botswana","2010-06-02","01:20:00"
"1237",1237,33097513462,"true",22.7201222131449,-21.3458823774655,NA,21,NA,1044.9,NA,"gps","Panthera leo","GSM05751","pepo","African lions in Central Kalahari Botswana","2010-06-02","01:25:00"
"1238",1238,33097513464,"true",22.7201241260209,-21.3458913901425,NA,21,0.0050555596,1047.7,NA,"gps","Panthera leo","GSM05751","pepo","African lions in Central Kalahari Botswana","2010-06-02","01:30:00"
"1239",1239,33097513478,"true",22.7201373283277,-21.345886738806,NA,21,NA,1055,NA,"gps","Panthera leo","GSM05751","pepo","African lions in Central Kalahari Botswana","2010-06-02","01:35:00"
"1240",1240,33097513275,"true",22.7198435453096,-21.3454968435194,NA,22,NA,1052.4,NA,"gps","Panthera leo","GSM05751","pepo","African lions in Central Kalahari Botswana","2010-06-02","01:40:00"
"1241",1241,33097512821,"true",22.719031885125,-21.3447735382185,NA,22,NA,1050.9,NA,"gps","Panthera leo","GSM05751","pepo","African lions in Central Kalahari Botswana","2010-06-02","01:45:00"
"1242",1242,33097512770,"true",22.7188359222189,-21.3434703801762,NA,22,NA,1049.4,NA,"gps","Panthera leo","GSM05751","pepo","African lions in Central Kalahari Botswana","2010-06-02","01:50:00"
"1243",1243,33097512721,"true",22.7185047364332,-21.3410079573759,NA,22,NA,1052.9,NA,"gps","Panthera leo","GSM05751","pepo","African lions in Central Kalahari Botswana","2010-06-02","01:55:00"
"1244",1244,33097512368,"true",22.7168932821894,-21.3384005552924,NA,22,0.496975882580388,1054.8,NA,"gps","Panthera leo","GSM05751","pepo","African lions in Central Kalahari Botswana","2010-06-02","02:00:00"
"1245",1245,33097511427,"true",22.7142017412842,-21.3364319005288,NA,21,NA,1054.8,NA,"gps","Panthera leo","GSM05751","pepo","African lions in Central Kalahari Botswana","2010-06-02","02:05:00"
"1246",1246,33097510628,"true",22.7109949865209,-21.3351278033785,NA,21,NA,1053.7,NA,"gps","Panthera leo","GSM05751","pepo","African lions in Central Kalahari Botswana","2010-06-02","02:10:00"
"1247",1247,33097510135,"true",22.7080996740178,-21.3338656377523,NA,21,NA,1054.9,NA,"gps","Panthera leo","GSM05751","pepo","African lions in Central Kalahari Botswana","2010-06-02","02:15:00"
"1248",1248,33097509643,"true",22.7048439056613,-21.3326386894675,NA,20,NA,1053.7,NA,"gps","Panthera leo","GSM05751","pepo","African lions in Central Kalahari Botswana","2010-06-02","02:20:00"
"1249",1249,33097509033,"true",22.7020758646151,-21.3304402751018,NA,20,NA,1053.1,NA,"gps","Panthera leo","GSM05751","pepo","African lions in Central Kalahari Botswana","2010-06-02","02:25:00"
"1250",1250,33097508676,"true",22.7009630711262,-21.3308625129776,NA,20,1.02861068011011,1053.4,NA,"gps","Panthera leo","GSM05751","pepo","African lions in Central Kalahari Botswana","2010-06-02","02:30:00"
"1251",1251,33097508639,"true",22.7009309853879,-21.3308492891908,NA,20,NA,1050,NA,"gps","Panthera leo","GSM05751","pepo","African lions in Central Kalahari Botswana","2010-06-02","02:35:00"
"1252",1252,33097508670,"true",22.7009562359926,-21.3308445174597,NA,21,NA,1048.7,NA,"gps","Panthera leo","GSM05751","pepo","African lions in Central Kalahari Botswana","2010-06-02","02:40:00"
"1253",1253,33097508663,"true",22.7009487984164,-21.3308265280387,NA,21,NA,1050,NA,"gps","Panthera leo","GSM05751","pepo","African lions in Central Kalahari Botswana","2010-06-02","02:45:00"
"1254",1254,33097508648,"true",22.7009387651049,-21.33084469428,NA,21,NA,1047.9,NA,"gps","Panthera leo","GSM05751","pepo","African lions in Central Kalahari Botswana","2010-06-02","02:50:00"
"1255",1255,33097508624,"true",22.7009196951238,-21.3308629519785,NA,21,NA,1045.5,NA,"gps","Panthera leo","GSM05751","pepo","African lions in Central Kalahari Botswana","2010-06-02","02:55:00"
"1256",1256,33097508630,"true",22.7009231536104,-21.3308493684542,NA,21,0.002398561085514,1043.9,NA,"gps","Panthera leo","GSM05751","pepo","African lions in Central Kalahari Botswana","2010-06-02","03:00:00"
"1257",1257,33097508671,"true",22.7009575227149,-21.3307993426974,NA,21,NA,1049.3,NA,"gps","Panthera leo","GSM05751","pepo","African lions in Central Kalahari Botswana","2010-06-02","03:05:00"
"1258",1258,33097508661,"true",22.7009476976493,-21.3308355715274,NA,20,NA,1047.9,NA,"gps","Panthera leo","GSM05751","pepo","African lions in Central Kalahari Botswana","2010-06-02","03:10:00"
"1259",1259,33097508628,"true",22.700922209022,-21.330871958884,NA,20,NA,1050.8,NA,"gps","Panthera leo","GSM05751","pepo","African lions in Central Kalahari Botswana","2010-06-02","03:15:00"
"1260",1260,33097508609,"true",22.7009099518926,-21.3308540182384,NA,20,NA,1050.5,NA,"gps","Panthera leo","GSM05751","pepo","African lions in Central Kalahari Botswana","2010-06-02","03:20:00"
"1261",1261,33097508526,"true",22.7008660775637,-21.3308634946169,NA,20,NA,1043,NA,"gps","Panthera leo","GSM05751","pepo","African lions in Central Kalahari Botswana","2010-06-02","03:25:00"
"1262",1262,33097508598,"true",22.7009051100675,-21.3307998731522,NA,20,0.003480105006304,1041,NA,"gps","Panthera leo","GSM05751","pepo","African lions in Central Kalahari Botswana","2010-06-02","03:30:00"
"1263",1263,33097508538,"true",22.7008732548392,-21.3308589058059,NA,20,NA,1040.9,NA,"gps","Panthera leo","GSM05751","pepo","African lions in Central Kalahari Botswana","2010-06-02","03:35:00"
"1264",1264,33097508518,"true",22.700859658907,-21.3308816242724,NA,20,NA,1040.1,NA,"gps","Panthera leo","GSM05751","pepo","African lions in Central Kalahari Botswana","2010-06-02","03:41:00"
"1265",1265,33097508563,"true",22.7008862483229,-21.3308361934356,NA,20,NA,1039.3,NA,"gps","Panthera leo","GSM05751","pepo","African lions in Central Kalahari Botswana","2010-06-02","03:45:00"
"1266",1266,33097508608,"true",22.7009089850307,-21.3308224148055,NA,21,NA,1054.8,NA,"gps","Panthera leo","GSM05751","pepo","African lions in Central Kalahari Botswana","2010-06-02","03:50:00"
"1267",1267,33097508552,"true",22.7008826857154,-21.330840745665,NA,21,NA,1048.7,NA,"gps","Panthera leo","GSM05751","pepo","African lions in Central Kalahari Botswana","2010-06-02","03:55:00"
"1268",1268,33097508528,"true",22.7008681229329,-21.3308318606983,NA,22,0.003103664149596,1052.2,NA,"gps","Panthera leo","GSM05751","pepo","African lions in Central Kalahari Botswana","2010-06-02","04:00:00"
"1269",1269,33097508440,"true",22.7007937321655,-21.3308597105897,NA,22,NA,1087.3,NA,"gps","Panthera leo","GSM05751","pepo","African lions in Central Kalahari Botswana","2010-06-02","04:05:00"
"1270",1270,33097508489,"true",22.7008330992878,-21.3308773768886,NA,23,NA,1088.6,NA,"gps","Panthera leo","GSM05751","pepo","African lions in Central Kalahari Botswana","2010-06-02","04:11:00"
"1271",1271,33097508586,"true",22.7008979030035,-21.3308541401804,NA,23,NA,1031.4,NA,"gps","Panthera leo","GSM05751","pepo","African lions in Central Kalahari Botswana","2010-06-02","04:15:00"
"1272",1272,33097508569,"true",22.7008874532117,-21.3308361812416,NA,24,NA,1041.8,NA,"gps","Panthera leo","GSM05751","pepo","African lions in Central Kalahari Botswana","2010-06-02","04:20:00"
"1273",1273,33097508590,"true",22.7008998442472,-21.3308134749675,NA,24,NA,1054.1,NA,"gps","Panthera leo","GSM05751","pepo","African lions in Central Kalahari Botswana","2010-06-02","04:26:00"
"1274",1274,33097508559,"true",22.7008848351987,-21.3308181430408,NA,24,0.001446627268412,1058.3,NA,"gps","Panthera leo","GSM05751","pepo","African lions in Central Kalahari Botswana","2010-06-02","04:31:00"
"1275",1275,33097508541,"true",22.7008746977624,-21.3308272779843,NA,24,NA,1055.8,NA,"gps","Panthera leo","GSM05751","pepo","African lions in Central Kalahari Botswana","2010-06-02","04:35:00"
"1276",1276,33097508570,"true",22.7008875871258,-21.3307955343196,NA,24,NA,1053.9,NA,"gps","Panthera leo","GSM05751","pepo","African lions in Central Kalahari Botswana","2010-06-02","04:40:00"
"1277",1277,33097508658,"true",22.7009429599326,-21.3307904577372,NA,24,NA,1038.8,NA,"gps","Panthera leo","GSM05751","pepo","African lions in Central Kalahari Botswana","2010-06-02","04:45:00"
"1278",1278,33097508716,"true",22.7010522478214,-21.3310196764813,NA,24,NA,1050.3,NA,"gps","Panthera leo","GSM05751","pepo","African lions in Central Kalahari Botswana","2010-06-02","04:50:00"
"1279",1279,33097509112,"true",22.7026047333656,-21.3329865546188,NA,23,NA,1053.1,NA,"gps","Panthera leo","GSM05751","pepo","African lions in Central Kalahari Botswana","2010-06-02","04:55:00"
"1280",1280,33097509121,"true",22.7026372887745,-21.3330404188188,NA,23,0.175810374537076,1052.2,NA,"gps","Panthera leo","GSM05751","pepo","African lions in Central Kalahari Botswana","2010-06-02","05:00:00"
"1281",1281,33097509120,"true",22.7026360838689,-21.3330404310266,NA,23,NA,1049.7,NA,"gps","Panthera leo","GSM05751","pepo","African lions in Central Kalahari Botswana","2010-06-02","05:05:00"
"1282",1282,33097509122,"true",22.7026372887745,-21.3330404188188,NA,23,NA,1052.2,NA,"gps","Panthera leo","GSM05751","pepo","African lions in Central Kalahari Botswana","2010-06-02","05:10:00"
"1283",1283,33097509124,"true",22.7026455146396,-21.3330222707964,NA,23,NA,1057.5,NA,"gps","Panthera leo","GSM05751","pepo","African lions in Central Kalahari Botswana","2010-06-02","05:15:00"
"1284",1284,33097509132,"true",22.7026908258244,-21.3330850380845,NA,23,NA,1056.5,NA,"gps","Panthera leo","GSM05751","pepo","African lions in Central Kalahari Botswana","2010-06-02","05:20:00"
"1285",1285,33097510037,"true",22.7076105403609,-21.3390280632052,NA,22,NA,1055.4,NA,"gps","Panthera leo","GSM05751","pepo","African lions in Central Kalahari Botswana","2010-06-02","05:25:00"
"1286",1286,33097510958,"true",22.7127116793808,-21.343799385933,NA,21,0.880593835585616,1052.7,NA,"gps","Panthera leo","GSM05751","pepo","African lions in Central Kalahari Botswana","2010-06-02","05:30:00"
"1287",1287,33097511919,"true",22.7158822341737,-21.3445121927483,NA,21,NA,1054.4,NA,"gps","Panthera leo","GSM05751","pepo","African lions in Central Kalahari Botswana","2010-06-02","05:35:00"
"1288",1288,33097512071,"true",22.7162594246215,-21.344562532995,NA,21,NA,1050.9,NA,"gps","Panthera leo","GSM05751","pepo","African lions in Central Kalahari Botswana","2010-06-02","05:40:00"
"1289",1289,33097512094,"true",22.7162970179351,-21.3446344071366,NA,21,NA,1052.3,NA,"gps","Panthera leo","GSM05751","pepo","African lions in Central Kalahari Botswana","2010-06-02","05:45:00"
"1290",1290,33097512182,"true",22.7163613272836,-21.3446202016183,NA,22,NA,1051.1,NA,"gps","Panthera leo","GSM05751","pepo","African lions in Central Kalahari Botswana","2010-06-02","05:50:00"
"1291",1291,33097512131,"true",22.7163239967859,-21.3445709055097,NA,22,NA,1050.8,NA,"gps","Panthera leo","GSM05751","pepo","African lions in Central Kalahari Botswana","2010-06-02","05:55:00"
"1292",1292,33097512232,"true",22.7164744103895,-21.3445513040006,NA,24,0.221667094555756,1048.8,NA,"gps","Panthera leo","GSM05751","pepo","African lions in Central Kalahari Botswana","2010-06-02","06:00:00"
"1293",1293,33097512255,"true",22.7165299451223,-21.3445597687852,NA,25,NA,1048.3,NA,"gps","Panthera leo","GSM05751","pepo","African lions in Central Kalahari Botswana","2010-06-02","06:05:00"
"1294",1294,33097512230,"true",22.7164675768329,-21.344637180494,NA,26,NA,1048.7,NA,"gps","Panthera leo","GSM05751","pepo","African lions in Central Kalahari Botswana","2010-06-02","06:10:00"
"1295",1295,33097512210,"true",22.7164089528101,-21.3446739086604,NA,26,NA,1046.4,NA,"gps","Panthera leo","GSM05751","pepo","African lions in Central Kalahari Botswana","2010-06-02","06:15:00"
"1296",1296,33097512193,"true",22.7163790625131,-21.3446426011017,NA,28,NA,1044.8,NA,"gps","Panthera leo","GSM05751","pepo","African lions in Central Kalahari Botswana","2010-06-02","06:20:00"
"1297",1297,33097512121,"true",22.716316900299,-21.3446342039861,NA,28,NA,1049.7,NA,"gps","Panthera leo","GSM05751","pepo","African lions in Central Kalahari Botswana","2010-06-02","06:25:00"
"1298",1298,33097512167,"true",22.716347651822,-21.3445842122294,NA,29,0.007662645852334,1047.7,NA,"gps","Panthera leo","GSM05751","pepo","African lions in Central Kalahari Botswana","2010-06-02","06:30:00"
"1299",1299,33097512241,"true",22.7165085465492,-21.3446367618367,NA,29,NA,1051.8,NA,"gps","Panthera leo","GSM05751","pepo","African lions in Central Kalahari Botswana","2010-06-02","06:35:00"
"1300",1300,33097512224,"true",22.7164350420575,-21.3446375129501,NA,30,NA,1051.8,NA,"gps","Panthera leo","GSM05751","pepo","African lions in Central Kalahari Botswana","2010-06-02","06:40:00"
"1301",1301,33097512080,"true",22.7162706617707,-21.3445443536189,NA,30,NA,1047.2,NA,"gps","Panthera leo","GSM05751","pepo","African lions in Central Kalahari Botswana","2010-06-02","06:45:00"
"1302",1302,33097512085,"true",22.7162813692027,-21.344377147014,NA,30,NA,1050.9,NA,"gps","Panthera leo","GSM05751","pepo","African lions in Central Kalahari Botswana","2010-06-02","06:50:00"
"1303",1303,33097512155,"true",22.7163405714005,-21.3443900905344,NA,30,NA,1049.6,NA,"gps","Panthera leo","GSM05751","pepo","African lions in Central Kalahari Botswana","2010-06-02","06:55:00"
"1304",1304,33097512078,"true",22.716268195183,-21.3444359914459,NA,31,0.010461725869374,1045.8,NA,"gps","Panthera leo","GSM05751","pepo","African lions in Central Kalahari Botswana","2010-06-02","07:00:00"
"1305",1305,33097512022,"true",22.7161834010665,-21.344450406215,NA,31,NA,1049.5,NA,"gps","Panthera leo","GSM05751","pepo","African lions in Central Kalahari Botswana","2010-06-02","07:05:00"
"1306",1306,33097511945,"true",22.7160203594534,-21.3444204589143,NA,31,NA,1049.9,NA,"gps","Panthera leo","GSM05751","pepo","African lions in Central Kalahari Botswana","2010-06-02","07:10:00"
"1307",1307,33097511899,"true",22.715756249044,-21.3441973497339,NA,31,NA,1046.6,NA,"gps","Panthera leo","GSM05751","pepo","African lions in Central Kalahari Botswana","2010-06-02","07:15:00"
"1308",1308,33097511817,"true",22.7153133698773,-21.3444050992016,NA,31,NA,1051.2,NA,"gps","Panthera leo","GSM05751","pepo","African lions in Central Kalahari Botswana","2010-06-02","07:20:00"
"1309",1309,33097511718,"true",22.7150728906786,-21.3442449735698,NA,30,NA,1047.1,NA,"gps","Panthera leo","GSM05751","pepo","African lions in Central Kalahari Botswana","2010-06-02","07:25:00"
"1310",1310,33097511702,"true",22.7149914766689,-21.3442909662265,NA,29,0.074049258683804,1042.8,NA,"gps","Panthera leo","GSM05751","pepo","African lions in Central Kalahari Botswana","2010-06-02","07:30:00"
"1311",1311,33097511714,"true",22.7150666309408,-21.3442766504822,NA,28,NA,1052.7,NA,"gps","Panthera leo","GSM05751","pepo","African lions in Central Kalahari Botswana","2010-06-02","07:35:00"
"1312",1312,33097511544,"true",22.7147057831893,-21.3440771079268,NA,28,NA,1054,NA,"gps","Panthera leo","GSM05751","pepo","African lions in Central Kalahari Botswana","2010-06-02","07:40:00"
"1313",1313,33097511537,"true",22.7146737459683,-21.3440684026683,NA,30,NA,1051,NA,"gps","Panthera leo","GSM05751","pepo","African lions in Central Kalahari Botswana","2010-06-02","07:45:00"
"1314",1314,33097511482,"true",22.7143695860991,-21.3438727968135,NA,31,NA,1054,NA,"gps","Panthera leo","GSM05751","pepo","African lions in Central Kalahari Botswana","2010-06-02","07:50:00"
"1315",1315,33097511491,"true",22.714396148315,-21.3438770418672,NA,31,NA,1055.4,NA,"gps","Panthera leo","GSM05751","pepo","African lions in Central Kalahari Botswana","2010-06-02","07:55:00"
"1316",1316,33097511487,"true",22.7143793060916,-21.3439314074877,NA,32,0.041805764277918,1051.1,NA,"gps","Panthera leo","GSM05751","pepo","African lions in Central Kalahari Botswana","2010-06-02","08:00:00"
"1317",1317,33097511485,"true",22.7143747735944,-21.3439043568805,NA,33,NA,1056.6,NA,"gps","Panthera leo","GSM05751","pepo","African lions in Central Kalahari Botswana","2010-06-02","08:05:00"
"1318",1318,33097511481,"true",22.7143682511794,-21.3439134557355,NA,35,NA,1053.3,NA,"gps","Panthera leo","GSM05751","pepo","African lions in Central Kalahari Botswana","2010-06-02","08:10:00"
"1319",1319,33097511489,"true",22.714387423279,-21.3438003564624,NA,36,NA,1073.9,NA,"gps","Panthera leo","GSM05751","pepo","African lions in Central Kalahari Botswana","2010-06-02","08:15:00"
"1320",1320,33097511486,"true",22.7143781260203,-21.3438817419451,NA,35,NA,1054.7,NA,"gps","Panthera leo","GSM05751","pepo","African lions in Central Kalahari Botswana","2010-06-02","08:20:00"
"1321",1321,33097511479,"true",22.7143538438406,-21.3439181189174,NA,35,NA,1051.8,NA,"gps","Panthera leo","GSM05751","pepo","African lions in Central Kalahari Botswana","2010-06-02","08:25:00"
"1322",1322,33097511483,"true",22.7143740411702,-21.3439450096533,NA,34,0.001160035094694,1050.3,NA,"gps","Panthera leo","GSM05751","pepo","African lions in Central Kalahari Botswana","2010-06-02","08:30:00"
"1323",1323,33097511471,"true",22.7143335690822,-21.3439363904116,NA,33,NA,1046.9,NA,"gps","Panthera leo","GSM05751","pepo","African lions in Central Kalahari Botswana","2010-06-02","08:35:00"
"1324",1324,33097511477,"true",22.7143433139927,-21.3439453232472,NA,33,NA,1041.9,NA,"gps","Panthera leo","GSM05751","pepo","African lions in Central Kalahari Botswana","2010-06-02","08:40:00"
"1325",1325,33097511464,"true",22.7143206016835,-21.3439094258854,NA,34,NA,1046.3,NA,"gps","Panthera leo","GSM05751","pepo","African lions in Central Kalahari Botswana","2010-06-02","08:45:00"
"1326",1326,33097511461,"true",22.7143120092588,-21.3438959651423,NA,35,NA,1045.2,NA,"gps","Panthera leo","GSM05751","pepo","African lions in Central Kalahari Botswana","2010-06-02","08:50:00"
"1327",1327,33097511458,"true",22.7143035992918,-21.3438463733816,NA,36,NA,1036.9,NA,"gps","Panthera leo","GSM05751","pepo","African lions in Central Kalahari Botswana","2010-06-02","08:55:00"
"1328",1328,33097511463,"true",22.7143178766782,-21.3438823568295,NA,37,0.005015104567636,1040.3,NA,"gps","Panthera leo","GSM05751","pepo","African lions in Central Kalahari Botswana","2010-06-02","09:00:00"
"1329",1329,33097511467,"true",22.7143268090688,-21.3438732333813,NA,37,NA,1040.3,NA,"gps","Panthera leo","GSM05751","pepo","African lions in Central Kalahari Botswana","2010-06-02","09:05:00"
"1330",1330,33097511472,"true",22.7143338814727,-21.3438596127706,NA,37,NA,1037.9,NA,"gps","Panthera leo","GSM05751","pepo","African lions in Central Kalahari Botswana","2010-06-02","09:10:00"
"1331",1331,33097511512,"true",22.714512374258,-21.3437674681748,NA,37,NA,1050.3,NA,"gps","Panthera leo","GSM05751","pepo","African lions in Central Kalahari Botswana","2010-06-02","09:15:00"
"1332",1332,33097511524,"true",22.714609709888,-21.3435361513405,NA,36,NA,1050.6,NA,"gps","Panthera leo","GSM05751","pepo","African lions in Central Kalahari Botswana","2010-06-02","09:20:00"
"1333",1333,33097511492,"true",22.7144010625607,-21.3434705387271,NA,36,NA,1053.1,NA,"gps","Panthera leo","GSM05751","pepo","African lions in Central Kalahari Botswana","2010-06-02","09:25:00"
"1334",1334,33097511508,"true",22.7144721457552,-21.3430543279686,NA,37,0.051976413247764,1052.4,NA,"gps","Panthera leo","GSM05751","pepo","African lions in Central Kalahari Botswana","2010-06-02","09:30:00"
"1335",1335,33097511501,"true",22.7144541235622,-21.3430590280481,NA,36,NA,1051.7,NA,"gps","Panthera leo","GSM05751","pepo","African lions in Central Kalahari Botswana","2010-06-02","09:35:00"
"1336",1336,33097511468,"true",22.7143273407316,-21.3431416125474,NA,36,NA,1052.9,NA,"gps","Panthera leo","GSM05751","pepo","African lions in Central Kalahari Botswana","2010-06-02","09:40:00"
"1337",1337,33097511469,"true",22.7143278382151,-21.3431325751811,NA,35,NA,1052.5,NA,"gps","Panthera leo","GSM05751","pepo","African lions in Central Kalahari Botswana","2010-06-02","09:45:00"
"1338",1338,33097511431,"true",22.7142246573862,-21.3432239510326,NA,36,NA,1050.6,NA,"gps","Panthera leo","GSM05751","pepo","African lions in Central Kalahari Botswana","2010-06-02","09:50:00"
"1339",1339,33097511453,"true",22.7142896188105,-21.3431103844918,NA,36,NA,1053.3,NA,"gps","Panthera leo","GSM05751","pepo","African lions in Central Kalahari Botswana","2010-06-02","09:55:00"
"1340",1340,33097511449,"true",22.714279321414,-21.3430021021014,NA,36,0.011600349835828,1045.8,NA,"gps","Panthera leo","GSM05751","pepo","African lions in Central Kalahari Botswana","2010-06-02","10:00:00"
"1341",1341,33097511496,"true",22.7144277190134,-21.3430683298193,NA,36,NA,1051,NA,"gps","Panthera leo","GSM05751","pepo","African lions in Central Kalahari Botswana","2010-06-02","10:05:00"
"1342",1342,33097511506,"true",22.7144685833227,-21.3430588804715,NA,35,NA,1053.6,NA,"gps","Panthera leo","GSM05751","pepo","African lions in Central Kalahari Botswana","2010-06-02","10:10:00"
"1343",1343,33097511509,"true",22.7144895654569,-21.3430496340363,NA,35,NA,1044.9,NA,"gps","Panthera leo","GSM05751","pepo","African lions in Central Kalahari Botswana","2010-06-02","10:15:00"
"1344",1344,33097511493,"true",22.7144027018872,-21.3430414882703,NA,35,NA,1050.9,NA,"gps","Panthera leo","GSM05751","pepo","African lions in Central Kalahari Botswana","2010-06-02","10:20:00"
"1345",1345,33097511499,"true",22.7144512686331,-21.3430726056189,NA,36,NA,1047.5,NA,"gps","Panthera leo","GSM05751","pepo","African lions in Central Kalahari Botswana","2010-06-02","10:25:00"
"1346",1346,33097511368,"true",22.714062517107,-21.3435823809986,NA,36,0.03780071774055,1048.1,NA,"gps","Panthera leo","GSM05751","pepo","African lions in Central Kalahari Botswana","2010-06-02","10:30:00"
"1347",1347,33097511365,"true",22.7140572521655,-21.3435959831559,NA,37,0.011600349835828,1047.2,NA,"gps","Panthera leo","GSM05751","pepo","African lions in Central Kalahari Botswana","2010-06-02","10:33:00"
"1348",1348,33097511370,"true",22.7140627270932,-21.3436004434356,NA,37,NA,1048.8,NA,"gps","Panthera leo","GSM05751","pepo","African lions in Central Kalahari Botswana","2010-06-02","10:35:00"
"1349",1349,33097511394,"true",22.7141143240525,-21.343270238362,NA,37,NA,1048.6,NA,"gps","Panthera leo","GSM05751","pepo","African lions in Central Kalahari Botswana","2010-06-02","10:40:00"
"1350",1350,33097511546,"true",22.7147104778159,-21.3433409285773,NA,37,NA,1051.4,NA,"gps","Panthera leo","GSM05751","pepo","African lions in Central Kalahari Botswana","2010-06-02","10:45:00"
"1351",1351,33097511553,"true",22.7147798168083,-21.3433447369212,NA,36,NA,1052.6,NA,"gps","Panthera leo","GSM05751","pepo","African lions in Central Kalahari Botswana","2010-06-02","10:50:00"
"1352",1352,33097511584,"true",22.7148216760695,-21.3433172127532,NA,37,NA,1048.8,NA,"gps","Panthera leo","GSM05751","pepo","African lions in Central Kalahari Botswana","2010-06-02","10:55:00"
"1353",1353,33097511554,"true",22.7147801041925,-21.3433176371248,NA,37,0.050034664472144,1051.5,NA,"gps","Panthera leo","GSM05751","pepo","African lions in Central Kalahari Botswana","2010-06-02","11:00:00"
"1354",1354,33097511569,"true",22.7148101237038,-21.3433082983949,NA,37,NA,1051.3,NA,"gps","Panthera leo","GSM05751","pepo","African lions in Central Kalahari Botswana","2010-06-02","11:05:00"
"1355",1355,33097511545,"true",22.7147103727845,-21.3433318973616,NA,37,NA,1051,NA,"gps","Panthera leo","GSM05751","pepo","African lions in Central Kalahari Botswana","2010-06-02","11:10:00"
"1356",1356,33097511589,"true",22.7148229801857,-21.3431184891145,NA,37,NA,1042.5,NA,"gps","Panthera leo","GSM05751","pepo","African lions in Central Kalahari Botswana","2010-06-02","11:15:00"
"1357",1357,33097511625,"true",22.7148635045848,-21.3431316238598,NA,37,NA,1060.1,NA,"gps","Panthera leo","GSM05751","pepo","African lions in Central Kalahari Botswana","2010-06-02","11:20:00"
"1358",1358,33097511552,"true",22.7147774535195,-21.343141534573,NA,36,NA,1061.1,NA,"gps","Panthera leo","GSM05751","pepo","African lions in Central Kalahari Botswana","2010-06-02","11:25:00"
"1359",1359,33097511618,"true",22.7148504598783,-21.3431498216005,NA,35,0.011348174634088,1053.2,NA,"gps","Panthera leo","GSM05751","pepo","African lions in Central Kalahari Botswana","2010-06-02","11:30:00"
"1360",1360,33097511578,"true",22.7148208576045,-21.3430914139193,NA,35,NA,1044.7,NA,"gps","Panthera leo","GSM05751","pepo","African lions in Central Kalahari Botswana","2010-06-02","11:35:00"
"1361",1361,33097511566,"true",22.7148066604335,-21.3431141395651,NA,35,NA,1043.8,NA,"gps","Panthera leo","GSM05751","pepo","African lions in Central Kalahari Botswana","2010-06-02","11:40:00"
"1362",1362,33097511560,"true",22.714799378034,-21.3431096977606,NA,35,NA,1045.5,NA,"gps","Panthera leo","GSM05751","pepo","African lions in Central Kalahari Botswana","2010-06-02","11:45:00"
"1363",1363,33097511604,"true",22.7148383020791,-21.3430370421163,NA,35,NA,1043.2,NA,"gps","Panthera leo","GSM05751","pepo","African lions in Central Kalahari Botswana","2010-06-02","11:50:00"
"1364",1364,33097511563,"true",22.7148030177684,-21.3430599830233,NA,34,NA,1042.5,NA,"gps","Panthera leo","GSM05751","pepo","African lions in Central Kalahari Botswana","2010-06-02","11:55:00"
"1365",1365,33097511691,"true",22.7149732845302,-21.3429859865468,NA,34,0.01230290012009,1035.7,NA,"gps","Panthera leo","GSM05751","pepo","African lions in Central Kalahari Botswana","2010-06-02","12:00:00"
"1366",1366,33097511706,"true",22.7150141734978,-21.3429268592383,NA,33,NA,1036.1,NA,"gps","Panthera leo","GSM05751","pepo","African lions in Central Kalahari Botswana","2010-06-02","12:05:00"
"1367",1367,33097511683,"true",22.7149586146914,-21.3429680717365,NA,33,NA,1038.7,NA,"gps","Panthera leo","GSM05751","pepo","African lions in Central Kalahari Botswana","2010-06-02","12:10:00"
"1368",1368,33097511693,"true",22.7149753268287,-21.3429543526915,NA,34,NA,1044.8,NA,"gps","Panthera leo","GSM05751","pepo","African lions in Central Kalahari Botswana","2010-06-02","12:15:00"
"1369",1369,33097511692,"true",22.7149748293848,-21.3429633900572,NA,34,NA,1037,NA,"gps","Panthera leo","GSM05751","pepo","African lions in Central Kalahari Botswana","2010-06-02","12:20:00"
"1370",1370,33097511708,"true",22.7150346581342,-21.342926650104,NA,34,NA,1041.7,NA,"gps","Panthera leo","GSM05751","pepo","African lions in Central Kalahari Botswana","2010-06-02","12:25:00"
"1371",1371,33097511633,"true",22.714877671018,-21.3429508334915,NA,34,0.00588050192662,1054.1,NA,"gps","Panthera leo","GSM05751","pepo","African lions in Central Kalahari Botswana","2010-06-02","12:30:00"
"1372",1372,33097511650,"true",22.7148998303317,-21.3428873812647,NA,35,NA,1045.3,NA,"gps","Panthera leo","GSM05751","pepo","African lions in Central Kalahari Botswana","2010-06-02","12:35:00"
"1373",1373,33097511701,"true",22.7149896290055,-21.3429406582485,NA,35,NA,1046.1,NA,"gps","Panthera leo","GSM05751","pepo","African lions in Central Kalahari Botswana","2010-06-02","12:40:00"
"1374",1374,33097511703,"true",22.7149920914862,-21.3429451492524,NA,34,NA,1042.7,NA,"gps","Panthera leo","GSM05751","pepo","African lions in Central Kalahari Botswana","2010-06-02","12:45:00"
"1375",1375,33097511689,"true",22.7149647168515,-21.3429228480032,NA,34,NA,1046.3,NA,"gps","Panthera leo","GSM05751","pepo","African lions in Central Kalahari Botswana","2010-06-02","12:51:00"
"1376",1376,33097511681,"true",22.7149566496562,-21.3429545433665,NA,34,NA,1041.7,NA,"gps","Panthera leo","GSM05751","pepo","African lions in Central Kalahari Botswana","2010-06-02","12:55:00"
"1377",1377,33097511590,"true",22.7148273770131,-21.3429784437716,NA,35,0.003383422706736,1043.6,NA,"gps","Panthera leo","GSM05751","pepo","African lions in Central Kalahari Botswana","2010-06-02","13:00:00"
"1378",1378,33097511268,"true",22.713780888513,-21.3434588023851,NA,35,NA,1048.1,NA,"gps","Panthera leo","GSM05751","pepo","African lions in Central Kalahari Botswana","2010-06-02","13:05:00"
"1379",1379,33097511263,"true",22.7137686287268,-21.3434408628785,NA,34,NA,1042.1,NA,"gps","Panthera leo","GSM05751","pepo","African lions in Central Kalahari Botswana","2010-06-02","13:10:00"
"1380",1380,33097511273,"true",22.7138009533314,-21.3434224685166,NA,33,NA,1044.1,NA,"gps","Panthera leo","GSM05751","pepo","African lions in Central Kalahari Botswana","2010-06-02","13:15:00"
"1381",1381,33097511276,"true",22.713816435533,-21.3434584397263,NA,33,NA,1049.9,NA,"gps","Panthera leo","GSM05751","pepo","African lions in Central Kalahari Botswana","2010-06-02","13:20:00"
"1382",1382,33097511265,"true",22.7137711436685,-21.3434498695119,NA,33,NA,1039.2,NA,"gps","Panthera leo","GSM05751","pepo","African lions in Central Kalahari Botswana","2010-06-02","13:25:00"
"1383",1383,33097511217,"true",22.7136421327518,-21.3434963470965,NA,33,0.075335216657014,1042.2,NA,"gps","Panthera leo","GSM05751","pepo","African lions in Central Kalahari Botswana","2010-06-02","13:30:00"
"1384",1384,33097511192,"true",22.7136163830406,-21.3435101582125,NA,34,NA,1035.8,NA,"gps","Panthera leo","GSM05751","pepo","African lions in Central Kalahari Botswana","2010-06-02","13:35:00"
"1385",1385,33097511214,"true",22.7136405352091,-21.3435144279763,NA,35,NA,1040.5,NA,"gps","Panthera leo","GSM05751","pepo","African lions in Central Kalahari Botswana","2010-06-02","13:40:00"
"1386",1386,33097511228,"true",22.7136635348787,-21.3435232256394,NA,35,NA,1043.2,NA,"gps","Panthera leo","GSM05751","pepo","African lions in Central Kalahari Botswana","2010-06-02","13:45:00"
"1387",1387,33097511202,"true",22.7136323102519,-21.3435325764642,NA,35,NA,1035.1,NA,"gps","Panthera leo","GSM05751","pepo","African lions in Central Kalahari Botswana","2010-06-02","13:50:00"
"1388",1388,33097511204,"true",22.7136331478539,-21.3435009548997,NA,35,NA,1041.8,NA,"gps","Panthera leo","GSM05751","pepo","African lions in Central Kalahari Botswana","2010-06-02","13:55:00"
"1389",1389,33097511196,"true",22.7136240852927,-21.3435507249518,NA,35,0.003513644755358,1043.7,NA,"gps","Panthera leo","GSM05751","pepo","African lions in Central Kalahari Botswana","2010-06-02","14:00:00"
"1390",1390,33097511212,"true",22.7136384926243,-21.3435460618331,NA,35,NA,1045.3,NA,"gps","Panthera leo","GSM05751","pepo","African lions in Central Kalahari Botswana","2010-06-02","14:05:00"
"1391",1391,33097511227,"true",22.7136559375855,-21.3434916901229,NA,35,NA,1043.8,NA,"gps","Panthera leo","GSM05751","pepo","African lions in Central Kalahari Botswana","2010-06-02","14:10:00"
"1392",1392,33097511201,"true",22.7136307651912,-21.3435551729542,NA,34,NA,1047.7,NA,"gps","Panthera leo","GSM05751","pepo","African lions in Central Kalahari Botswana","2010-06-02","14:15:00"
"1393",1393,33097511197,"true",22.7136244526741,-21.3435823342239,NA,33,NA,1045.1,NA,"gps","Panthera leo","GSM05751","pepo","African lions in Central Kalahari Botswana","2010-06-02","14:20:00"
"1394",1394,33097511200,"true",22.7136257878035,-21.3435416752927,NA,33,NA,1045.8,NA,"gps","Panthera leo","GSM05751","pepo","African lions in Central Kalahari Botswana","2010-06-02","14:25:00"
"1395",1395,33097511218,"true",22.7136427352439,-21.3434963409503,NA,34,0.003513644755358,1050.4,NA,"gps","Panthera leo","GSM05751","pepo","African lions in Central Kalahari Botswana","2010-06-02","14:30:00"
"1396",1396,33097511205,"true",22.7136347453974,-21.3434828740199,NA,36,NA,1043.6,NA,"gps","Panthera leo","GSM05751","pepo","African lions in Central Kalahari Botswana","2010-06-02","14:35:00"
"1397",1397,33097511239,"true",22.7136915349343,-21.3433919717727,NA,37,NA,1069.1,NA,"gps","Panthera leo","GSM05751","pepo","African lions in Central Kalahari Botswana","2010-06-02","14:40:00"
"1398",1398,33097511173,"true",22.7135750986868,-21.3434834824809,NA,37,NA,1045.6,NA,"gps","Panthera leo","GSM05751","pepo","African lions in Central Kalahari Botswana","2010-06-02","14:45:00"
"1399",1399,33097511187,"true",22.7136051183239,-21.3434741439593,NA,35,NA,1051.2,NA,"gps","Panthera leo","GSM05751","pepo","African lions in Central Kalahari Botswana","2010-06-02","14:50:00"
"1400",1400,33097511191,"true",22.713616303259,-21.3434514491317,NA,35,NA,1047.1,NA,"gps","Panthera leo","GSM05751","pepo","African lions in Central Kalahari Botswana","2010-06-02","14:55:00"
"1401",1401,33097511236,"true",22.713684752234,-21.3434823638797,NA,33,0.002506782838758,1055.1,NA,"gps","Panthera leo","GSM05751","pepo","African lions in Central Kalahari Botswana","2010-06-02","15:00:00"
"1402",1402,33097511216,"true",22.7136408479767,-21.3434376503087,NA,33,NA,1059.3,NA,"gps","Panthera leo","GSM05751","pepo","African lions in Central Kalahari Botswana","2010-06-02","15:05:00"
"1403",1403,33097511208,"true",22.7136357656269,-21.3434151214264,NA,32,NA,1057,NA,"gps","Panthera leo","GSM05751","pepo","African lions in Central Kalahari Botswana","2010-06-02","15:10:00"
"1404",1404,33097511186,"true",22.7136042534211,-21.3434515720533,NA,31,NA,1055.8,NA,"gps","Panthera leo","GSM05751","pepo","African lions in Central Kalahari Botswana","2010-06-02","15:15:00"
"1405",1405,33097511195,"true",22.7136213856076,-21.3434739780146,NA,31,NA,1049.4,NA,"gps","Panthera leo","GSM05751","pepo","African lions in Central Kalahari Botswana","2010-06-02","15:20:00"
"1406",1406,33097511221,"true",22.7136460877787,-21.3434737260216,NA,31,NA,1062.4,NA,"gps","Panthera leo","GSM05751","pepo","African lions in Central Kalahari Botswana","2010-06-02","15:25:00"
"1407",1407,33097511178,"true",22.7135897411338,-21.3434472039477,NA,31,0.00588050192662,1053.9,NA,"gps","Panthera leo","GSM05751","pepo","African lions in Central Kalahari Botswana","2010-06-02","15:30:00"
"1408",1408,33097511189,"true",22.7136113258768,-21.3434379514692,NA,30,NA,1053.4,NA,"gps","Panthera leo","GSM05751","pepo","African lions in Central Kalahari Botswana","2010-06-02","15:35:00"
"1409",1409,33097511193,"true",22.7136207306329,-21.3434694685504,NA,30,NA,1041.3,NA,"gps","Panthera leo","GSM05751","pepo","African lions in Central Kalahari Botswana","2010-06-02","15:40:00"
"1410",1410,33097511190,"true",22.7136137883266,-21.3434424424953,NA,29,NA,1050.1,NA,"gps","Panthera leo","GSM05751","pepo","African lions in Central Kalahari Botswana","2010-06-02","15:45:00"
"1411",1411,33097511180,"true",22.7135919684638,-21.3434833103931,NA,29,NA,1043.8,NA,"gps","Panthera leo","GSM05751","pepo","African lions in Central Kalahari Botswana","2010-06-02","15:50:00"
"1412",1412,33097511171,"true",22.7135712506996,-21.3436190061076,NA,29,NA,1044.1,NA,"gps","Panthera leo","GSM05751","pepo","African lions in Central Kalahari Botswana","2010-06-02","15:55:00"
"1413",1413,33097511172,"true",22.7135731631406,-21.3436280188904,NA,28,0.011166537266556,1055.1,NA,"gps","Panthera leo","GSM05751","pepo","African lions in Central Kalahari Botswana","2010-06-02","16:00:00"
"1414",1414,33097511167,"true",22.7135561107038,-21.3436643220068,NA,28,NA,1050.1,NA,"gps","Panthera leo","GSM05751","pepo","African lions in Central Kalahari Botswana","2010-06-02","16:05:00"
"1415",1415,33097511176,"true",22.7135829877606,-21.3436956608554,NA,28,NA,1052.6,NA,"gps","Panthera leo","GSM05751","pepo","African lions in Central Kalahari Botswana","2010-06-02","16:10:00"
"1416",1416,33097511166,"true",22.7135547755566,-21.3437049809382,NA,28,NA,1049.4,NA,"gps","Panthera leo","GSM05751","pepo","African lions in Central Kalahari Botswana","2010-06-02","16:15:00"
"1417",1417,33097511161,"true",22.7135421232046,-21.3437051100027,NA,27,NA,1049.9,NA,"gps","Panthera leo","GSM05751","pepo","African lions in Central Kalahari Botswana","2010-06-02","16:20:00"
"1418",1418,33097511211,"true",22.7136379195815,-21.3437041327763,NA,27,NA,1044,NA,"gps","Panthera leo","GSM05751","pepo","African lions in Central Kalahari Botswana","2010-06-02","16:25:00"
"1419",1419,33097511207,"true",22.7136356670612,-21.3437177041919,NA,27,0.00659592611007,1048,NA,"gps","Panthera leo","GSM05751","pepo","African lions in Central Kalahari Botswana","2010-06-02","16:30:00"
"1420",1420,33097511232,"true",22.7136700616453,-21.3437218694625,NA,26,NA,1055.6,NA,"gps","Panthera leo","GSM05751","pepo","African lions in Central Kalahari Botswana","2010-06-02","16:35:00"
"1421",1421,33097511219,"true",22.7136444945195,-21.3436995495572,NA,26,NA,1047.6,NA,"gps","Panthera leo","GSM05751","pepo","African lions in Central Kalahari Botswana","2010-06-02","16:40:00"
"1422",1422,33097511220,"true",22.7136444945195,-21.3436995495572,NA,26,NA,1047.6,NA,"gps","Panthera leo","GSM05751","pepo","African lions in Central Kalahari Botswana","2010-06-02","16:45:00"
"1423",1423,33097511223,"true",22.7136498119872,-21.3436904630204,NA,26,NA,1048.5,NA,"gps","Panthera leo","GSM05751","pepo","African lions in Central Kalahari Botswana","2010-06-02","16:50:00"
"1424",1424,33097511225,"true",22.7136533219758,-21.3436813949223,NA,25,NA,1047.3,NA,"gps","Panthera leo","GSM05751","pepo","African lions in Central Kalahari Botswana","2010-06-02","16:55:00"
"1425",1425,33097511224,"true",22.7136530343887,-21.3437084947295,NA,24,0.001143959804056,1048.4,NA,"gps","Panthera leo","GSM05751","pepo","African lions in Central Kalahari Botswana","2010-06-02","17:00:00"
"1426",1426,33097511203,"true",22.7136329694989,-21.3437448285842,NA,24,NA,1052.4,NA,"gps","Panthera leo","GSM05751","pepo","African lions in Central Kalahari Botswana","2010-06-02","17:05:00"
"1427",1427,33097511209,"true",22.7136367943932,-21.3437628541474,NA,24,NA,1052.3,NA,"gps","Panthera leo","GSM05751","pepo","African lions in Central Kalahari Botswana","2010-06-02","17:10:00"
"1428",1428,33097511206,"true",22.7136353794712,-21.3437448039992,NA,24,NA,1049.1,NA,"gps","Panthera leo","GSM05751","pepo","African lions in Central Kalahari Botswana","2010-06-02","17:15:00"
"1429",1429,33097511215,"true",22.7136405394889,-21.343722170632,NA,23,NA,1049.6,NA,"gps","Panthera leo","GSM05751","pepo","African lions in Central Kalahari Botswana","2010-06-02","17:20:00"
"1430",1430,33097511245,"true",22.7137075485221,-21.34378471307,NA,23,NA,1048.4,NA,"gps","Panthera leo","GSM05751","pepo","African lions in Central Kalahari Botswana","2010-06-02","17:25:00"
"1431",1431,33097511249,"true",22.7137151458461,-21.3438162485813,NA,22,0.007529577412546,1047.8,NA,"gps","Panthera leo","GSM05751","pepo","African lions in Central Kalahari Botswana","2010-06-02","17:30:00"
"1432",1432,33097511243,"true",22.7137027810624,-21.3437892778521,NA,22,NA,1055.4,NA,"gps","Panthera leo","GSM05751","pepo","African lions in Central Kalahari Botswana","2010-06-02","17:35:00"
"1433",1433,33097511238,"true",22.7136910461118,-21.3438164944418,NA,22,NA,1051.2,NA,"gps","Panthera leo","GSM05751","pepo","African lions in Central Kalahari Botswana","2010-06-02","17:40:00"
"1434",1434,33097511241,"true",22.7136927486203,-21.3438074447824,NA,21,NA,1053.3,NA,"gps","Panthera leo","GSM05751","pepo","African lions in Central Kalahari Botswana","2010-06-02","17:45:00"
"1435",1435,33097511254,"true",22.7137251782859,-21.3437980816497,NA,21,NA,1049.9,NA,"gps","Panthera leo","GSM05751","pepo","African lions in Central Kalahari Botswana","2010-06-02","17:50:00"
"1436",1436,33097511247,"true",22.7137126308998,-21.3438072419476,NA,21,NA,1050.7,NA,"gps","Panthera leo","GSM05751","pepo","African lions in Central Kalahari Botswana","2010-06-02","17:55:00"
"1437",1437,33097511262,"true",22.7137539929875,-21.3437887553913,NA,21,0.002822421424602,1047.3,NA,"gps","Panthera leo","GSM05751","pepo","African lions in Central Kalahari Botswana","2010-06-02","18:00:00"
"1438",1438,33097511244,"true",22.7137074435498,-21.34377568185,NA,21,NA,1048.1,NA,"gps","Panthera leo","GSM05751","pepo","African lions in Central Kalahari Botswana","2010-06-02","18:05:00"
"1439",1439,33097511248,"true",22.7137128135021,-21.3437711109212,NA,21,NA,1049.3,NA,"gps","Panthera leo","GSM05751","pepo","African lions in Central Kalahari Botswana","2010-06-02","18:10:00"
"1440",1440,33097511261,"true",22.7137538880123,-21.3437797241715,NA,22,NA,1046.9,NA,"gps","Panthera leo","GSM05751","pepo","African lions in Central Kalahari Botswana","2010-06-02","18:15:00"
"1441",1441,33097511257,"true",22.7137353179161,-21.3438928172583,NA,22,NA,1056.7,NA,"gps","Panthera leo","GSM05751","pepo","African lions in Central Kalahari Botswana","2010-06-02","18:20:00"
"1442",1442,33097511251,"true",22.7137193906467,-21.343870399021,NA,22,NA,1057.3,NA,"gps","Panthera leo","GSM05751","pepo","African lions in Central Kalahari Botswana","2010-06-02","18:25:00"
"1443",1443,33097511272,"true",22.7137996797577,-21.343883128335,NA,22,0.006115155169898,1047.7,NA,"gps","Panthera leo","GSM05751","pepo","African lions in Central Kalahari Botswana","2010-06-02","18:30:00"
"1444",1444,33097511275,"true",22.7138070146599,-21.3438920857916,NA,21,NA,1046,NA,"gps","Panthera leo","GSM05751","pepo","African lions in Central Kalahari Botswana","2010-06-02","18:35:00"
"1445",1445,33097511267,"true",22.7137725150571,-21.3438788893325,NA,21,NA,1046.3,NA,"gps","Panthera leo","GSM05751","pepo","African lions in Central Kalahari Botswana","2010-06-02","18:40:00"
"1446",1446,33097511300,"true",22.7139204409382,-21.3439044769632,NA,21,NA,1055.4,NA,"gps","Panthera leo","GSM05751","pepo","African lions in Central Kalahari Botswana","2010-06-02","18:45:00"
"1447",1447,33097511301,"true",22.7139208859527,-21.3438909239876,NA,21,NA,1048.9,NA,"gps","Panthera leo","GSM05751","pepo","African lions in Central Kalahari Botswana","2010-06-02","18:50:00"
"1448",1448,33097511302,"true",22.7139213834603,-21.3438818866214,NA,21,NA,1048.6,NA,"gps","Panthera leo","GSM05751","pepo","African lions in Central Kalahari Botswana","2010-06-02","18:55:00"
"1449",1449,33097511296,"true",22.7139106435616,-21.3438910284916,NA,21,0.006413003185954,1046.2,NA,"gps","Panthera leo","GSM05751","pepo","African lions in Central Kalahari Botswana","2010-06-02","19:00:00"
"1450",1450,33097511307,"true",22.7139286658762,-21.3438863284629,NA,21,NA,1046.9,NA,"gps","Panthera leo","GSM05751","pepo","African lions in Central Kalahari Botswana","2010-06-02","19:05:00"
"1451",1451,33097511344,"true",22.7140083775541,-21.3438493859735,NA,21,NA,1049,NA,"gps","Panthera leo","GSM05751","pepo","African lions in Central Kalahari Botswana","2010-06-02","19:10:00"
"1452",1452,33097511361,"true",22.7140465971215,-21.343871576715,NA,21,NA,1048.2,NA,"gps","Panthera leo","GSM05751","pepo","African lions in Central Kalahari Botswana","2010-06-02","19:15:00"
"1453",1453,33097511366,"true",22.7140573895068,-21.3438669504458,NA,21,NA,1044.9,NA,"gps","Panthera leo","GSM05751","pepo","African lions in Central Kalahari Botswana","2010-06-02","19:20:00"
"1454",1454,33097511397,"true",22.7141182163405,-21.3439160073537,NA,21,NA,1047.6,NA,"gps","Panthera leo","GSM05751","pepo","African lions in Central Kalahari Botswana","2010-06-02","19:25:00"
"1455",1455,33097511398,"true",22.7141193163294,-21.3439069638398,NA,21,0.012106660240876,1041.4,NA,"gps","Panthera leo","GSM05751","pepo","African lions in Central Kalahari Botswana","2010-06-02","19:30:00"
"1456",1456,33097511384,"true",22.714100744025,-21.3439161856457,NA,21,NA,1046.8,NA,"gps","Panthera leo","GSM05751","pepo","African lions in Central Kalahari Botswana","2010-06-02","19:35:00"
"1457",1457,33097511396,"true",22.7141170638523,-21.3439205352587,NA,21,NA,1045.5,NA,"gps","Panthera leo","GSM05751","pepo","African lions in Central Kalahari Botswana","2010-06-02","19:40:00"
"1458",1458,33097511454,"true",22.7142910020507,-21.3439548894056,NA,21,NA,1042.2,NA,"gps","Panthera leo","GSM05751","pepo","African lions in Central Kalahari Botswana","2010-06-02","19:45:00"
"1459",1459,33097511457,"true",22.7143016369186,-21.3439367162954,NA,21,NA,1044.2,NA,"gps","Panthera leo","GSM05751","pepo","African lions in Central Kalahari Botswana","2010-06-02","19:50:00"
"1460",1460,33097511462,"true",22.7143141317699,-21.343923040347,NA,21,NA,1043,NA,"gps","Panthera leo","GSM05751","pepo","African lions in Central Kalahari Botswana","2010-06-02","19:55:00"
"1461",1461,33097511478,"true",22.7143525338409,-21.3439090999984,NA,21,0.013400420720328,1049,NA,"gps","Panthera leo","GSM05751","pepo","African lions in Central Kalahari Botswana","2010-06-02","20:00:00"
"1462",1462,33097511476,"true",22.7143416889573,-21.3439092106777,NA,20,NA,1051.9,NA,"gps","Panthera leo","GSM05751","pepo","African lions in Central Kalahari Botswana","2010-06-02","20:05:00"
"1463",1463,33097511473,"true",22.7143351140342,-21.3439137939231,NA,20,NA,1048.2,NA,"gps","Panthera leo","GSM05751","pepo","African lions in Central Kalahari Botswana","2010-06-02","20:10:00"
"1464",1464,33097511474,"true",22.7143351140342,-21.3439137939231,NA,19,NA,1048.2,NA,"gps","Panthera leo","GSM05751","pepo","African lions in Central Kalahari Botswana","2010-06-02","20:15:00"
"1465",1465,33097511523,"true",22.7146046635273,-21.3438794297864,NA,19,NA,1050,NA,"gps","Panthera leo","GSM05751","pepo","African lions in Central Kalahari Botswana","2010-06-02","20:20:00"
"1466",1466,33097511522,"true",22.7145956261273,-21.3438795220326,NA,19,NA,1049.6,NA,"gps","Panthera leo","GSM05751","pepo","African lions in Central Kalahari Botswana","2010-06-02","20:25:00"
"1467",1467,33097511519,"true",22.7145908586942,-21.3438840868382,NA,20,0.01387822915813,1048.4,NA,"gps","Panthera leo","GSM05751","pepo","African lions in Central Kalahari Botswana","2010-06-02","20:30:00"
"1468",1468,33097511520,"true",22.7145919586538,-21.3438750433231,NA,20,NA,1050.5,NA,"gps","Panthera leo","GSM05751","pepo","African lions in Central Kalahari Botswana","2010-06-02","20:35:00"
"1469",1469,33097511521,"true",22.7145944736543,-21.3438840499399,NA,20,NA,1047.6,NA,"gps","Panthera leo","GSM05751","pepo","African lions in Central Kalahari Botswana","2010-06-02","20:40:00"
"1470",1470,33097511526,"true",22.7146247033507,-21.3438927736663,NA,20,NA,1048.1,NA,"gps","Panthera leo","GSM05751","pepo","African lions in Central Kalahari Botswana","2010-06-02","20:45:00"
"1471",1471,33097511525,"true",22.7146192283959,-21.343888313407,NA,21,NA,1046.6,NA,"gps","Panthera leo","GSM05751","pepo","African lions in Central Kalahari Botswana","2010-06-02","20:50:00"
"1472",1472,33097511529,"true",22.7146449007234,-21.3439196643666,NA,21,NA,1046.6,NA,"gps","Panthera leo","GSM05751","pepo","African lions in Central Kalahari Botswana","2010-06-02","20:55:00"
"1473",1473,33097511530,"true",22.7146450582692,-21.3439332111896,NA,22,0.004559622536584,1047.4,NA,"gps","Panthera leo","GSM05751","pepo","African lions in Central Kalahari Botswana","2010-06-02","21:00:00"
"1474",1474,33097511533,"true",22.7146533881476,-21.3439240938752,NA,22,NA,1047.4,NA,"gps","Panthera leo","GSM05751","pepo","African lions in Central Kalahari Botswana","2010-06-02","21:05:00"
"1475",1475,33097511536,"true",22.7146665904885,-21.3439194429681,NA,22,NA,1046.5,NA,"gps","Panthera leo","GSM05751","pepo","African lions in Central Kalahari Botswana","2010-06-02","21:10:00"
"1476",1476,33097511542,"true",22.7146968727125,-21.3439326822882,NA,22,NA,1047.4,NA,"gps","Panthera leo","GSM05751","pepo","African lions in Central Kalahari Botswana","2010-06-02","21:15:00"
"1477",1477,33097511540,"true",22.714682412868,-21.3439328298902,NA,23,NA,1045.5,NA,"gps","Panthera leo","GSM05751","pepo","African lions in Central Kalahari Botswana","2010-06-02","21:20:00"
"1478",1478,33097511594,"true",22.7148301843364,-21.3440487411501,NA,23,NA,1044.7,NA,"gps","Panthera leo","GSM05751","pepo","African lions in Central Kalahari Botswana","2010-06-02","21:25:00"
"1479",1479,33097511579,"true",22.7148213044902,-21.3440623802308,NA,23,0.012712524614456,1044.7,NA,"gps","Panthera leo","GSM05751","pepo","African lions in Central Kalahari Botswana","2010-06-02","21:30:00"
"1480",1480,33097511595,"true",22.7148301843364,-21.3440487411501,NA,22,NA,1044.7,NA,"gps","Panthera leo","GSM05751","pepo","African lions in Central Kalahari Botswana","2010-06-02","21:35:00"
"1481",1481,33097511570,"true",22.7148111146128,-21.3440670003977,NA,22,NA,1042.3,NA,"gps","Panthera leo","GSM05751","pepo","African lions in Central Kalahari Botswana","2010-06-02","21:40:00"
"1482",1482,33097511567,"true",22.7148073946074,-21.3440580060866,NA,21,NA,1042.8,NA,"gps","Panthera leo","GSM05751","pepo","African lions in Central Kalahari Botswana","2010-06-02","21:45:00"
"1483",1483,33097511778,"true",22.7151683377653,-21.3439549658814,NA,21,NA,1042.3,NA,"gps","Panthera leo","GSM05751","pepo","African lions in Central Kalahari Botswana","2010-06-02","21:50:00"
"1484",1484,33097511774,"true",22.7151629153242,-21.3439550212475,NA,21,NA,1041.1,NA,"gps","Panthera leo","GSM05751","pepo","African lions in Central Kalahari Botswana","2010-06-02","21:55:00"
"1485",1485,33097511787,"true",22.7152024172302,-21.3439320371932,NA,21,0.023386796209422,1040.6,NA,"gps","Panthera leo","GSM05751","pepo","African lions in Central Kalahari Botswana","2010-06-02","22:00:00"
"1486",1486,33097511837,"true",22.7153855785896,-21.3440340381501,NA,20,NA,1040.9,NA,"gps","Panthera leo","GSM05751","pepo","African lions in Central Kalahari Botswana","2010-06-02","22:05:00"
"1487",1487,33097511836,"true",22.7153803137605,-21.3440476403411,NA,20,NA,1040,NA,"gps","Panthera leo","GSM05751","pepo","African lions in Central Kalahari Botswana","2010-06-02","22:10:00"
"1488",1488,33097511834,"true",22.7153766462599,-21.3440431616507,NA,20,NA,1040.9,NA,"gps","Panthera leo","GSM05751","pepo","African lions in Central Kalahari Botswana","2010-06-02","22:15:00"
"1489",1489,33097511870,"true",22.7155649675963,-21.3441225289925,NA,20,NA,1041.3,NA,"gps","Panthera leo","GSM05751","pepo","African lions in Central Kalahari Botswana","2010-06-02","22:20:00"
"1490",1490,33097511869,"true",22.7155637100643,-21.3441180256936,NA,19,NA,1038.9,NA,"gps","Panthera leo","GSM05751","pepo","African lions in Central Kalahari Botswana","2010-06-02","22:25:00"
"1491",1491,33097511896,"true",22.7157480768734,-21.344220013914,NA,19,0.036206910632172,1041.3,NA,"gps","Panthera leo","GSM05751","pepo","African lions in Central Kalahari Botswana","2010-06-02","22:30:00"
"1492",1492,33097511894,"true",22.7157143897378,-21.3442248741372,NA,19,NA,1042.3,NA,"gps","Panthera leo","GSM05751","pepo","African lions in Central Kalahari Botswana","2010-06-02","22:35:00"
"1493",1493,33097511892,"true",22.7157016848072,-21.3442204877623,NA,19,NA,1042.8,NA,"gps","Panthera leo","GSM05751","pepo","African lions in Central Kalahari Botswana","2010-06-02","22:40:00"
"1494",1494,33097511910,"true",22.7158558463979,-21.3442640745219,NA,19,NA,1042.4,NA,"gps","Panthera leo","GSM05751","pepo","African lions in Central Kalahari Botswana","2010-06-02","22:45:00"
"1495",1495,33097511912,"true",22.7158594613649,-21.3442640375957,NA,19,NA,1041.5,NA,"gps","Panthera leo","GSM05751","pepo","African lions in Central Kalahari Botswana","2010-06-02","22:50:00"
"1496",1496,33097511921,"true",22.715886023677,-21.344268282406,NA,19,NA,1043,NA,"gps","Panthera leo","GSM05751","pepo","African lions in Central Kalahari Botswana","2010-06-02","22:55:00"
"1497",1497,33097511922,"true",22.7158910012962,-21.3442817799838,NA,19,0.009095522276412,1036.7,NA,"gps","Panthera leo","GSM05751","pepo","African lions in Central Kalahari Botswana","2010-06-02","23:00:00"
"1498",1498,33097511929,"true",22.7159205235297,-21.3442814784114,NA,19,NA,1042.7,NA,"gps","Panthera leo","GSM05751","pepo","African lions in Central Kalahari Botswana","2010-06-02","23:05:00"
"1499",1499,33097511913,"true",22.7158594613649,-21.3442640375957,NA,19,NA,1041.5,NA,"gps","Panthera leo","GSM05751","pepo","African lions in Central Kalahari Botswana","2010-06-02","23:10:00"
"1500",1500,33097511916,"true",22.7158686038898,-21.3442729764891,NA,20,NA,1042.2,NA,"gps","Panthera leo","GSM05751","pepo","African lions in Central Kalahari Botswana","2010-06-02","23:15:00"
"1501",1501,33097511960,"true",22.7160581025208,-21.3442981375247,NA,20,NA,1042.9,NA,"gps","Panthera leo","GSM05751","pepo","African lions in Central Kalahari Botswana","2010-06-02","23:20:00"
"1502",1502,33097511987,"true",22.7160798166583,-21.3442482381399,NA,20,NA,1054.5,NA,"gps","Panthera leo","GSM05751","pepo","African lions in Central Kalahari Botswana","2010-06-02","23:25:00"
"1503",1503,33097511996,"true",22.71609110637,-21.3442345743793,NA,20,0.011884743952232,1059.1,NA,"gps","Panthera leo","GSM05751","pepo","African lions in Central Kalahari Botswana","2010-06-02","23:30:00"
"1504",1504,33097512137,"true",22.7163273650086,-21.3442908703802,NA,20,NA,1051.5,NA,"gps","Panthera leo","GSM05751","pepo","African lions in Central Kalahari Botswana","2010-06-02","23:35:00"
"1505",1505,33097512134,"true",22.7163256100929,-21.3442954044518,NA,20,NA,1049.4,NA,"gps","Panthera leo","GSM05751","pepo","African lions in Central Kalahari Botswana","2010-06-02","23:40:00"
"1506",1506,33097512095,"true",22.716298210748,-21.3443227812492,NA,20,NA,1041.3,NA,"gps","Panthera leo","GSM05751","pepo","African lions in Central Kalahari Botswana","2010-06-02","23:45:00"
"1507",1507,33097512211,"true",22.7164098583086,-21.3443893825654,NA,19,NA,1042.3,NA,"gps","Panthera leo","GSM05751","pepo","African lions in Central Kalahari Botswana","2010-06-02","23:50:00"
"1508",1508,33097512209,"true",22.7164072380473,-21.3443713447778,NA,19,NA,1044.8,NA,"gps","Panthera leo","GSM05751","pepo","African lions in Central Kalahari Botswana","2010-06-02","23:55:00"
"1509",1509,33097512219,"true",22.7164272780878,-21.3443846884264,NA,19,0.021466974395788,1043,NA,"gps","Panthera leo","GSM05751","pepo","African lions in Central Kalahari Botswana","2010-06-03","00:00:00"
"1510",1510,33097512248,"true",22.7165210853738,-21.3444198589764,NA,19,NA,1041.8,NA,"gps","Panthera leo","GSM05751","pepo","African lions in Central Kalahari Botswana","2010-06-03","00:05:00"
"1511",1511,33097512252,"true",22.716523940126,-21.3444062813836,NA,19,NA,1045.9,NA,"gps","Panthera leo","GSM05751","pepo","African lions in Central Kalahari Botswana","2010-06-03","00:10:00"
"1512",1512,33097512243,"true",22.7165152181462,-21.3444334673531,NA,19,NA,1046.7,NA,"gps","Panthera leo","GSM05751","pepo","African lions in Central Kalahari Botswana","2010-06-03","00:15:00"
"1513",1513,33097512289,"true",22.7166988257104,-21.3445219138041,NA,19,NA,1040.5,NA,"gps","Panthera leo","GSM05751","pepo","African lions in Central Kalahari Botswana","2010-06-03","00:20:00"
"1514",1514,33097512288,"true",22.7166977258793,-21.344530957324,NA,19,NA,1038.4,NA,"gps","Panthera leo","GSM05751","pepo","African lions in Central Kalahari Botswana","2010-06-03","00:25:00"
"1515",1515,33097512297,"true",22.7167160351723,-21.3444991572249,NA,19,0.018062320838734,1046.2,NA,"gps","Panthera leo","GSM05751","pepo","African lions in Central Kalahari Botswana","2010-06-03","00:30:00"
"1516",1516,33097512296,"true",22.7167144380076,-21.3445172381073,NA,18,NA,1044.5,NA,"gps","Panthera leo","GSM05751","pepo","African lions in Central Kalahari Botswana","2010-06-03","00:35:00"
"1517",1517,33097512361,"true",22.7168805404096,-21.3444477983646,NA,18,NA,1044.7,NA,"gps","Panthera leo","GSM05751","pepo","African lions in Central Kalahari Botswana","2010-06-03","00:40:00"
"1518",1518,33097512354,"true",22.716864928126,-21.3444524740761,NA,18,NA,1040.6,NA,"gps","Panthera leo","GSM05751","pepo","African lions in Central Kalahari Botswana","2010-06-03","00:45:00"
"1519",1519,33097512328,"true",22.7168110475805,-21.3445343152879,NA,18,NA,1047.5,NA,"gps","Panthera leo","GSM05751","pepo","African lions in Central Kalahari Botswana","2010-06-03","00:50:00"
"1520",1520,33097512326,"true",22.7168096322571,-21.3445162651947,NA,18,NA,1044.3,NA,"gps","Panthera leo","GSM05751","pepo","African lions in Central Kalahari Botswana","2010-06-03","00:55:00"
"1521",1521,33097512323,"true",22.7168077196052,-21.3445072524638,NA,18,0.005306941189994,1041.5,NA,"gps","Panthera leo","GSM05751","pepo","African lions in Central Kalahari Botswana","2010-06-03","01:00:00"
"1522",1522,33097512345,"true",22.7168524620026,-21.3445203435844,NA,18,NA,1044.1,NA,"gps","Panthera leo","GSM05751","pepo","African lions in Central Kalahari Botswana","2010-06-03","01:05:00"
"1523",1523,33097512313,"true",22.7167956697013,-21.34450737562,NA,19,NA,1042,NA,"gps","Panthera leo","GSM05751","pepo","African lions in Central Kalahari Botswana","2010-06-03","01:10:00"
"1524",1524,33097512312,"true",22.7167939147983,-21.3445119096957,NA,19,NA,1039.9,NA,"gps","Panthera leo","GSM05751","pepo","African lions in Central Kalahari Botswana","2010-06-03","01:15:00"
"1525",1525,33097512324,"true",22.7168079299377,-21.3445253148727,NA,20,NA,1042.3,NA,"gps","Panthera leo","GSM05751","pepo","African lions in Central Kalahari Botswana","2010-06-03","01:20:00"
"1526",1526,33097512303,"true",22.7167605475293,-21.3446477349133,NA,20,NA,1040.7,NA,"gps","Panthera leo","GSM05751","pepo","African lions in Central Kalahari Botswana","2010-06-03","01:25:00"
"1527",1527,33097512301,"true",22.7167551535543,-21.3447019837176,NA,20,0.012088801615478,1033.4,NA,"gps","Panthera leo","GSM05751","pepo","African lions in Central Kalahari Botswana","2010-06-03","01:30:00"
"1528",1528,33097512327,"true",22.7168100858576,-21.3447104545621,NA,20,NA,1047,NA,"gps","Panthera leo","GSM05751","pepo","African lions in Central Kalahari Botswana","2010-06-03","01:35:00"
"1529",1529,33097512316,"true",22.7167998434251,-21.3447105592461,NA,20,NA,1044.2,NA,"gps","Panthera leo","GSM05751","pepo","African lions in Central Kalahari Botswana","2010-06-03","01:40:00"
"1530",1530,33097512334,"true",22.7168202471948,-21.344651640892,NA,21,NA,1061.1,NA,"gps","Panthera leo","GSM05751","pepo","African lions in Central Kalahari Botswana","2010-06-03","01:45:00"
"1531",1531,33097512309,"true",22.7167917721439,-21.3446383835053,NA,20,NA,1062.6,NA,"gps","Panthera leo","GSM05751","pepo","African lions in Central Kalahari Botswana","2010-06-03","01:50:00"
"1532",1532,33097512287,"true",22.7166924655041,-21.3446484307202,NA,20,NA,1056.2,NA,"gps","Panthera leo","GSM05751","pepo","African lions in Central Kalahari Botswana","2010-06-03","01:55:00"
"1533",1533,33097512291,"true",22.7166990688443,-21.344698040772,NA,19,0.0032222248,1048.2,NA,"gps","Panthera leo","GSM05751","pepo","African lions in Central Kalahari Botswana","2010-06-03","02:00:00"
"1534",1534,33097512290,"true",22.7166988344103,-21.3447296561462,NA,19,NA,1049.6,NA,"gps","Panthera leo","GSM05751","pepo","African lions in Central Kalahari Botswana","2010-06-03","02:05:00"
"1535",1535,33097512292,"true",22.7167025019676,-21.3447341348035,NA,19,NA,1048.8,NA,"gps","Panthera leo","GSM05751","pepo","African lions in Central Kalahari Botswana","2010-06-03","02:10:00"
"1536",1536,33097512285,"true",22.7166850821589,-21.3447388289731,NA,18,NA,1048,NA,"gps","Panthera leo","GSM05751","pepo","African lions in Central Kalahari Botswana","2010-06-03","02:15:00"
"1537",1537,33097512286,"true",22.716688697136,-21.3447387920283,NA,18,NA,1047.2,NA,"gps","Panthera leo","GSM05751","pepo","African lions in Central Kalahari Botswana","2010-06-03","02:20:00"
"1538",1538,33097512329,"true",22.7168116304271,-21.3446878580778,NA,18,NA,1048.3,NA,"gps","Panthera leo","GSM05751","pepo","African lions in Central Kalahari Botswana","2010-06-03","02:25:00"
"1539",1539,33097512325,"true",22.7168080680351,-21.3446924106273,NA,18,0.006302316986294,1049.5,NA,"gps","Panthera leo","GSM05751","pepo","African lions in Central Kalahari Botswana","2010-06-03","02:30:00"
"1540",1540,33097512314,"true",22.7167988728459,-21.3446789561888,NA,18,NA,1048.4,NA,"gps","Panthera leo","GSM05751","pepo","African lions in Central Kalahari Botswana","2010-06-03","02:35:00"
"1541",1541,33097512315,"true",22.7167993701752,-21.3446699188266,NA,18,NA,1048.1,NA,"gps","Panthera leo","GSM05751","pepo","African lions in Central Kalahari Botswana","2010-06-03","02:40:00"
"1542",1542,33097512319,"true",22.7168030377338,-21.3446743974817,NA,18,NA,1047.2,NA,"gps","Panthera leo","GSM05751","pepo","African lions in Central Kalahari Botswana","2010-06-03","02:45:00"
"1543",1543,33097512305,"true",22.7167711580342,-21.3446792394477,NA,18,NA,1044.9,NA,"gps","Panthera leo","GSM05751","pepo","African lions in Central Kalahari Botswana","2010-06-03","02:50:00"
"1544",1544,33097512376,"true",22.7169001251959,-21.3448359861803,NA,17,NA,1050.6,NA,"gps","Panthera leo","GSM05751","pepo","African lions in Central Kalahari Botswana","2010-06-03","02:55:00"
"1545",1545,33097512347,"true",22.7168541777043,-21.3448229073957,NA,17,0.008716388639772,1045.7,NA,"gps","Panthera leo","GSM05751","pepo","African lions in Central Kalahari Botswana","2010-06-03","03:00:00"
"1546",1546,33097512365,"true",22.7168909825752,-21.3448270473501,NA,18,NA,1049.9,NA,"gps","Panthera leo","GSM05751","pepo","African lions in Central Kalahari Botswana","2010-06-03","03:05:00"
"1547",1547,33097512426,"true",22.71697747912,-21.3448035825354,NA,18,NA,1048.3,NA,"gps","Panthera leo","GSM05751","pepo","African lions in Central Kalahari Botswana","2010-06-03","03:10:00"
"1548",1548,33097512430,"true",22.7169823516801,-21.3448080488688,NA,18,NA,1049.8,NA,"gps","Panthera leo","GSM05751","pepo","African lions in Central Kalahari Botswana","2010-06-03","03:15:00"
"1549",1549,33097512394,"true",22.7169322918929,-21.3448040444188,NA,18,NA,1037.9,NA,"gps","Panthera leo","GSM05751","pepo","African lions in Central Kalahari Botswana","2010-06-03","03:20:00"
"1550",1550,33097512417,"true",22.7169689195294,-21.3449481864833,NA,18,NA,1048.3,NA,"gps","Panthera leo","GSM05751","pepo","African lions in Central Kalahari Botswana","2010-06-03","03:25:00"
"1551",1551,33097512433,"true",22.7169869944377,-21.3449480017263,NA,18,0.010843451174754,1049.1,NA,"gps","Panthera leo","GSM05751","pepo","African lions in Central Kalahari Botswana","2010-06-03","03:30:00"
"1552",1552,33097512369,"true",22.7168937892114,-21.3449128253105,NA,18,NA,1036.3,NA,"gps","Panthera leo","GSM05751","pepo","African lions in Central Kalahari Botswana","2010-06-03","03:35:00"
"1553",1553,33097512434,"true",22.7169890122879,-21.3449660456568,NA,18,NA,1046.5,NA,"gps","Panthera leo","GSM05751","pepo","African lions in Central Kalahari Botswana","2010-06-03","03:40:00"
"1554",1554,33097512446,"true",22.7170488412549,-21.3449293049734,NA,18,NA,1051.2,NA,"gps","Panthera leo","GSM05751","pepo","African lions in Central Kalahari Botswana","2010-06-03","03:45:00"
"1555",1555,33097512453,"true",22.7170751933387,-21.3449154871792,NA,19,NA,1043.8,NA,"gps","Panthera leo","GSM05751","pepo","African lions in Central Kalahari Botswana","2010-06-03","03:50:00"
"1556",1556,33097512485,"true",22.7172048879304,-21.3449277097676,NA,19,NA,1051.5,NA,"gps","Panthera leo","GSM05751","pepo","African lions in Central Kalahari Botswana","2010-06-03","03:55:00"
"1557",1557,33097512480,"true",22.7171833032373,-21.344936962706,NA,19,0.01134695074422,1052,NA,"gps","Panthera leo","GSM05751","pepo","African lions in Central Kalahari Botswana","2010-06-03","04:00:00"
"1558",1558,33097512478,"true",22.7171831980459,-21.3449279315038,NA,19,NA,1051.6,NA,"gps","Panthera leo","GSM05751","pepo","African lions in Central Kalahari Botswana","2010-06-03","04:05:00"
"1559",1559,33097512468,"true",22.7171352086786,-21.3449464866456,NA,19,NA,1051.4,NA,"gps","Panthera leo","GSM05751","pepo","African lions in Central Kalahari Botswana","2010-06-03","04:10:00"
"1560",1560,33097512462,"true",22.7171216668135,-21.3449737219125,NA,19,NA,1044.8,NA,"gps","Panthera leo","GSM05751","pepo","African lions in Central Kalahari Botswana","2010-06-03","04:15:00"
"1561",1561,33097512463,"true",22.7171224510561,-21.3449375847843,NA,19,NA,1051.5,NA,"gps","Panthera leo","GSM05751","pepo","African lions in Central Kalahari Botswana","2010-06-03","04:20:00"
"1562",1562,33097512472,"true",22.7171520785913,-21.3449463141891,NA,20,NA,1043.9,NA,"gps","Panthera leo","GSM05751","pepo","African lions in Central Kalahari Botswana","2010-06-03","04:25:00"
"1563",1563,33097512467,"true",22.7171334011879,-21.344946505123,NA,19,0.002941825131236,1048.9,NA,"gps","Panthera leo","GSM05751","pepo","African lions in Central Kalahari Botswana","2010-06-03","04:30:00"
"1564",1564,33097512469,"true",22.7171412336474,-21.3449464250542,NA,18,NA,1046.9,NA,"gps","Panthera leo","GSM05751","pepo","African lions in Central Kalahari Botswana","2010-06-03","04:35:00"
"1565",1565,33097512474,"true",22.7171591507689,-21.3449326934751,NA,18,NA,1047.2,NA,"gps","Panthera leo","GSM05751","pepo","African lions in Central Kalahari Botswana","2010-06-03","04:40:00"
"1566",1566,33097512481,"true",22.7171848571766,-21.3451221085092,NA,17,NA,1048.5,NA,"gps","Panthera leo","GSM05751","pepo","African lions in Central Kalahari Botswana","2010-06-03","04:45:00"
"1567",1567,33097512482,"true",22.7171936842543,-21.3451039537146,NA,17,NA,1048.1,NA,"gps","Panthera leo","GSM05751","pepo","African lions in Central Kalahari Botswana","2010-06-03","04:50:00"
"1568",1568,33097512486,"true",22.7172063892989,-21.345108339968,NA,17,NA,1047.6,NA,"gps","Panthera leo","GSM05751","pepo","African lions in Central Kalahari Botswana","2010-06-03","04:55:00"
"1569",1569,33097512515,"true",22.7173680738871,-21.3452286226984,NA,17,0.021780346035374,1048.8,NA,"gps","Panthera leo","GSM05751","pepo","African lions in Central Kalahari Botswana","2010-06-03","05:00:00"
"1570",1570,33097512518,"true",22.7173716362726,-21.3452240701376,NA,17,NA,1047.6,NA,"gps","Panthera leo","GSM05751","pepo","African lions in Central Kalahari Botswana","2010-06-03","05:05:00"
"1571",1571,33097512551,"true",22.7175522278234,-21.3452086752238,NA,18,NA,1051.8,NA,"gps","Panthera leo","GSM05751","pepo","African lions in Central Kalahari Botswana","2010-06-03","05:10:00"
"1572",1572,33097512549,"true",22.7175485602288,-21.3452041965879,NA,19,NA,1052.7,NA,"gps","Panthera leo","GSM05751","pepo","African lions in Central Kalahari Botswana","2010-06-03","05:15:00"
"1573",1573,33097512587,"true",22.7177751231279,-21.3451522022614,NA,19,NA,1054,NA,"gps","Panthera leo","GSM05751","pepo","African lions in Central Kalahari Botswana","2010-06-03","05:20:00"
"1574",1574,33097512586,"true",22.7177625759079,-21.3451613628513,NA,20,NA,1054.8,NA,"gps","Panthera leo","GSM05751","pepo","African lions in Central Kalahari Botswana","2010-06-03","05:25:00"
"1575",1575,33097512629,"true",22.717962915541,-21.3450825396244,NA,21,0.035384207196232,1054,NA,"gps","Panthera leo","GSM05751","pepo","African lions in Central Kalahari Botswana","2010-06-03","05:30:00"
"1576",1576,33097512621,"true",22.7179487187066,-21.3451052655111,NA,23,NA,1053.1,NA,"gps","Panthera leo","GSM05751","pepo","African lions in Central Kalahari Botswana","2010-06-03","05:35:00"
"1577",1577,33097512624,"true",22.717953486065,-21.3451007006151,NA,24,NA,1054.3,NA,"gps","Panthera leo","GSM05751","pepo","African lions in Central Kalahari Botswana","2010-06-03","05:40:00"
"1578",1578,33097512654,"true",22.7181213432918,-21.3450267255594,NA,25,NA,1056.6,NA,"gps","Panthera leo","GSM05751","pepo","African lions in Central Kalahari Botswana","2010-06-03","05:45:00"
"1579",1579,33097512651,"true",22.7181033736329,-21.3450359416368,NA,25,NA,1056.2,NA,"gps","Panthera leo","GSM05751","pepo","African lions in Central Kalahari Botswana","2010-06-03","05:50:00"
"1580",1580,33097512656,"true",22.7181368503357,-21.3450130185323,NA,24,NA,1060.2,NA,"gps","Panthera leo","GSM05751","pepo","African lions in Central Kalahari Botswana","2010-06-03","05:55:00"
"1581",1581,33097512662,"true",22.7181567617443,-21.3450670085086,NA,23,0.01122181869967,1045.9,NA,"gps","Panthera leo","GSM05751","pepo","African lions in Central Kalahari Botswana","2010-06-03","06:00:00"
"1582",1582,33097512657,"true",22.718136855723,-21.3451168896299,NA,23,NA,1050.7,NA,"gps","Panthera leo","GSM05751","pepo","African lions in Central Kalahari Botswana","2010-06-03","06:05:00"
"1583",1583,33097512658,"true",22.718149402914,-21.3451077290138,NA,23,NA,1049.8,NA,"gps","Panthera leo","GSM05751","pepo","African lions in Central Kalahari Botswana","2010-06-03","06:10:00"
"1584",1584,33097512696,"true",22.7183025189019,-21.3451648725321,NA,23,NA,1047.7,NA,"gps","Panthera leo","GSM05751","pepo","African lions in Central Kalahari Botswana","2010-06-03","06:15:00"
"1585",1585,33097512695,"true",22.7182988512869,-21.345160393914,NA,24,NA,1048.6,NA,"gps","Panthera leo","GSM05751","pepo","African lions in Central Kalahari Botswana","2010-06-03","06:20:00"
"1586",1586,33097512694,"true",22.7182952363025,-21.3451604308941,NA,26,NA,1049.4,NA,"gps","Panthera leo","GSM05751","pepo","African lions in Central Kalahari Botswana","2010-06-03","06:25:00"
"1587",1587,33097512709,"true",22.7184182689709,-21.3450146558953,NA,28,0.015364312846996,1046.5,NA,"gps","Panthera leo","GSM05751","pepo","African lions in Central Kalahari Botswana","2010-06-03","06:30:00"
"1588",1588,33097512705,"true",22.7183941164674,-21.3450103868454,NA,28,NA,1050,NA,"gps","Panthera leo","GSM05751","pepo","African lions in Central Kalahari Botswana","2010-06-03","06:35:00"
"1589",1589,33097512708,"true",22.7184171401374,-21.3449695060774,NA,28,NA,1050.5,NA,"gps","Panthera leo","GSM05751","pepo","African lions in Central Kalahari Botswana","2010-06-03","06:40:00"
"1590",1590,33097512702,"true",22.7183750471011,-21.3450286464744,NA,28,NA,1047.6,NA,"gps","Panthera leo","GSM05751","pepo","African lions in Central Kalahari Botswana","2010-06-03","06:45:00"
"1591",1591,33097512707,"true",22.7184119808356,-21.3449921395419,NA,28,NA,1050,NA,"gps","Panthera leo","GSM05751","pepo","African lions in Central Kalahari Botswana","2010-06-03","06:50:00"
"1592",1592,33097512713,"true",22.7184398300676,-21.3450550805455,NA,28,NA,1056.4,NA,"gps","Panthera leo","GSM05751","pepo","African lions in Central Kalahari Botswana","2010-06-03","06:55:00"
"1593",1593,33097512735,"true",22.7185900198782,-21.3466703206127,NA,29,0.10204497608036,1052.9,NA,"gps","Panthera leo","GSM05751","pepo","African lions in Central Kalahari Botswana","2010-06-03","07:00:00"
"1594",1594,33097513179,"true",22.7196816438963,-21.3465462442192,NA,28,NA,1051.9,NA,"gps","Panthera leo","GSM05751","pepo","African lions in Central Kalahari Botswana","2010-06-03","07:05:00"
"1595",1595,33097514112,"true",22.7212272802364,-21.3459297667313,NA,28,NA,1045,NA,"gps","Panthera leo","GSM05751","pepo","African lions in Central Kalahari Botswana","2010-06-03","07:10:00"
"1596",1596,33097514541,"true",22.7219974671385,-21.3453709046635,NA,28,NA,1043.9,NA,"gps","Panthera leo","GSM05751","pepo","African lions in Central Kalahari Botswana","2010-06-03","07:15:00"
"1597",1597,33097514860,"true",22.723185300196,-21.345024529547,NA,28,NA,1043.6,NA,"gps","Panthera leo","GSM05751","pepo","African lions in Central Kalahari Botswana","2010-06-03","07:20:00"
"1598",1598,33097515229,"true",22.7241531051746,-21.3465771779498,NA,28,NA,1053.6,NA,"gps","Panthera leo","GSM05751","pepo","African lions in Central Kalahari Botswana","2010-06-03","07:25:00"
"1599",1599,33097515418,"true",22.7247294672958,-21.3463454542965,NA,28,0.354366715159812,1045.8,NA,"gps","Panthera leo","GSM05751","pepo","African lions in Central Kalahari Botswana","2010-06-03","07:30:00"
"1600",1600,33097516389,"true",22.7267663744946,-21.3466722673876,NA,28,NA,1049.1,NA,"gps","Panthera leo","GSM05751","pepo","African lions in Central Kalahari Botswana","2010-06-03","07:35:00"
"1601",1601,33097516310,"true",22.7266136059119,-21.346953837413,NA,28,NA,1051.8,NA,"gps","Panthera leo","GSM05751","pepo","African lions in Central Kalahari Botswana","2010-06-03","07:40:00"
"1602",1602,33097516308,"true",22.7266122951279,-21.3469448186451,NA,29,NA,1049,NA,"gps","Panthera leo","GSM05751","pepo","African lions in Central Kalahari Botswana","2010-06-03","07:45:00"
"1603",1603,33097516225,"true",22.7264546190074,-21.3469103104943,NA,29,NA,1050.7,NA,"gps","Panthera leo","GSM05751","pepo","African lions in Central Kalahari Botswana","2010-06-03","07:50:00"
"1604",1604,33097516119,"true",22.7263620131496,-21.346875133386,NA,30,NA,1046.1,NA,"gps","Panthera leo","GSM05751","pepo","African lions in Central Kalahari Botswana","2010-06-03","07:55:00"
"1605",1605,33097516138,"true",22.726383047831,-21.3468704010603,NA,31,0.10062591522289,1045.6,NA,"gps","Panthera leo","GSM05751","pepo","African lions in Central Kalahari Botswana","2010-06-03","08:00:00"
"1606",1606,33097516215,"true",22.7264445030145,-21.3468697693812,NA,32,NA,1054.2,NA,"gps","Panthera leo","GSM05751","pepo","African lions in Central Kalahari Botswana","2010-06-03","08:05:00"
"1607",1607,33097516168,"true",22.726407750405,-21.3468701471528,NA,33,NA,1050.3,NA,"gps","Panthera leo","GSM05751","pepo","African lions in Central Kalahari Botswana","2010-06-03","08:10:00"
"1608",1608,33097516160,"true",22.7264041353942,-21.3468701843102,NA,34,NA,1051.2,NA,"gps","Panthera leo","GSM05751","pepo","African lions in Central Kalahari Botswana","2010-06-03","08:15:00"
"1609",1609,33097516216,"true",22.7264452641701,-21.3468833099223,NA,35,NA,1049.2,NA,"gps","Panthera leo","GSM05751","pepo","African lions in Central Kalahari Botswana","2010-06-03","08:20:00"
"1610",1610,33097516214,"true",22.7264441649356,-21.3468923534644,NA,35,NA,1047.1,NA,"gps","Panthera leo","GSM05751","pepo","African lions in Central Kalahari Botswana","2010-06-03","08:25:00"
"1611",1611,33097516186,"true",22.7264247998857,-21.3468338429328,NA,35,0.00330357347619,1041.4,NA,"gps","Panthera leo","GSM05751","pepo","African lions in Central Kalahari Botswana","2010-06-03","08:30:00"
"1612",1612,33097516211,"true",22.7264405178129,-21.3468381974931,NA,37,NA,1045.8,NA,"gps","Panthera leo","GSM05751","pepo","African lions in Central Kalahari Botswana","2010-06-03","08:35:00"
"1613",1613,33097516184,"true",22.7264232039162,-21.346851923824,NA,37,NA,1053.6,NA,"gps","Panthera leo","GSM05751","pepo","African lions in Central Kalahari Botswana","2010-06-03","08:40:00"
"1614",1614,33097516182,"true",22.7264207410255,-21.3468474330178,NA,38,NA,1056.9,NA,"gps","Panthera leo","GSM05751","pepo","African lions in Central Kalahari Botswana","2010-06-03","08:45:00"
"1615",1615,33097516159,"true",22.7264035328924,-21.3468701905031,NA,38,NA,1043,NA,"gps","Panthera leo","GSM05751","pepo","African lions in Central Kalahari Botswana","2010-06-03","08:50:00"
"1616",1616,33097516201,"true",22.7264349366454,-21.346824706496,NA,38,NA,1043.8,NA,"gps","Panthera leo","GSM05751","pepo","African lions in Central Kalahari Botswana","2010-06-03","08:55:00"
"1617",1617,33097516189,"true",22.7264287529774,-21.3468112216915,NA,37,0.001133116462048,1039.4,NA,"gps","Panthera leo","GSM05751","pepo","African lions in Central Kalahari Botswana","2010-06-03","09:00:00"
"1618",1618,33097516233,"true",22.7264673130764,-21.3468108253371,NA,37,NA,1054,NA,"gps","Panthera leo","GSM05751","pepo","African lions in Central Kalahari Botswana","2010-06-03","09:05:00"
"1619",1619,33097516191,"true",22.7264291552727,-21.346897023868,NA,37,NA,1051.3,NA,"gps","Panthera leo","GSM05751","pepo","African lions in Central Kalahari Botswana","2010-06-03","09:11:00"
"1620",1620,33097516156,"true",22.7264027396442,-21.3468024568309,NA,37,NA,1045.8,NA,"gps","Panthera leo","GSM05751","pepo","African lions in Central Kalahari Botswana","2010-06-03","09:15:00"
"1621",1621,33097516173,"true",22.7264116506164,-21.3468430103337,NA,37,NA,1048,NA,"gps","Panthera leo","GSM05751","pepo","African lions in Central Kalahari Botswana","2010-06-03","09:20:00"
"1622",1622,33097516188,"true",22.7264261106569,-21.346842861703,NA,38,NA,1044.2,NA,"gps","Panthera leo","GSM05751","pepo","African lions in Central Kalahari Botswana","2010-06-03","09:25:00"
"1623",1623,33097516209,"true",22.7264394185782,-21.3468472410353,NA,37,0.002304720454886,1051.9,NA,"gps","Panthera leo","GSM05751","pepo","African lions in Central Kalahari Botswana","2010-06-03","09:30:00"
"1624",1624,33097516205,"true",22.7264378754948,-21.3468698375046,NA,37,NA,1050.6,NA,"gps","Panthera leo","GSM05751","pepo","African lions in Central Kalahari Botswana","2010-06-03","09:35:00"
"1625",1625,33097516218,"true",22.726448329564,-21.346887794535,NA,37,NA,1054.1,NA,"gps","Panthera leo","GSM05751","pepo","African lions in Central Kalahari Botswana","2010-06-03","09:40:00"
"1626",1626,33097516234,"true",22.72646748309,-21.3469282427507,NA,36,NA,1059.1,NA,"gps","Panthera leo","GSM05751","pepo","African lions in Central Kalahari Botswana","2010-06-03","09:45:00"
"1627",1627,33097516219,"true",22.726448329564,-21.346887794535,NA,36,NA,1054.1,NA,"gps","Panthera leo","GSM05751","pepo","African lions in Central Kalahari Botswana","2010-06-03","09:51:00"
"1628",1628,33097516133,"true",22.7263796972332,-21.3468930161081,NA,35,NA,1047.5,NA,"gps","Panthera leo","GSM05751","pepo","African lions in Central Kalahari Botswana","2010-06-03","09:55:00"
"1629",1629,33097516132,"true",22.7263787774358,-21.3468659288318,NA,35,0.003672136826596,1052.2,NA,"gps","Panthera leo","GSM05751","pepo","African lions in Central Kalahari Botswana","2010-06-03","10:00:00"
"1630",1630,33097516141,"true",22.7263897282338,-21.3468748485173,NA,34,NA,1049.6,NA,"gps","Panthera leo","GSM05751","pepo","African lions in Central Kalahari Botswana","2010-06-03","10:05:00"
"1631",1631,33097516198,"true",22.7264320299055,-21.3468337686171,NA,35,NA,1053.3,NA,"gps","Panthera leo","GSM05751","pepo","African lions in Central Kalahari Botswana","2010-06-03","10:10:00"
"1632",1632,33097516190,"true",22.7264290702813,-21.3468383151601,NA,37,NA,1048.7,NA,"gps","Panthera leo","GSM05751","pepo","African lions in Central Kalahari Botswana","2010-06-03","10:25:00"
"1633",1633,33097516139,"true",22.7263841678619,-21.3468116799654,NA,39,NA,1051.2,NA,"gps","Panthera leo","GSM05751","pepo","African lions in Central Kalahari Botswana","2010-06-03","10:40:00"
"1634",1634,33097516162,"true",22.7264054348529,-21.3467753323975,NA,41,NA,1049.6,NA,"gps","Panthera leo","GSM05751","pepo","African lions in Central Kalahari Botswana","2010-06-03","10:55:00"
"1635",1635,33097516134,"true",22.7263812082365,-21.3468162265076,NA,43,NA,1046.7,NA,"gps","Panthera leo","GSM05751","pepo","African lions in Central Kalahari Botswana","2010-06-03","11:10:00"
"1636",1636,33097516178,"true",22.7264178021823,-21.3468023020084,NA,41,NA,1050.2,NA,"gps","Panthera leo","GSM05751","pepo","African lions in Central Kalahari Botswana","2010-06-03","11:25:00"
"1637",1637,33097516170,"true",22.7264088175427,-21.3468069104802,NA,39,NA,1049.9,NA,"gps","Panthera leo","GSM05751","pepo","African lions in Central Kalahari Botswana","2010-06-03","11:40:00"
"1638",1638,33097516203,"true",22.7264354862628,-21.3468201847249,NA,45,NA,1043.5,NA,"gps","Panthera leo","GSM05751","pepo","African lions in Central Kalahari Botswana","2010-06-03","11:55:00"
"1639",1639,33097516210,"true",22.7264398095425,-21.34682917253,NA,43,NA,1037.2,NA,"gps","Panthera leo","GSM05751","pepo","African lions in Central Kalahari Botswana","2010-06-03","12:10:00"
"1640",1640,33097516213,"true",22.7264426633975,-21.3468155948307,NA,43,NA,1041.4,NA,"gps","Panthera leo","GSM05751","pepo","African lions in Central Kalahari Botswana","2010-06-03","12:25:00"
"1641",1641,33097516166,"true",22.7264071800034,-21.3469243464759,NA,41,NA,1044.3,NA,"gps","Panthera leo","GSM05751","pepo","African lions in Central Kalahari Botswana","2010-06-03","12:40:00"
"1642",1642,33097516153,"true",22.726401904823,-21.3468340782638,NA,39,NA,1039.1,NA,"gps","Panthera leo","GSM05751","pepo","African lions in Central Kalahari Botswana","2010-06-03","12:55:00"
"1643",1643,33097516145,"true",22.7263942838333,-21.3468522210837,NA,45,NA,1041.9,NA,"gps","Panthera leo","GSM05751","pepo","African lions in Central Kalahari Botswana","2010-06-03","13:10:00"
"1644",1644,33097516140,"true",22.7263871803697,-21.3468116490013,NA,44,NA,1042.2,NA,"gps","Panthera leo","GSM05751","pepo","African lions in Central Kalahari Botswana","2010-06-03","13:25:00"
"1645",1645,33097516135,"true",22.7263817049731,-21.3468071891584,NA,41,NA,1040.6,NA,"gps","Panthera leo","GSM05751","pepo","African lions in Central Kalahari Botswana","2010-06-03","13:40:00"
"1646",1646,33097516101,"true",22.7263321203916,-21.3468438277799,NA,38,NA,1038.7,NA,"gps","Panthera leo","GSM05751","pepo","African lions in Central Kalahari Botswana","2010-06-03","13:55:00"
"1647",1647,33097516091,"true",22.7263207786204,-21.3468529765962,NA,37,0.000439205629142,1042,NA,"gps","Panthera leo","GSM05751","pepo","African lions in Central Kalahari Botswana","2010-06-03","14:00:00"
"1648",1648,33097516096,"true",22.7263301013625,-21.3468257840445,NA,36,NA,1041.2,NA,"gps","Panthera leo","GSM05751","pepo","African lions in Central Kalahari Botswana","2010-06-03","14:05:00"
"1649",1649,33097516105,"true",22.726338642148,-21.3468347285042,NA,35,NA,1042,NA,"gps","Panthera leo","GSM05751","pepo","African lions in Central Kalahari Botswana","2010-06-03","14:10:00"
"1650",1650,33097516094,"true",22.7263256723278,-21.3468077650794,NA,35,NA,1047.1,NA,"gps","Panthera leo","GSM05751","pepo","African lions in Central Kalahari Botswana","2010-06-03","14:15:00"
"1651",1651,33097516081,"true",22.7263066774981,-21.3467808635785,NA,35,NA,1051,NA,"gps","Panthera leo","GSM05751","pepo","African lions in Central Kalahari Botswana","2010-06-03","14:20:00"
"1652",1652,33097516106,"true",22.7263391388872,-21.346825691155,NA,35,NA,1049.8,NA,"gps","Panthera leo","GSM05751","pepo","African lions in Central Kalahari Botswana","2010-06-03","14:25:00"
"1653",1653,33097516097,"true",22.7263302071245,-21.3468348152011,NA,35,0.001242260993808,1049.8,NA,"gps","Panthera leo","GSM05751","pepo","African lions in Central Kalahari Botswana","2010-06-03","14:30:00"
"1654",1654,33097516085,"true",22.7263136751768,-21.3468124045093,NA,35,NA,1042.2,NA,"gps","Panthera leo","GSM05751","pepo","African lions in Central Kalahari Botswana","2010-06-03","14:35:00"
"1655",1655,33097516088,"true",22.726319541551,-21.3467987958486,NA,35,NA,1051.3,NA,"gps","Panthera leo","GSM05751","pepo","African lions in Central Kalahari Botswana","2010-06-03","14:40:00"
"1656",1656,33097516090,"true",22.7263206936735,-21.346794267885,NA,34,NA,1053.3,NA,"gps","Panthera leo","GSM05751","pepo","African lions in Central Kalahari Botswana","2010-06-03","14:45:00"
"1657",1657,33097516077,"true",22.726302830148,-21.346812515975,NA,34,NA,1053.4,NA,"gps","Panthera leo","GSM05751","pepo","African lions in Central Kalahari Botswana","2010-06-03","14:50:00"
"1658",1658,33097516111,"true",22.726349381415,-21.3468255858796,NA,34,NA,1044.4,NA,"gps","Panthera leo","GSM05751","pepo","African lions in Central Kalahari Botswana","2010-06-03","14:55:00"
"1659",1659,33097516104,"true",22.7263341602309,-21.3468121939611,NA,33,0.001133116462048,1047.8,NA,"gps","Panthera leo","GSM05751","pepo","African lions in Central Kalahari Botswana","2010-06-03","15:00:00"
"1660",1660,33097516109,"true",22.7263480706488,-21.3468165671083,NA,33,NA,1049.8,NA,"gps","Panthera leo","GSM05751","pepo","African lions in Central Kalahari Botswana","2010-06-03","15:05:00"
"1661",1661,33097516064,"true",22.7262865097252,-21.3468081675938,NA,32,NA,1054.7,NA,"gps","Panthera leo","GSM05751","pepo","African lions in Central Kalahari Botswana","2010-06-03","15:10:00"
"1662",1662,33097516118,"true",22.7263604058914,-21.346789343592,NA,32,NA,1062.1,NA,"gps","Panthera leo","GSM05751","pepo","African lions in Central Kalahari Botswana","2010-06-03","15:15:00"
"1663",1663,33097516130,"true",22.7263747393659,-21.3468298413629,NA,32,NA,1051.6,NA,"gps","Panthera leo","GSM05751","pepo","African lions in Central Kalahari Botswana","2010-06-03","15:20:00"
"1664",1664,33097516093,"true",22.7263236324867,-21.3468393988982,NA,32,NA,1046.1,NA,"gps","Panthera leo","GSM05751","pepo","African lions in Central Kalahari Botswana","2010-06-03","15:25:00"
"1665",1665,33097516095,"true",22.7263280823341,-21.346807740309,NA,31,0.000647884129418,1052,NA,"gps","Panthera leo","GSM05751","pepo","African lions in Central Kalahari Botswana","2010-06-03","15:30:00"
"1666",1666,33097516115,"true",22.7263573725817,-21.3468390521092,NA,31,NA,1051.2,NA,"gps","Panthera leo","GSM05751","pepo","African lions in Central Kalahari Botswana","2010-06-03","15:35:00"
"1667",1667,33097516114,"true",22.7263560618148,-21.3468300333381,NA,31,NA,1048.4,NA,"gps","Panthera leo","GSM05751","pepo","African lions in Central Kalahari Botswana","2010-06-03","15:40:00"
"1668",1668,33097516171,"true",22.7264092085111,-21.3467888419747,NA,30,NA,1049.1,NA,"gps","Panthera leo","GSM05751","pepo","African lions in Central Kalahari Botswana","2010-06-03","15:45:00"
"1669",1669,33097516176,"true",22.7264163856452,-21.3467842520817,NA,29,NA,1047.1,NA,"gps","Panthera leo","GSM05751","pepo","African lions in Central Kalahari Botswana","2010-06-03","15:50:00"
"1670",1670,33097516131,"true",22.726378174934,-21.3468659350246,NA,29,NA,1044,NA,"gps","Panthera leo","GSM05751","pepo","African lions in Central Kalahari Botswana","2010-06-03","15:55:00"
"1671",1671,33097515944,"true",22.7261198589398,-21.3466247193202,NA,29,0.016272765240424,1049.4,NA,"gps","Panthera leo","GSM05751","pepo","African lions in Central Kalahari Botswana","2010-06-03","16:00:00"
"1672",1672,33097515782,"true",22.7257820010768,-21.3455081925455,NA,28,NA,1049.4,NA,"gps","Panthera leo","GSM05751","pepo","African lions in Central Kalahari Botswana","2010-06-03","16:05:00"
"1673",1673,33097515778,"true",22.7257711561409,-21.3455083039704,NA,28,NA,1046.6,NA,"gps","Panthera leo","GSM05751","pepo","African lions in Central Kalahari Botswana","2010-06-03","16:10:00"
"1674",1674,33097515841,"true",22.7259643233361,-21.3450230940062,NA,27,NA,1052.1,NA,"gps","Panthera leo","GSM05751","pepo","African lions in Central Kalahari Botswana","2010-06-03","16:15:00"
"1675",1675,33097516038,"true",22.7262173906176,-21.344713397109,NA,27,NA,1049.3,NA,"gps","Panthera leo","GSM05751","pepo","African lions in Central Kalahari Botswana","2010-06-03","16:20:00"
"1676",1676,33097516102,"true",22.7263335006097,-21.3443373656366,NA,26,NA,1046.5,NA,"gps","Panthera leo","GSM05751","pepo","African lions in Central Kalahari Botswana","2010-06-03","16:25:00"
"1677",1677,33097516084,"true",22.7263130896548,-21.3442924141724,NA,26,0.143896950950802,1047.3,NA,"gps","Panthera leo","GSM05751","pepo","African lions in Central Kalahari Botswana","2010-06-03","16:30:00"
"1678",1678,33097516072,"true",22.7262977949927,-21.3443241842184,NA,25,NA,1044.3,NA,"gps","Panthera leo","GSM05751","pepo","African lions in Central Kalahari Botswana","2010-06-03","16:35:00"
"1679",1679,33097516082,"true",22.7263074348556,-21.3443240851491,NA,25,NA,1052.9,NA,"gps","Panthera leo","GSM05751","pepo","African lions in Central Kalahari Botswana","2010-06-03","16:40:00"
"1680",1680,33097516058,"true",22.7262793292486,-21.3443424384827,NA,25,NA,1050.1,NA,"gps","Panthera leo","GSM05751","pepo","African lions in Central Kalahari Botswana","2010-06-03","16:45:00"
"1681",1681,33097516062,"true",22.7262840963079,-21.3443378733689,NA,25,NA,1051.3,NA,"gps","Panthera leo","GSM05751","pepo","African lions in Central Kalahari Botswana","2010-06-03","16:50:00"
"1682",1682,33097516059,"true",22.7262793292486,-21.3443424384827,NA,25,NA,1050.1,NA,"gps","Panthera leo","GSM05751","pepo","African lions in Central Kalahari Botswana","2010-06-03","16:55:00"
"1683",1683,33097516056,"true",22.7262739596974,-21.3443470097882,NA,25,0.004068855199526,1048.9,NA,"gps","Panthera leo","GSM05751","pepo","African lions in Central Kalahari Botswana","2010-06-03","17:00:00"
"1684",1684,33097516068,"true",22.7262902798418,-21.3443513581903,NA,25,NA,1047.5,NA,"gps","Panthera leo","GSM05751","pepo","African lions in Central Kalahari Botswana","2010-06-03","17:05:00"
"1685",1685,33097516116,"true",22.7263583085102,-21.3443461429242,NA,25,NA,1059.8,NA,"gps","Panthera leo","GSM05751","pepo","African lions in Central Kalahari Botswana","2010-06-03","17:10:00"
"1686",1686,33097516180,"true",22.7264198683964,-21.3443545424841,NA,25,NA,1068.8,NA,"gps","Panthera leo","GSM05751","pepo","African lions in Central Kalahari Botswana","2010-06-03","17:15:00"
"1687",1687,33097516070,"true",22.7262951526473,-21.3443558242356,NA,25,NA,1049.1,NA,"gps","Panthera leo","GSM05751","pepo","African lions in Central Kalahari Botswana","2010-06-03","17:20:00"
"1688",1688,33097516067,"true",22.7262899945883,-21.3443784578606,NA,25,NA,1048.6,NA,"gps","Panthera leo","GSM05751","pepo","African lions in Central Kalahari Botswana","2010-06-03","17:25:00"
"1689",1689,33097516112,"true",22.7263500851284,-21.3443642919309,NA,24,0.004527355288548,1054.4,NA,"gps","Panthera leo","GSM05751","pepo","African lions in Central Kalahari Botswana","2010-06-03","17:30:00"
"1690",1690,33097516044,"true",22.7262464565732,-21.3443653569251,NA,24,NA,1040.3,NA,"gps","Panthera leo","GSM05751","pepo","African lions in Central Kalahari Botswana","2010-06-03","17:35:00"
"1691",1691,33097516075,"true",22.7263012304363,-21.3443602778971,NA,23,NA,1044.9,NA,"gps","Panthera leo","GSM05751","pepo","African lions in Central Kalahari Botswana","2010-06-03","17:40:00"
"1692",1692,33097516079,"true",22.7263048982592,-21.3443647563258,NA,22,NA,1044.1,NA,"gps","Panthera leo","GSM05751","pepo","African lions in Central Kalahari Botswana","2010-06-03","17:45:00"
"1693",1693,33097516071,"true",22.7262954170133,-21.3443784021343,NA,22,NA,1050.2,NA,"gps","Panthera leo","GSM05751","pepo","African lions in Central Kalahari Botswana","2010-06-03","17:50:00"
"1694",1694,33097516066,"true",22.726288578113,-21.3443604079252,NA,22,NA,1045.4,NA,"gps","Panthera leo","GSM05751","pepo","African lions in Central Kalahari Botswana","2010-06-03","17:55:00"
"1695",1695,33097516061,"true",22.726281348214,-21.3443604822265,NA,22,0.003983379020034,1047.5,NA,"gps","Panthera leo","GSM05751","pepo","African lions in Central Kalahari Botswana","2010-06-03","18:00:00"
"1696",1696,33097516086,"true",22.726317888705,-21.3443420422061,NA,22,NA,1042.5,NA,"gps","Panthera leo","GSM05751","pepo","African lions in Central Kalahari Botswana","2010-06-03","18:05:00"
"1697",1697,33097516018,"true",22.7261795271326,-21.344361528604,NA,22,NA,1044.1,NA,"gps","Panthera leo","GSM05751","pepo","African lions in Central Kalahari Botswana","2010-06-03","18:10:00"
"1698",1698,33097516026,"true",22.7261862602801,-21.3443704916584,NA,22,NA,1048.1,NA,"gps","Panthera leo","GSM05751","pepo","African lions in Central Kalahari Botswana","2010-06-03","18:15:00"
"1699",1699,33097516006,"true",22.7261707331778,-21.3444338769463,NA,22,NA,1046.6,NA,"gps","Panthera leo","GSM05751","pepo","African lions in Central Kalahari Botswana","2010-06-03","18:20:00"
"1700",1700,33097516016,"true",22.726178512703,-21.3444292808781,NA,22,NA,1044.5,NA,"gps","Panthera leo","GSM05751","pepo","African lions in Central Kalahari Botswana","2010-06-03","18:25:00"
"1701",1701,33097516007,"true",22.7261707331778,-21.3444338769463,NA,22,0.007828412929392,1046.6,NA,"gps","Panthera leo","GSM05751","pepo","African lions in Central Kalahari Botswana","2010-06-03","18:30:00"
"1702",1702,33097515999,"true",22.726166959618,-21.3444203673546,NA,22,NA,1047.1,NA,"gps","Panthera leo","GSM05751","pepo","African lions in Central Kalahari Botswana","2010-06-03","18:35:00"
"1703",1703,33097515958,"true",22.7261315712024,-21.344434279382,NA,22,NA,1046,NA,"gps","Panthera leo","GSM05751","pepo","African lions in Central Kalahari Botswana","2010-06-03","18:40:00"
"1704",1704,33097516022,"true",22.7261821805243,-21.3444337593096,NA,22,NA,1043.7,NA,"gps","Panthera leo","GSM05751","pepo","African lions in Central Kalahari Botswana","2010-06-03","18:45:00"
"1705",1705,33097515991,"true",22.72616088183,-21.3444159136882,NA,22,NA,1043.1,NA,"gps","Panthera leo","GSM05751","pepo","African lions in Central Kalahari Botswana","2010-06-03","18:50:00"
"1706",1706,33097515975,"true",22.7261470773862,-21.3444205716687,NA,22,NA,1049.7,NA,"gps","Panthera leo","GSM05751","pepo","African lions in Central Kalahari Botswana","2010-06-03","18:55:00"
"1707",1707,33097515981,"true",22.7261518444522,-21.3444160065582,NA,22,0.001532569559388,1042.7,NA,"gps","Panthera leo","GSM05751","pepo","African lions in Central Kalahari Botswana","2010-06-03","19:00:00"
"1708",1708,33097515971,"true",22.7261454813856,-21.3444386525628,NA,22,NA,1048,NA,"gps","Panthera leo","GSM05751","pepo","African lions in Central Kalahari Botswana","2010-06-03","19:05:00"
"1709",1709,33097515983,"true",22.7261532609119,-21.3444340564957,NA,21,NA,1045.9,NA,"gps","Panthera leo","GSM05751","pepo","African lions in Central Kalahari Botswana","2010-06-03","19:10:00"
"1710",1710,33097515899,"true",22.7260725269915,-21.344434886114,NA,21,NA,1048,NA,"gps","Panthera leo","GSM05751","pepo","African lions in Central Kalahari Botswana","2010-06-03","19:15:00"
"1711",1711,33097515949,"true",22.7261244679781,-21.3443937072646,NA,21,NA,1046.3,NA,"gps","Panthera leo","GSM05751","pepo","African lions in Central Kalahari Botswana","2010-06-03","19:20:00"
"1712",1712,33097515977,"true",22.7261479122884,-21.3443889502256,NA,21,NA,1042.5,NA,"gps","Panthera leo","GSM05751","pepo","African lions in Central Kalahari Botswana","2010-06-03","19:25:00"
"1713",1713,33097515972,"true",22.7261456609275,-21.344402521731,NA,21,0.000647884129418,1046.5,NA,"gps","Panthera leo","GSM05751","pepo","African lions in Central Kalahari Botswana","2010-06-03","19:30:00"
"1714",1714,33097515962,"true",22.7261342345237,-21.3443529617927,NA,21,NA,1047.3,NA,"gps","Panthera leo","GSM05751","pepo","African lions in Central Kalahari Botswana","2010-06-03","19:35:00"
"1715",1715,33097516041,"true",22.7262294281943,-21.3443519835506,NA,21,NA,1033.1,NA,"gps","Panthera leo","GSM05751","pepo","African lions in Central Kalahari Botswana","2010-06-03","19:40:00"
"1716",1716,33097515936,"true",22.7261152719983,-21.3443802533921,NA,21,NA,1045.2,NA,"gps","Panthera leo","GSM05751","pepo","African lions in Central Kalahari Botswana","2010-06-03","19:45:00"
"1717",1717,33097515989,"true",22.7261596768463,-21.3444159260709,NA,21,NA,1048.8,NA,"gps","Panthera leo","GSM05751","pepo","African lions in Central Kalahari Botswana","2010-06-03","19:50:00"
"1718",1718,33097515967,"true",22.7261406823874,-21.344389024521,NA,21,NA,1044.6,NA,"gps","Panthera leo","GSM05751","pepo","African lions in Central Kalahari Botswana","2010-06-03","19:55:00"
"1719",1719,33097515931,"true",22.7261062136732,-21.3444300238324,NA,20,0.00286744396062,1047,NA,"gps","Panthera leo","GSM05751","pepo","African lions in Central Kalahari Botswana","2010-06-03","20:00:00"
"1720",1720,33097515973,"true",22.7261456609275,-21.344402521731,NA,20,NA,1046.5,NA,"gps","Panthera leo","GSM05751","pepo","African lions in Central Kalahari Botswana","2010-06-03","20:05:00"
"1721",1721,33097515969,"true",22.7261434095662,-21.3444160932364,NA,20,NA,1050.5,NA,"gps","Panthera leo","GSM05751","pepo","African lions in Central Kalahari Botswana","2010-06-03","20:10:00"
"1722",1722,33097515963,"true",22.7261368350242,-21.3444206769205,NA,20,NA,1046.9,NA,"gps","Panthera leo","GSM05751","pepo","African lions in Central Kalahari Botswana","2010-06-03","20:15:00"
"1723",1723,33097515951,"true",22.7261253876785,-21.3444207945541,NA,20,NA,1049.8,NA,"gps","Panthera leo","GSM05751","pepo","African lions in Central Kalahari Botswana","2010-06-03","20:20:00"
"1724",1724,33097515948,"true",22.7261240560162,-21.3444614533487,NA,20,NA,1049.2,NA,"gps","Panthera leo","GSM05751","pepo","African lions in Central Kalahari Botswana","2010-06-03","20:25:00"
"1725",1725,33097515970,"true",22.7261434095662,-21.3444160932364,NA,20,0.002434958336854,1050.5,NA,"gps","Panthera leo","GSM05751","pepo","African lions in Central Kalahari Botswana","2010-06-03","20:30:00"
"1726",1726,33097515961,"true",22.7261339811701,-21.344434254617,NA,20,NA,1056.7,NA,"gps","Panthera leo","GSM05751","pepo","African lions in Central Kalahari Botswana","2010-06-03","20:35:00"
"1727",1727,33097516002,"true",22.7261687670936,-21.3444203487805,NA,20,NA,1049.5,NA,"gps","Panthera leo","GSM05751","pepo","African lions in Central Kalahari Botswana","2010-06-03","20:40:00"
"1728",1728,33097516017,"true",22.726178512703,-21.3444292808781,NA,20,NA,1044.5,NA,"gps","Panthera leo","GSM05751","pepo","African lions in Central Kalahari Botswana","2010-06-03","20:45:00"
"1729",1729,33097516009,"true",22.7261723291752,-21.3444157960522,NA,19,NA,1048.3,NA,"gps","Panthera leo","GSM05751","pepo","African lions in Central Kalahari Botswana","2010-06-03","20:50:00"
"1730",1730,33097515974,"true",22.72614597814,-21.3444296152114,NA,19,NA,1047.6,NA,"gps","Panthera leo","GSM05751","pepo","African lions in Central Kalahari Botswana","2010-06-03","20:55:00"
"1731",1731,33097516004,"true",22.7261699192078,-21.3444158208177,NA,18,0.0015555568,1051.6,NA,"gps","Panthera leo","GSM05751","pepo","African lions in Central Kalahari Botswana","2010-06-03","21:00:00"
"1732",1732,33097515995,"true",22.7261633975361,-21.3444249200828,NA,18,NA,1048.3,NA,"gps","Panthera leo","GSM05751","pepo","African lions in Central Kalahari Botswana","2010-06-03","21:05:00"
"1733",1733,33097515988,"true",22.7261561147643,-21.3444204787989,NA,18,NA,1050,NA,"gps","Panthera leo","GSM05751","pepo","African lions in Central Kalahari Botswana","2010-06-03","21:10:00"
"1734",1734,33097515992,"true",22.7261609875685,-21.3444249448482,NA,18,NA,1051.6,NA,"gps","Panthera leo","GSM05751","pepo","African lions in Central Kalahari Botswana","2010-06-03","21:15:00"
"1735",1735,33097515997,"true",22.7261659661118,-21.3444384420574,NA,18,NA,1045.4,NA,"gps","Panthera leo","GSM05751","pepo","African lions in Central Kalahari Botswana","2010-06-03","21:20:00"
"1736",1736,33097516010,"true",22.7261725406536,-21.3444338583722,NA,18,NA,1049.1,NA,"gps","Panthera leo","GSM05751","pepo","African lions in Central Kalahari Botswana","2010-06-03","21:25:00"
"1737",1737,33097515965,"true",22.7261382724204,-21.3443890492861,NA,18,0.002477680037698,1047.9,NA,"gps","Panthera leo","GSM05751","pepo","African lions in Central Kalahari Botswana","2010-06-03","21:30:00"
"1738",1738,33097516011,"true",22.7261725406536,-21.3444338583722,NA,18,NA,1049.1,NA,"gps","Panthera leo","GSM05751","pepo","African lions in Central Kalahari Botswana","2010-06-03","21:35:00"
"1739",1739,33097516021,"true",22.7261815780324,-21.344433765501,NA,18,NA,1049.4,NA,"gps","Panthera leo","GSM05751","pepo","African lions in Central Kalahari Botswana","2010-06-03","21:40:00"
"1740",1740,33097516000,"true",22.7261670653568,-21.3444293985146,NA,17,NA,1047.5,NA,"gps","Panthera leo","GSM05751","pepo","African lions in Central Kalahari Botswana","2010-06-03","21:45:00"
"1741",1741,33097515987,"true",22.7261544130267,-21.344429528533,NA,17,NA,1048,NA,"gps","Panthera leo","GSM05751","pepo","African lions in Central Kalahari Botswana","2010-06-03","21:50:00"
"1742",1742,33097515979,"true",22.7261508509442,-21.344434081261,NA,17,NA,1049.2,NA,"gps","Panthera leo","GSM05751","pepo","African lions in Central Kalahari Botswana","2010-06-03","21:55:00"
"1743",1743,33097516008,"true",22.7261711241915,-21.344415808435,NA,16,0.002519065070806,1045.9,NA,"gps","Panthera leo","GSM05751","pepo","African lions in Central Kalahari Botswana","2010-06-03","22:00:00"
"1744",1744,33097515993,"true",22.7261621925523,-21.3444249324655,NA,16,NA,1045.9,NA,"gps","Panthera leo","GSM05751","pepo","African lions in Central Kalahari Botswana","2010-06-03","22:05:00"
"1745",1745,33097516003,"true",22.7261694962523,-21.3443796961776,NA,16,NA,1042,NA,"gps","Panthera leo","GSM05751","pepo","African lions in Central Kalahari Botswana","2010-06-03","22:10:00"
"1746",1746,33097515986,"true",22.7261538634039,-21.3444340503044,NA,17,NA,1040.1,NA,"gps","Panthera leo","GSM05751","pepo","African lions in Central Kalahari Botswana","2010-06-03","22:15:00"
"1747",1747,33097516014,"true",22.7261769905009,-21.344402199781,NA,18,NA,1054.9,NA,"gps","Panthera leo","GSM05751","pepo","African lions in Central Kalahari Botswana","2010-06-03","22:20:00"
"1748",1748,33097515960,"true",22.7261336110914,-21.3444026455564,NA,18,NA,1055.2,NA,"gps","Panthera leo","GSM05751","pepo","African lions in Central Kalahari Botswana","2010-06-03","22:25:00"
"1749",1749,33097515887,"true",22.7260562068425,-21.3444305376909,NA,19,0.006703837029732,1049.4,NA,"gps","Panthera leo","GSM05751","pepo","African lions in Central Kalahari Botswana","2010-06-03","22:30:00"
"1750",1750,33097515896,"true",22.7260684681471,-21.3444484761919,NA,19,NA,1049.6,NA,"gps","Panthera leo","GSM05751","pepo","African lions in Central Kalahari Botswana","2010-06-03","22:35:00"
"1751",1751,33097515837,"true",22.7259571657099,-21.3444631682362,NA,19,NA,1051.9,NA,"gps","Panthera leo","GSM05751","pepo","African lions in Central Kalahari Botswana","2010-06-03","22:40:00"
"1752",1752,33097515825,"true",22.7259279607697,-21.3444905650578,NA,18,NA,1047,NA,"gps","Panthera leo","GSM05751","pepo","African lions in Central Kalahari Botswana","2010-06-03","22:45:00"
"1753",1753,33097515819,"true",22.7259115348941,-21.3444771854597,NA,19,NA,1048,NA,"gps","Panthera leo","GSM05751","pepo","African lions in Central Kalahari Botswana","2010-06-03","22:50:00"
"1754",1754,33097515826,"true",22.725934323872,-21.3444679190592,NA,20,NA,1050,NA,"gps","Panthera leo","GSM05751","pepo","African lions in Central Kalahari Botswana","2010-06-03","22:55:00"
"1755",1755,33097515828,"true",22.7259481283282,-21.3444632610954,NA,19,0.0064952551962,1051.5,NA,"gps","Panthera leo","GSM05751","pepo","African lions in Central Kalahari Botswana","2010-06-03","23:00:00"
"1756",1756,33097515842,"true",22.7259699237712,-21.3444720693934,NA,19,NA,1051.8,NA,"gps","Panthera leo","GSM05751","pepo","African lions in Central Kalahari Botswana","2010-06-03","23:05:00"
"1757",1757,33097515634,"true",22.7252827438884,-21.3447591285792,NA,20,NA,1049.7,NA,"gps","Panthera leo","GSM05751","pepo","African lions in Central Kalahari Botswana","2010-06-03","23:10:00"
"1758",1758,33097515639,"true",22.7252968866712,-21.344731886568,NA,20,NA,1050.1,NA,"gps","Panthera leo","GSM05751","pepo","African lions in Central Kalahari Botswana","2010-06-03","23:15:00"
"1759",1759,33097515480,"true",22.7248464328529,-21.3447545771724,NA,20,NA,1048.8,NA,"gps","Panthera leo","GSM05751","pepo","African lions in Central Kalahari Botswana","2010-06-03","23:20:00"
"1760",1760,33097515475,"true",22.7248349854734,-21.3447546947199,NA,20,NA,1051.7,NA,"gps","Panthera leo","GSM05751","pepo","African lions in Central Kalahari Botswana","2010-06-03","23:25:00"
"1761",1761,33097515478,"true",22.7248392557587,-21.344759166996,NA,20,0.06653037683537,1045.1,NA,"gps","Panthera leo","GSM05751","pepo","African lions in Central Kalahari Botswana","2010-06-03","23:30:00"
"1762",1762,33097515479,"true",22.7248392557587,-21.344759166996,NA,20,NA,1045.1,NA,"gps","Panthera leo","GSM05751","pepo","African lions in Central Kalahari Botswana","2010-06-03","23:35:00"
"1763",1763,33097515383,"true",22.7246408025994,-21.344792817575,NA,21,NA,1046.6,NA,"gps","Panthera leo","GSM05751","pepo","African lions in Central Kalahari Botswana","2010-06-03","23:40:00"
"1764",1764,33097515387,"true",22.7246497871836,-21.3447882092013,NA,21,NA,1047,NA,"gps","Panthera leo","GSM05751","pepo","African lions in Central Kalahari Botswana","2010-06-03","23:45:00"
"1765",1765,33097515391,"true",22.7246624923788,-21.3447925948775,NA,21,NA,1046.5,NA,"gps","Panthera leo","GSM05751","pepo","African lions in Central Kalahari Botswana","2010-06-03","23:50:00"
"1766",1766,33097515389,"true",22.7246596383823,-21.3448061725581,NA,21,NA,1042.3,NA,"gps","Panthera leo","GSM05751","pepo","African lions in Central Kalahari Botswana","2010-06-03","23:55:00"
"1767",1767,33097515380,"true",22.7246341751668,-21.3447928856209,NA,21,0.01195013733788,1043,NA,"gps","Panthera leo","GSM05751","pepo","African lions in Central Kalahari Botswana","2010-06-04","00:00:00"
"1768",1768,33097515295,"true",22.7243623447751,-21.3447866441091,NA,21,NA,1042.7,NA,"gps","Panthera leo","GSM05751","pepo","African lions in Central Kalahari Botswana","2010-06-04","00:05:00"
"1769",1769,33097515298,"true",22.7243704412734,-21.3448091416244,NA,20,NA,1049.9,NA,"gps","Panthera leo","GSM05751","pepo","African lions in Central Kalahari Botswana","2010-06-04","00:10:00"
"1770",1770,33097515297,"true",22.7243703356425,-21.3448001104562,NA,20,NA,1049.5,NA,"gps","Panthera leo","GSM05751","pepo","African lions in Central Kalahari Botswana","2010-06-04","00:15:00"
"1771",1771,33097515300,"true",22.7243753140413,-21.3448136077281,NA,20,NA,1051.5,NA,"gps","Panthera leo","GSM05751","pepo","African lions in Central Kalahari Botswana","2010-06-04","00:20:00"
"1772",1772,33097515249,"true",22.724249784028,-21.3447968318354,NA,20,NA,1050.7,NA,"gps","Panthera leo","GSM05751","pepo","African lions in Central Kalahari Botswana","2010-06-04","00:25:00"
"1773",1773,33097515253,"true",22.7242576692622,-21.3448012670198,NA,20,0.021673805394586,1049,NA,"gps","Panthera leo","GSM05751","pepo","African lions in Central Kalahari Botswana","2010-06-04","00:30:00"
"1774",1774,33097515244,"true",22.7242378925818,-21.3448105022802,NA,20,NA,1046.2,NA,"gps","Panthera leo","GSM05751","pepo","African lions in Central Kalahari Botswana","2010-06-04","00:35:00"
"1775",1775,33097515242,"true",22.7242330198179,-21.3448060361722,NA,20,NA,1044.6,NA,"gps","Panthera leo","GSM05751","pepo","African lions in Central Kalahari Botswana","2010-06-04","00:40:00"
"1776",1776,33097515061,"true",22.7237621116532,-21.344883127376,NA,20,NA,1048,NA,"gps","Panthera leo","GSM05751","pepo","African lions in Central Kalahari Botswana","2010-06-04","00:45:00"
"1777",1777,33097515045,"true",22.7237171885417,-21.3449061690136,NA,20,NA,1052.7,NA,"gps","Panthera leo","GSM05751","pepo","African lions in Central Kalahari Botswana","2010-06-04","00:50:00"
"1778",1778,33097515040,"true",22.7236897905578,-21.3449335469304,NA,20,NA,1044.5,NA,"gps","Panthera leo","GSM05751","pepo","African lions in Central Kalahari Botswana","2010-06-04","00:55:00"
"1779",1779,33097515041,"true",22.7236908899574,-21.3449245033938,NA,21,0.03356404351788,1046.6,NA,"gps","Panthera leo","GSM05751","pepo","African lions in Central Kalahari Botswana","2010-06-04","01:00:00"
"1780",1780,33097514934,"true",22.7234440782552,-21.3449451004363,NA,21,NA,1046.4,NA,"gps","Panthera leo","GSM05751","pepo","African lions in Central Kalahari Botswana","2010-06-04","01:05:00"
"1781",1781,33097514937,"true",22.7234458329523,-21.3449405663048,NA,21,NA,1048.5,NA,"gps","Panthera leo","GSM05751","pepo","African lions in Central Kalahari Botswana","2010-06-04","01:10:00"
"1782",1782,33097514941,"true",22.7234568890112,-21.3449585173776,NA,21,NA,1046.3,NA,"gps","Panthera leo","GSM05751","pepo","African lions in Central Kalahari Botswana","2010-06-04","01:15:00"
"1783",1783,33097514883,"true",22.723334709974,-21.3449191257792,NA,21,NA,1049.3,NA,"gps","Panthera leo","GSM05751","pepo","African lions in Central Kalahari Botswana","2010-06-04","01:20:00"
"1784",1784,33097514893,"true",22.7233530706055,-21.3448918406374,NA,21,NA,1043.2,NA,"gps","Panthera leo","GSM05751","pepo","African lions in Central Kalahari Botswana","2010-06-04","01:25:00"
"1785",1785,33097514887,"true",22.7233418871274,-21.3449145360163,NA,21,0.020141797502314,1047.3,NA,"gps","Panthera leo","GSM05751","pepo","African lions in Central Kalahari Botswana","2010-06-04","01:30:00"
"1786",1786,33097514886,"true",22.7233384305112,-21.344928119864,NA,21,NA,1048.8,NA,"gps","Panthera leo","GSM05751","pepo","African lions in Central Kalahari Botswana","2010-06-04","01:35:00"
"1787",1787,33097514865,"true",22.7232027416918,-21.3449701570794,NA,21,NA,1047.8,NA,"gps","Panthera leo","GSM05751","pepo","African lions in Central Kalahari Botswana","2010-06-04","01:40:00"
"1788",1788,33097514871,"true",22.7232671777722,-21.3449153024905,NA,20,NA,1044.9,NA,"gps","Panthera leo","GSM05751","pepo","African lions in Central Kalahari Botswana","2010-06-04","01:45:00"
"1789",1789,33097514873,"true",22.7232760568477,-21.3449016630137,NA,20,NA,1044.9,NA,"gps","Panthera leo","GSM05751","pepo","African lions in Central Kalahari Botswana","2010-06-04","01:50:00"
"1790",1790,33097514872,"true",22.7232724418792,-21.3449017001005,NA,20,NA,1045.7,NA,"gps","Panthera leo","GSM05751","pepo","African lions in Central Kalahari Botswana","2010-06-04","01:55:00"
"1791",1791,33097514861,"true",22.7231873756221,-21.3447896695839,NA,20,0.011727891048972,1044,NA,"gps","Panthera leo","GSM05751","pepo","African lions in Central Kalahari Botswana","2010-06-04","02:00:00"
"1792",1792,33097514858,"true",22.7231748287988,-21.3447988305538,NA,20,NA,1044.9,NA,"gps","Panthera leo","GSM05751","pepo","African lions in Central Kalahari Botswana","2010-06-04","02:05:00"
"1793",1793,33097514862,"true",22.7231965185959,-21.3447986080456,NA,20,NA,1044.7,NA,"gps","Panthera leo","GSM05751","pepo","African lions in Central Kalahari Botswana","2010-06-04","02:10:00"
"1794",1794,33097514842,"true",22.7230818555196,-21.3447320423751,NA,20,NA,1044.6,NA,"gps","Panthera leo","GSM05751","pepo","African lions in Central Kalahari Botswana","2010-06-04","02:15:00"
"1795",1795,33097514845,"true",22.7231262289757,-21.3447135226716,NA,20,NA,1046,NA,"gps","Panthera leo","GSM05751","pepo","African lions in Central Kalahari Botswana","2010-06-04","02:20:00"
"1796",1796,33097514846,"true",22.7231262289757,-21.3447135226716,NA,20,NA,1046,NA,"gps","Panthera leo","GSM05751","pepo","African lions in Central Kalahari Botswana","2010-06-04","02:25:00"
"1797",1797,33097514847,"true",22.7231298967171,-21.3447180011753,NA,21,0.005522405529032,1045.2,NA,"gps","Panthera leo","GSM05751","pepo","African lions in Central Kalahari Botswana","2010-06-04","02:30:00"
"1798",1798,33097514732,"true",22.7226377253418,-21.3445740170247,NA,21,NA,1047.4,NA,"gps","Panthera leo","GSM05751","pepo","African lions in Central Kalahari Botswana","2010-06-04","02:35:00"
"1799",1799,33097514729,"true",22.7226329581544,-21.3445785820431,NA,21,NA,1046.2,NA,"gps","Panthera leo","GSM05751","pepo","African lions in Central Kalahari Botswana","2010-06-04","02:40:00"
"1800",1800,33097514727,"true",22.7226292904311,-21.3445741035272,NA,21,NA,1047.1,NA,"gps","Panthera leo","GSM05751","pepo","African lions in Central Kalahari Botswana","2010-06-04","02:45:00"
"1801",1801,33097514731,"true",22.7226357289301,-21.3445062955568,NA,21,NA,1047.8,NA,"gps","Panthera leo","GSM05751","pepo","African lions in Central Kalahari Botswana","2010-06-04","02:50:00"
"1802",1802,33097514707,"true",22.7225478176585,-21.3445117132174,NA,20,NA,1060.2,NA,"gps","Panthera leo","GSM05751","pepo","African lions in Central Kalahari Botswana","2010-06-04","02:55:00"
"1803",1803,33097514716,"true",22.7225683024338,-21.3445115031499,NA,20,0.03466331106396,1057.7,NA,"gps","Panthera leo","GSM05751","pepo","African lions in Central Kalahari Botswana","2010-06-04","03:00:00"
"1804",1804,33097514677,"true",22.7224624218632,-21.3445261372975,NA,20,NA,1047.6,NA,"gps","Panthera leo","GSM05751","pepo","African lions in Central Kalahari Botswana","2010-06-04","03:05:00"
"1805",1805,33097514675,"true",22.722453489973,-21.3445352611467,NA,20,NA,1047.6,NA,"gps","Panthera leo","GSM05751","pepo","African lions in Central Kalahari Botswana","2010-06-04","03:10:00"
"1806",1806,33097514667,"true",22.7224185981035,-21.344540135061,NA,20,NA,1054.3,NA,"gps","Panthera leo","GSM05751","pepo","African lions in Central Kalahari Botswana","2010-06-04","03:15:00"
"1807",1807,33097514665,"true",22.7224170016426,-21.3445582159504,NA,20,NA,1052.6,NA,"gps","Panthera leo","GSM05751","pepo","African lions in Central Kalahari Botswana","2010-06-04","03:20:00"
"1808",1808,33097514644,"true",22.722300456612,-21.3445368303113,NA,20,NA,1052.2,NA,"gps","Panthera leo","GSM05751","pepo","African lions in Central Kalahari Botswana","2010-06-04","03:25:00"
"1809",1809,33097514643,"true",22.722287390525,-21.3446047062318,NA,20,0.017199730148662,1047.5,NA,"gps","Panthera leo","GSM05751","pepo","African lions in Central Kalahari Botswana","2010-06-04","03:30:00"
"1810",1810,33097514634,"true",22.7222619275319,-21.3445914189177,NA,20,NA,1048.1,NA,"gps","Panthera leo","GSM05751","pepo","African lions in Central Kalahari Botswana","2010-06-04","03:35:00"
"1811",1811,33097514621,"true",22.7222204609566,-21.3446008763329,NA,20,NA,1051.2,NA,"gps","Panthera leo","GSM05751","pepo","African lions in Central Kalahari Botswana","2010-06-04","03:40:00"
"1812",1812,33097514619,"true",22.7222188117221,-21.3446144416327,NA,20,NA,1049.5,NA,"gps","Panthera leo","GSM05751","pepo","African lions in Central Kalahari Botswana","2010-06-04","03:45:00"
"1813",1813,33097514580,"true",22.7221078555108,-21.3447104179479,NA,20,NA,1041.5,NA,"gps","Panthera leo","GSM05751","pepo","African lions in Central Kalahari Botswana","2010-06-04","03:50:00"
"1814",1814,33097514582,"true",22.7221115232229,-21.344714896476,NA,20,NA,1040.6,NA,"gps","Panthera leo","GSM05751","pepo","African lions in Central Kalahari Botswana","2010-06-04","03:55:00"
"1815",1815,33097514590,"true",22.7221374832271,-21.3447191464563,NA,20,0.01097824211592,1047.8,NA,"gps","Panthera leo","GSM05751","pepo","African lions in Central Kalahari Botswana","2010-06-04","04:00:00"
"1816",1816,33097514586,"true",22.7221309085356,-21.3447237299927,NA,20,NA,1044.1,NA,"gps","Panthera leo","GSM05751","pepo","African lions in Central Kalahari Botswana","2010-06-04","04:05:00"
"1817",1817,33097514579,"true",22.7221065450304,-21.3447013991226,NA,20,NA,1052.6,NA,"gps","Panthera leo","GSM05751","pepo","African lions in Central Kalahari Botswana","2010-06-04","04:10:00"
"1818",1818,33097514587,"true",22.7221323995388,-21.3446966179249,NA,20,NA,1045.5,NA,"gps","Panthera leo","GSM05751","pepo","African lions in Central Kalahari Botswana","2010-06-04","04:15:00"
"1819",1819,33097514589,"true",22.7221337100207,-21.3447056367499,NA,20,NA,1048.3,NA,"gps","Panthera leo","GSM05751","pepo","African lions in Central Kalahari Botswana","2010-06-04","04:20:00"
"1820",1820,33097514548,"true",22.7220321298823,-21.3447789362417,NA,20,NA,1047.7,NA,"gps","Panthera leo","GSM05751","pepo","African lions in Central Kalahari Botswana","2010-06-04","04:25:00"
"1821",1821,33097514554,"true",22.7220499410002,-21.3447561729932,NA,20,0.005522405529032,1047.7,NA,"gps","Panthera leo","GSM05751","pepo","African lions in Central Kalahari Botswana","2010-06-04","04:30:00"
"1822",1822,33097514555,"true",22.7220499410002,-21.3447561729932,NA,20,NA,1047.7,NA,"gps","Panthera leo","GSM05751","pepo","African lions in Central Kalahari Botswana","2010-06-04","04:35:00"
"1823",1823,33097514559,"true",22.7220561546192,-21.344823851247,NA,20,NA,1046.1,NA,"gps","Panthera leo","GSM05751","pepo","African lions in Central Kalahari Botswana","2010-06-04","04:40:00"
"1824",1824,33097514556,"true",22.7220525923947,-21.344828403897,NA,20,NA,1047.3,NA,"gps","Panthera leo","GSM05751","pepo","African lions in Central Kalahari Botswana","2010-06-04","04:45:00"
"1825",1825,33097514550,"true",22.7220472226855,-21.3448329750772,NA,20,NA,1046.1,NA,"gps","Panthera leo","GSM05751","pepo","African lions in Central Kalahari Botswana","2010-06-04","04:50:00"
"1826",1826,33097514573,"true",22.722088983522,-21.3449002888981,NA,20,NA,1046.3,NA,"gps","Panthera leo","GSM05751","pepo","African lions in Central Kalahari Botswana","2010-06-04","04:55:00"
"1827",1827,33097514578,"true",22.722106508627,-21.3449046253571,NA,20,0.009961197968952,1047.4,NA,"gps","Panthera leo","GSM05751","pepo","African lions in Central Kalahari Botswana","2010-06-04","05:00:00"
"1828",1828,33097514565,"true",22.7220646058438,-21.3450315065975,NA,20,NA,1047.4,NA,"gps","Panthera leo","GSM05751","pepo","African lions in Central Kalahari Botswana","2010-06-04","05:05:00"
"1829",1829,33097514502,"true",22.7219143448778,-21.3453220793626,NA,19,NA,1047.2,NA,"gps","Panthera leo","GSM05751","pepo","African lions in Central Kalahari Botswana","2010-06-04","05:10:00"
"1830",1830,33097514487,"true",22.7218955030223,-21.3455661435514,NA,20,NA,1048.8,NA,"gps","Panthera leo","GSM05751","pepo","African lions in Central Kalahari Botswana","2010-06-04","05:15:00"
"1831",1831,33097514496,"true",22.7219042462201,-21.3468305703009,NA,20,NA,1045.6,NA,"gps","Panthera leo","GSM05751","pepo","African lions in Central Kalahari Botswana","2010-06-04","05:20:00"
"1832",1832,33097513546,"true",22.7201813612463,-21.346252094636,NA,20,NA,1050.7,NA,"gps","Panthera leo","GSM05751","pepo","African lions in Central Kalahari Botswana","2010-06-04","05:25:00"
"1833",1833,33097513347,"true",22.7199465131467,-21.3453874019885,NA,20,0.12795428014112,1053.6,NA,"gps","Panthera leo","GSM05751","pepo","African lions in Central Kalahari Botswana","2010-06-04","05:30:00"
"1834",1834,33097513385,"true",22.7199965753049,-21.3442036622695,NA,21,NA,1050.3,NA,"gps","Panthera leo","GSM05751","pepo","African lions in Central Kalahari Botswana","2010-06-04","05:35:00"
"1835",1835,33097512970,"true",22.719344450135,-21.3443458224566,NA,21,NA,1049.2,NA,"gps","Panthera leo","GSM05751","pepo","African lions in Central Kalahari Botswana","2010-06-04","05:40:00"
"1836",1836,33097512740,"true",22.7186080611588,-21.3451165852822,NA,22,NA,1050.5,NA,"gps","Panthera leo","GSM05751","pepo","African lions in Central Kalahari Botswana","2010-06-04","05:45:00"
"1837",1837,33097512736,"true",22.7185988131439,-21.3450986153582,NA,23,NA,1049.4,NA,"gps","Panthera leo","GSM05751","pepo","African lions in Central Kalahari Botswana","2010-06-04","05:50:00"
"1838",1838,33097512714,"true",22.7184410227645,-21.3453124881232,NA,25,NA,1047.7,NA,"gps","Panthera leo","GSM05751","pepo","African lions in Central Kalahari Botswana","2010-06-04","05:55:00"
"1839",1839,33097512715,"true",22.7184447430231,-21.3453214823356,NA,26,0.086644457371066,1047.2,NA,"gps","Panthera leo","GSM05751","pepo","African lions in Central Kalahari Botswana","2010-06-04","06:00:00"
"1840",1840,33097512461,"true",22.717116593204,-21.3451589354712,NA,28,NA,1051.6,NA,"gps","Panthera leo","GSM05751","pepo","African lions in Central Kalahari Botswana","2010-06-04","06:05:00"
"1841",1841,33097512234,"true",22.7164827739045,-21.3453731560203,NA,28,NA,1048.7,NA,"gps","Panthera leo","GSM05751","pepo","African lions in Central Kalahari Botswana","2010-06-04","06:10:00"
"1842",1842,33097512084,"true",22.7162781830412,-21.3452939560769,NA,28,NA,1049.7,NA,"gps","Panthera leo","GSM05751","pepo","African lions in Central Kalahari Botswana","2010-06-04","06:15:00"
"1843",1843,33097512719,"true",22.7184861170577,-21.3450455747276,NA,28,NA,1046.4,NA,"gps","Panthera leo","GSM05751","pepo","African lions in Central Kalahari Botswana","2010-06-04","06:20:00"
"1844",1844,33097513292,"true",22.7198774135938,-21.3454558515334,NA,28,NA,1050,NA,"gps","Panthera leo","GSM05751","pepo","African lions in Central Kalahari Botswana","2010-06-04","06:25:00"
"1845",1845,33097513259,"true",22.7198137562706,-21.3458358585659,NA,28,0.084907352092494,1047.1,NA,"gps","Panthera leo","GSM05751","pepo","African lions in Central Kalahari Botswana","2010-06-04","06:30:00"
"1846",1846,33097513223,"true",22.7197158252368,-21.346893636531,NA,28,NA,1052.3,NA,"gps","Panthera leo","GSM05751","pepo","African lions in Central Kalahari Botswana","2010-06-04","06:35:00"
"1847",1847,33097513236,"true",22.7197378150483,-21.3470740567137,NA,27,NA,1045.8,NA,"gps","Panthera leo","GSM05751","pepo","African lions in Central Kalahari Botswana","2010-06-04","06:40:00"
"1848",1848,33097513253,"true",22.7197922512011,-21.3470915638658,NA,27,NA,1051.5,NA,"gps","Panthera leo","GSM05751","pepo","African lions in Central Kalahari Botswana","2010-06-04","06:45:00"
"1849",1849,33097514099,"true",22.7211664580994,-21.3463458740657,NA,27,NA,1048.4,NA,"gps","Panthera leo","GSM05751","pepo","African lions in Central Kalahari Botswana","2010-06-04","06:50:00"
"1850",1850,33097514125,"true",22.7212527212351,-21.3463540223472,NA,27,NA,1048.3,NA,"gps","Panthera leo","GSM05751","pepo","African lions in Central Kalahari Botswana","2010-06-04","06:55:00"
"1851",1851,33097514140,"true",22.7212898654161,-21.3463355771752,NA,27,0.090446922635258,1051.4,NA,"gps","Panthera leo","GSM05751","pepo","African lions in Central Kalahari Botswana","2010-06-04","07:00:00"
"1852",1852,33097514175,"true",22.7213390371039,-21.3463666861742,NA,28,NA,1056.2,NA,"gps","Panthera leo","GSM05751","pepo","African lions in Central Kalahari Botswana","2010-06-04","07:05:00"
"1853",1853,33097514154,"true",22.721312474318,-21.3463624422638,NA,29,NA,1054.8,NA,"gps","Panthera leo","GSM05751","pepo","African lions in Central Kalahari Botswana","2010-06-04","07:10:00"
"1854",1854,33097514191,"true",22.7213637621575,-21.3463167553446,NA,29,NA,1044.9,NA,"gps","Panthera leo","GSM05751","pepo","African lions in Central Kalahari Botswana","2010-06-04","07:15:00"
"1855",1855,33097514181,"true",22.7213482553087,-21.3463304626567,NA,29,NA,1055.2,NA,"gps","Panthera leo","GSM05751","pepo","African lions in Central Kalahari Botswana","2010-06-04","07:20:00"
"1856",1856,33097514139,"true",22.7212846763306,-21.346304017436,NA,30,NA,1048.7,NA,"gps","Panthera leo","GSM05751","pepo","African lions in Central Kalahari Botswana","2010-06-04","07:25:00"
"1857",1857,33097514135,"true",22.7212793065454,-21.346308588596,NA,31,0.001775173086804,1047.5,NA,"gps","Panthera leo","GSM05751","pepo","African lions in Central Kalahari Botswana","2010-06-04","07:30:00"
"1858",1858,33097514206,"true",22.7213897224348,-21.3463210054222,NA,32,NA,1052.1,NA,"gps","Panthera leo","GSM05751","pepo","African lions in Central Kalahari Botswana","2010-06-04","07:35:00"
"1859",1859,33097514348,"true",22.7216070816547,-21.3461516808386,NA,32,NA,1053.7,NA,"gps","Panthera leo","GSM05751","pepo","African lions in Central Kalahari Botswana","2010-06-04","07:40:00"
"1860",1860,33097514605,"true",22.7221835440583,-21.3458251260387,NA,33,NA,1036.2,NA,"gps","Panthera leo","GSM05751","pepo","African lions in Central Kalahari Botswana","2010-06-04","07:45:00"
"1861",1861,33097514925,"true",22.7234144453011,-21.3460699202509,NA,33,NA,1052.8,NA,"gps","Panthera leo","GSM05751","pepo","African lions in Central Kalahari Botswana","2010-06-04","07:50:00"
"1862",1862,33097514895,"true",22.7233551364118,-21.346047948143,NA,33,NA,1039.8,NA,"gps","Panthera leo","GSM05751","pepo","African lions in Central Kalahari Botswana","2010-06-04","07:55:00"
"1863",1863,33097514908,"true",22.7233721647601,-21.3460613218109,NA,33,0.121573831425654,1047,NA,"gps","Panthera leo","GSM05751","pepo","African lions in Central Kalahari Botswana","2010-06-04","08:00:00"
"1864",1864,33097514914,"true",22.7233813606178,-21.3460747758409,NA,34,NA,1048.1,NA,"gps","Panthera leo","GSM05751","pepo","African lions in Central Kalahari Botswana","2010-06-04","08:05:00"
"1865",1865,33097514915,"true",22.7233819631173,-21.3460747696591,NA,34,NA,1042.3,NA,"gps","Panthera leo","GSM05751","pepo","African lions in Central Kalahari Botswana","2010-06-04","08:10:00"
"1866",1866,33097514913,"true",22.7233799444646,-21.3460567258615,NA,33,NA,1044.9,NA,"gps","Panthera leo","GSM05751","pepo","African lions in Central Kalahari Botswana","2010-06-04","08:15:00"
"1867",1867,33097514918,"true",22.7233938547406,-21.3460610992646,NA,33,NA,1046.9,NA,"gps","Panthera leo","GSM05751","pepo","African lions in Central Kalahari Botswana","2010-06-04","08:20:00"
"1868",1868,33097514900,"true",22.7233596706351,-21.3460749983857,NA,33,NA,1048.2,NA,"gps","Panthera leo","GSM05751","pepo","African lions in Central Kalahari Botswana","2010-06-04","08:25:00"
"1869",1869,33097514904,"true",22.7233666366887,-21.3460523462754,NA,33,0.000647884129418,1051.2,NA,"gps","Panthera leo","GSM05751","pepo","African lions in Central Kalahari Botswana","2010-06-04","08:30:00"
"1870",1870,33097514916,"true",22.7233873328241,-21.3460701984367,NA,33,NA,1043.6,NA,"gps","Panthera leo","GSM05751","pepo","African lions in Central Kalahari Botswana","2010-06-04","08:35:00"
"1871",1871,33097514954,"true",22.7234906149801,-21.3459878484033,NA,33,NA,1031.9,NA,"gps","Panthera leo","GSM05751","pepo","African lions in Central Kalahari Botswana","2010-06-04","08:40:00"
"1872",1872,33097515152,"true",22.7240581186449,-21.3457200889983,NA,33,NA,1044.5,NA,"gps","Panthera leo","GSM05751","pepo","African lions in Central Kalahari Botswana","2010-06-04","08:45:00"
"1873",1873,33097515171,"true",22.7240703798369,-21.3457380276517,NA,35,NA,1044.7,NA,"gps","Panthera leo","GSM05751","pepo","African lions in Central Kalahari Botswana","2010-06-04","08:50:00"
"1874",1874,33097515166,"true",22.7240647989298,-21.3457245365566,NA,36,NA,1048.5,NA,"gps","Panthera leo","GSM05751","pepo","African lions in Central Kalahari Botswana","2010-06-04","08:55:00"
"1875",1875,33097515176,"true",22.7240768488871,-21.3457244128723,NA,36,0.045527839755576,1039.8,NA,"gps","Panthera leo","GSM05751","pepo","African lions in Central Kalahari Botswana","2010-06-04","09:00:00"
"1876",1876,33097515180,"true",22.7240801254218,-21.3457469598725,NA,37,NA,1039.7,NA,"gps","Panthera leo","GSM05751","pepo","African lions in Central Kalahari Botswana","2010-06-04","09:05:00"
"1877",1877,33097515173,"true",22.7240706654822,-21.3457109279616,NA,37,NA,1043.6,NA,"gps","Panthera leo","GSM05751","pepo","African lions in Central Kalahari Botswana","2010-06-04","09:10:00"
"1878",1878,33097515184,"true",22.7240835507704,-21.3456791828184,NA,37,NA,1049.8,NA,"gps","Panthera leo","GSM05751","pepo","African lions in Central Kalahari Botswana","2010-06-04","09:15:00"
"1879",1879,33097515170,"true",22.7240679170365,-21.3457335368043,NA,36,NA,1061.9,NA,"gps","Panthera leo","GSM05751","pepo","African lions in Central Kalahari Botswana","2010-06-04","09:20:00"
"1880",1880,33097515158,"true",22.7240594292575,-21.3457291077986,NA,36,NA,1061.2,NA,"gps","Panthera leo","GSM05751","pepo","African lions in Central Kalahari Botswana","2010-06-04","09:25:00"
"1881",1881,33097515155,"true",22.7240589323764,-21.3457381451514,NA,36,0.001192829287596,1039.5,NA,"gps","Panthera leo","GSM05751","pepo","African lions in Central Kalahari Botswana","2010-06-04","09:30:00"
"1882",1882,33097515169,"true",22.7240667120407,-21.3457335491727,NA,37,NA,1045.6,NA,"gps","Panthera leo","GSM05751","pepo","African lions in Central Kalahari Botswana","2010-06-04","09:35:00"
"1883",1883,33097515157,"true",22.7240591436103,-21.3457562074887,NA,37,NA,1048.4,NA,"gps","Panthera leo","GSM05751","pepo","African lions in Central Kalahari Botswana","2010-06-04","09:40:00"
"1884",1884,33097515115,"true",22.7240084065427,-21.3457973733962,NA,37,NA,1044.4,NA,"gps","Panthera leo","GSM05751","pepo","African lions in Central Kalahari Botswana","2010-06-04","09:45:00"
"1885",1885,33097515130,"true",22.724027475254,-21.3457791131693,NA,37,NA,1046.8,NA,"gps","Panthera leo","GSM05751","pepo","African lions in Central Kalahari Botswana","2010-06-04","09:50:00"
"1886",1886,33097515116,"true",22.7240085121569,-21.3458064045651,NA,37,NA,1044.7,NA,"gps","Panthera leo","GSM05751","pepo","African lions in Central Kalahari Botswana","2010-06-04","09:55:00"
"1887",1887,33097515143,"true",22.7240414383263,-21.3457880021037,NA,37,0.00349647363051,1049.1,NA,"gps","Panthera leo","GSM05751","pepo","African lions in Central Kalahari Botswana","2010-06-04","10:00:00"
"1888",1888,33097515117,"true",22.7240087233853,-21.3458244669027,NA,37,NA,1045.5,NA,"gps","Panthera leo","GSM05751","pepo","African lions in Central Kalahari Botswana","2010-06-04","10:05:00"
"1889",1889,33097515098,"true",22.7239297216567,-21.3458704390203,NA,37,NA,1046.1,NA,"gps","Panthera leo","GSM05751","pepo","African lions in Central Kalahari Botswana","2010-06-04","10:10:00"
"1890",1890,33097515129,"true",22.7240240186879,-21.3457926970268,NA,37,NA,1048.4,NA,"gps","Panthera leo","GSM05751","pepo","African lions in Central Kalahari Botswana","2010-06-04","10:15:00"
"1891",1891,33097515119,"true",22.7240133849499,-21.3458108706773,NA,37,NA,1046.3,NA,"gps","Panthera leo","GSM05751","pepo","African lions in Central Kalahari Botswana","2010-06-04","10:20:00"
"1892",1892,33097515144,"true",22.7240415439424,-21.3457970332724,NA,38,NA,1049.5,NA,"gps","Panthera leo","GSM05751","pepo","African lions in Central Kalahari Botswana","2010-06-04","10:25:00"
"1893",1893,33097515141,"true",22.7240396308319,-21.3457880206561,NA,38,0.0001111112,1052.4,NA,"gps","Panthera leo","GSM05751","pepo","African lions in Central Kalahari Botswana","2010-06-04","10:30:00"
"1894",1894,33097515137,"true",22.7240330561602,-21.3457926042656,NA,38,0.003333336,1048.8,NA,"gps","Panthera leo","GSM05751","pepo","African lions in Central Kalahari Botswana","2010-06-04","10:33:00"
"1895",1895,33097515148,"true",22.7240516807945,-21.3457878969732,NA,38,NA,1051.9,NA,"gps","Panthera leo","GSM05751","pepo","African lions in Central Kalahari Botswana","2010-06-04","10:35:00"
"1896",1896,33097515147,"true",22.7240468608095,-21.3457879464465,NA,39,NA,1050.3,NA,"gps","Panthera leo","GSM05751","pepo","African lions in Central Kalahari Botswana","2010-06-04","10:40:00"
"1897",1897,33097515113,"true",22.7239994530609,-21.3458561749377,NA,40,NA,1046.6,NA,"gps","Panthera leo","GSM05751","pepo","African lions in Central Kalahari Botswana","2010-06-04","10:55:00"
"1898",1898,33097515231,"true",22.7241565177142,-21.3455294016776,NA,39,NA,1049,NA,"gps","Panthera leo","GSM05751","pepo","African lions in Central Kalahari Botswana","2010-06-04","11:10:00"
"1899",1899,33097515210,"true",22.7241175115205,-21.3458007696391,NA,39,NA,1032.2,NA,"gps","Panthera leo","GSM05751","pepo","African lions in Central Kalahari Botswana","2010-06-04","11:25:00"
"1900",1900,33097515164,"true",22.7240642804464,-21.345783251521,NA,40,NA,1042.9,NA,"gps","Panthera leo","GSM05751","pepo","African lions in Central Kalahari Botswana","2010-06-04","11:40:00"
"1901",1901,33097515185,"true",22.7240840572652,-21.3457740162725,NA,41,NA,1039.9,NA,"gps","Panthera leo","GSM05751","pepo","African lions in Central Kalahari Botswana","2010-06-04","11:55:00"
"1902",1902,33097515190,"true",22.7240904735059,-21.3457558859084,NA,43,NA,1042.9,NA,"gps","Panthera leo","GSM05751","pepo","African lions in Central Kalahari Botswana","2010-06-04","12:10:00"
"1903",1903,33097515162,"true",22.7240623673348,-21.3457742389051,NA,44,NA,1040.1,NA,"gps","Panthera leo","GSM05751","pepo","African lions in Central Kalahari Botswana","2010-06-04","12:25:00"
"1904",1904,33097515198,"true",22.724100588762,-21.3457964272173,NA,42,NA,1039.3,NA,"gps","Panthera leo","GSM05751","pepo","African lions in Central Kalahari Botswana","2010-06-04","12:40:00"
"1905",1905,33097515179,"true",22.7240791844715,-21.3457695501624,NA,44,NA,1038.3,NA,"gps","Panthera leo","GSM05751","pepo","African lions in Central Kalahari Botswana","2010-06-04","12:55:00"
"1906",1906,33097515165,"true",22.7240646933127,-21.345715505388,NA,42,NA,1034.2,NA,"gps","Panthera leo","GSM05751","pepo","African lions in Central Kalahari Botswana","2010-06-04","13:10:00"
"1907",1907,33097515132,"true",22.7240291987479,-21.3457203858358,NA,41,NA,1032.8,NA,"gps","Panthera leo","GSM05751","pepo","African lions in Central Kalahari Botswana","2010-06-04","13:15:00"
"1908",1908,33097515136,"true",22.7240309534339,-21.3457158516992,NA,40,NA,1034.8,NA,"gps","Panthera leo","GSM05751","pepo","African lions in Central Kalahari Botswana","2010-06-04","13:20:00"
"1909",1909,33097515138,"true",22.7240337546927,-21.3456977584412,NA,40,NA,1039,NA,"gps","Panthera leo","GSM05751","pepo","African lions in Central Kalahari Botswana","2010-06-04","13:25:00"
"1910",1910,33097515156,"true",22.7240590163892,-21.3457968539317,NA,39,0.000262305209844,1042,NA,"gps","Panthera leo","GSM05751","pepo","African lions in Central Kalahari Botswana","2010-06-04","13:30:00"
"1911",1911,33097515163,"true",22.7240626313782,-21.3457968168265,NA,39,NA,1041.2,NA,"gps","Panthera leo","GSM05751","pepo","African lions in Central Kalahari Botswana","2010-06-04","13:35:00"
"1912",1912,33097515127,"true",22.7240213974655,-21.3457746594255,NA,38,NA,1028.9,NA,"gps","Panthera leo","GSM05751","pepo","African lions in Central Kalahari Botswana","2010-06-04","13:40:00"
"1913",1913,33097515131,"true",22.7240280993671,-21.3457294293728,NA,37,NA,1038.9,NA,"gps","Panthera leo","GSM05751","pepo","African lions in Central Kalahari Botswana","2010-06-04","13:45:00"
"1914",1914,33097515118,"true",22.7240119903448,-21.345743143095,NA,36,NA,1041,NA,"gps","Panthera leo","GSM05751","pepo","African lions in Central Kalahari Botswana","2010-06-04","13:50:00"
"1915",1915,33097515114,"true",22.7239998131478,-21.3457839132188,NA,35,NA,1043.3,NA,"gps","Panthera leo","GSM05751","pepo","African lions in Central Kalahari Botswana","2010-06-04","13:55:00"
"1916",1916,33097515120,"true",22.7240166207201,-21.3456753536722,NA,35,0.008120244829524,1045.4,NA,"gps","Panthera leo","GSM05751","pepo","African lions in Central Kalahari Botswana","2010-06-04","14:00:00"
"1917",1917,33097515133,"true",22.7240298444789,-21.3456210244261,NA,35,NA,1050.5,NA,"gps","Panthera leo","GSM05751","pepo","African lions in Central Kalahari Botswana","2010-06-04","14:05:00"
"1918",1918,33097515124,"true",22.7240194747874,-21.3456617759987,NA,34,NA,1049.5,NA,"gps","Panthera leo","GSM05751","pepo","African lions in Central Kalahari Botswana","2010-06-04","14:10:00"
"1919",1919,33097515187,"true",22.7240858023338,-21.3456656113285,NA,34,NA,1045.8,NA,"gps","Panthera leo","GSM05751","pepo","African lions in Central Kalahari Botswana","2010-06-04","14:15:00"
"1920",1920,33097515188,"true",22.7240889204402,-21.3456746115758,NA,34,NA,1051.1,NA,"gps","Panthera leo","GSM05751","pepo","African lions in Central Kalahari Botswana","2010-06-04","14:20:00"
"1921",1921,33097515174,"true",22.7240711095539,-21.3456973750245,NA,33,NA,1051.1,NA,"gps","Panthera leo","GSM05751","pepo","African lions in Central Kalahari Botswana","2010-06-04","14:25:00"
"1922",1922,33097515240,"true",22.7242254567375,-21.3454474037516,NA,33,0.018464277826966,1052.3,NA,"gps","Panthera leo","GSM05751","pepo","African lions in Central Kalahari Botswana","2010-06-04","14:30:00"
"1923",1923,33097515308,"true",22.7243967672399,-21.3453598387508,NA,32,NA,1052.9,NA,"gps","Panthera leo","GSM05751","pepo","African lions in Central Kalahari Botswana","2010-06-04","14:35:00"
"1924",1924,33097515310,"true",22.7244014287564,-21.3453462425173,NA,33,NA,1053.7,NA,"gps","Panthera leo","GSM05751","pepo","African lions in Central Kalahari Botswana","2010-06-04","14:40:00"
"1925",1925,33097515307,"true",22.724392708219,-21.345373428799,NA,33,NA,1054.5,NA,"gps","Panthera leo","GSM05751","pepo","African lions in Central Kalahari Botswana","2010-06-04","14:45:00"
"1926",1926,33097515301,"true",22.7243835651393,-21.3453644904103,NA,33,NA,1053.7,NA,"gps","Panthera leo","GSM05751","pepo","African lions in Central Kalahari Botswana","2010-06-04","14:50:00"
"1927",1927,33097515315,"true",22.7244113542832,-21.3453190438647,NA,32,0.013336237335648,1061.2,NA,"gps","Panthera leo","GSM05751","pepo","African lions in Central Kalahari Botswana","2010-06-04","15:00:00"
"1928",1928,33097515326,"true",22.7244609702411,-21.3453365989953,NA,32,NA,1051.4,NA,"gps","Panthera leo","GSM05751","pepo","African lions in Central Kalahari Botswana","2010-06-04","15:05:00"
"1929",1929,33097516409,"true",22.7268275691461,-21.343614223796,NA,32,NA,1061.6,NA,"gps","Panthera leo","GSM05751","pepo","African lions in Central Kalahari Botswana","2010-06-04","15:10:00"
"1930",1930,33097516073,"true",22.7262996294392,-21.3433486827197,NA,33,NA,1062.7,NA,"gps","Panthera leo","GSM05751","pepo","African lions in Central Kalahari Botswana","2010-06-04","15:15:00"
"1931",1931,33097515539,"true",22.7250628637918,-21.345330418597,NA,33,NA,1060.7,NA,"gps","Panthera leo","GSM05751","pepo","African lions in Central Kalahari Botswana","2010-06-04","15:20:00"
"1932",1932,33097515230,"true",22.724153506134,-21.3466629802236,NA,33,NA,1057.2,NA,"gps","Panthera leo","GSM05751","pepo","African lions in Central Kalahari Botswana","2010-06-04","15:25:00"
"1933",1933,33097515110,"true",22.7239987688153,-21.346673600806,NA,33,0.086923212038514,1051.6,NA,"gps","Panthera leo","GSM05751","pepo","African lions in Central Kalahari Botswana","2010-06-04","15:30:00"
"1934",1934,33097515151,"true",22.7240567289398,-21.345137522941,NA,32,NA,1053,NA,"gps","Panthera leo","GSM05751","pepo","African lions in Central Kalahari Botswana","2010-06-04","15:35:00"
"1935",1935,33097515664,"true",22.7254779519738,-21.3442422852657,NA,31,NA,1050.4,NA,"gps","Panthera leo","GSM05751","pepo","African lions in Central Kalahari Botswana","2010-06-04","15:40:00"
"1936",1936,33097515356,"true",22.7245510855225,-21.3445408356481,NA,30,NA,1051.4,NA,"gps","Panthera leo","GSM05751","pepo","African lions in Central Kalahari Botswana","2010-06-04","15:45:00"
"1937",1937,33097515357,"true",22.7245521848677,-21.3445317921092,NA,30,NA,1053.5,NA,"gps","Panthera leo","GSM05751","pepo","African lions in Central Kalahari Botswana","2010-06-04","15:50:00"
"1938",1938,33097515353,"true",22.7245354735275,-21.344545512057,NA,29,NA,1047.4,NA,"gps","Panthera leo","GSM05751","pepo","African lions in Central Kalahari Botswana","2010-06-04","15:55:00"
"1939",1939,33097515362,"true",22.7245597845255,-21.3445633269682,NA,29,0.133779038412034,1052.9,NA,"gps","Panthera leo","GSM05751","pepo","African lions in Central Kalahari Botswana","2010-06-04","16:00:00"
"1940",1940,33097515361,"true",22.7245595204228,-21.3445407490493,NA,29,NA,1051.8,NA,"gps","Panthera leo","GSM05751","pepo","African lions in Central Kalahari Botswana","2010-06-04","16:05:00"
"1941",1941,33097515363,"true",22.7245649956793,-21.3445452089622,NA,29,NA,1053.3,NA,"gps","Panthera leo","GSM05751","pepo","African lions in Central Kalahari Botswana","2010-06-04","16:10:00"
"1942",1942,33097515337,"true",22.7244894083255,-21.3446769526426,NA,28,NA,1048.6,NA,"gps","Panthera leo","GSM05751","pepo","African lions in Central Kalahari Botswana","2010-06-04","16:15:00"
"1943",1943,33097515330,"true",22.724469948587,-21.3447132814318,NA,28,NA,1046.9,NA,"gps","Panthera leo","GSM05751","pepo","African lions in Central Kalahari Botswana","2010-06-04","16:20:00"
"1944",1944,33097515329,"true",22.7244687435998,-21.3447132938025,NA,27,NA,1044.5,NA,"gps","Panthera leo","GSM05751","pepo","African lions in Central Kalahari Botswana","2010-06-04","16:25:00"
"1945",1945,33097515338,"true",22.7244914270811,-21.3446949964218,NA,27,0.00877162923952,1046,NA,"gps","Panthera leo","GSM05751","pepo","African lions in Central Kalahari Botswana","2010-06-04","16:30:00"
"1946",1946,33097515332,"true",22.724473796314,-21.3446816290469,NA,27,NA,1044.6,NA,"gps","Panthera leo","GSM05751","pepo","African lions in Central Kalahari Botswana","2010-06-04","16:35:00"
"1947",1947,33097515345,"true",22.7245112037284,-21.3446857611335,NA,28,NA,1048.8,NA,"gps","Panthera leo","GSM05751","pepo","African lions in Central Kalahari Botswana","2010-06-04","16:40:00"
"1948",1948,33097515340,"true",22.7244983186054,-21.344717506301,NA,28,NA,1050.8,NA,"gps","Panthera leo","GSM05751","pepo","African lions in Central Kalahari Botswana","2010-06-04","16:45:00"
"1949",1949,33097515343,"true",22.724508064142,-21.3447264385008,NA,27,NA,1045.8,NA,"gps","Panthera leo","GSM05751","pepo","African lions in Central Kalahari Botswana","2010-06-04","16:50:00"
"1950",1950,33097515282,"true",22.7243287635566,-21.3448005372184,NA,27,NA,1038.3,NA,"gps","Panthera leo","GSM05751","pepo","African lions in Central Kalahari Botswana","2010-06-04","16:55:00"
"1951",1951,33097515263,"true",22.7242982379006,-21.3447150441738,NA,26,0.011166537266556,1048.4,NA,"gps","Panthera leo","GSM05751","pepo","African lions in Central Kalahari Botswana","2010-06-04","17:00:00"
"1952",1952,33097515275,"true",22.7243182258187,-21.3447238712443,NA,26,NA,1046.2,NA,"gps","Panthera leo","GSM05751","pepo","African lions in Central Kalahari Botswana","2010-06-04","17:05:00"
"1953",1953,33097515265,"true",22.7243043156504,-21.3447194979104,NA,25,NA,1044.2,NA,"gps","Panthera leo","GSM05751","pepo","African lions in Central Kalahari Botswana","2010-06-04","17:10:00"
"1954",1954,33097515260,"true",22.7242888092528,-21.3447332054668,NA,25,NA,1040.6,NA,"gps","Panthera leo","GSM05751","pepo","African lions in Central Kalahari Botswana","2010-06-04","17:15:00"
"1955",1955,33097515274,"true",22.7243180145643,-21.3447058089072,NA,25,NA,1045.4,NA,"gps","Panthera leo","GSM05751","pepo","African lions in Central Kalahari Botswana","2010-06-04","17:20:00"
"1956",1956,33097515264,"true",22.7242988932073,-21.3447195535733,NA,25,NA,1042.6,NA,"gps","Panthera leo","GSM05751","pepo","African lions in Central Kalahari Botswana","2010-06-04","17:25:00"
"1957",1957,33097515281,"true",22.7243220735786,-21.3446922188607,NA,25,0.001778646978472,1043.8,NA,"gps","Panthera leo","GSM05751","pepo","African lions in Central Kalahari Botswana","2010-06-04","17:30:00"
"1958",1958,33097515276,"true",22.7243186698715,-21.3447103183067,NA,25,NA,1031.5,NA,"gps","Panthera leo","GSM05751","pepo","African lions in Central Kalahari Botswana","2010-06-04","17:35:00"
"1959",1959,33097515273,"true",22.7243165455096,-21.3446832433555,NA,25,NA,1041.9,NA,"gps","Panthera leo","GSM05751","pepo","African lions in Central Kalahari Botswana","2010-06-04","17:40:00"
"1960",1960,33097515279,"true",22.7243190611108,-21.3446922497848,NA,24,NA,1039,NA,"gps","Panthera leo","GSM05751","pepo","African lions in Central Kalahari Botswana","2010-06-04","17:45:00"
"1961",1961,33097515269,"true",22.7243100237073,-21.3446923425569,NA,23,NA,1038.6,NA,"gps","Panthera leo","GSM05751","pepo","African lions in Central Kalahari Botswana","2010-06-04","17:50:00"
"1962",1962,33097515271,"true",22.724311672748,-21.3446787772496,NA,23,NA,1040.3,NA,"gps","Panthera leo","GSM05751","pepo","African lions in Central Kalahari Botswana","2010-06-04","17:55:00"
"1963",1963,33097515278,"true",22.7243189554837,-21.3446832186162,NA,22,0.000580017408458,1038.6,NA,"gps","Panthera leo","GSM05751","pepo","African lions in Central Kalahari Botswana","2010-06-04","18:00:00"
"1964",1964,33097515286,"true",22.7243320421695,-21.3445656649888,NA,22,NA,1041.2,NA,"gps","Panthera leo","GSM05751","pepo","African lions in Central Kalahari Botswana","2010-06-04","18:05:00"
"1965",1965,33097515266,"true",22.7243043803019,-21.3445704650732,NA,22,NA,1037.7,NA,"gps","Panthera leo","GSM05751","pepo","African lions in Central Kalahari Botswana","2010-06-04","18:10:00"
"1966",1966,33097515290,"true",22.724340572969,-21.3444707387607,NA,22,NA,1043.3,NA,"gps","Panthera leo","GSM05751","pepo","African lions in Central Kalahari Botswana","2010-06-04","18:15:00"
"1967",1967,33097515309,"true",22.7243972072777,-21.3444701573765,NA,21,NA,1044.6,NA,"gps","Panthera leo","GSM05751","pepo","African lions in Central Kalahari Botswana","2010-06-04","18:20:00"
"1968",1968,33097515311,"true",22.7244022384809,-21.3444881702329,NA,21,NA,1038.7,NA,"gps","Panthera leo","GSM05751","pepo","African lions in Central Kalahari Botswana","2010-06-04","18:25:00"
"1969",1969,33097515314,"true",22.7244111702399,-21.3444790462884,NA,21,0.0138893444448,1038.7,NA,"gps","Panthera leo","GSM05751","pepo","African lions in Central Kalahari Botswana","2010-06-04","18:30:00"
"1970",1970,33097515317,"true",22.7244278815855,-21.3444653263526,NA,21,NA,1044.8,NA,"gps","Panthera leo","GSM05751","pepo","African lions in Central Kalahari Botswana","2010-06-04","18:35:00"
"1971",1971,33097515325,"true",22.7244584502566,-21.344451464155,NA,20,NA,1044.3,NA,"gps","Panthera leo","GSM05751","pepo","African lions in Central Kalahari Botswana","2010-06-04","18:40:00"
"1972",1972,33097515331,"true",22.7244732484819,-21.3444287316028,NA,21,NA,1039.4,NA,"gps","Panthera leo","GSM05751","pepo","African lions in Central Kalahari Botswana","2010-06-04","18:45:00"
"1973",1973,33097515328,"true",22.724468375725,-21.3444242655011,NA,21,NA,1046,NA,"gps","Panthera leo","GSM05751","pepo","African lions in Central Kalahari Botswana","2010-06-04","18:50:00"
"1974",1974,33097515335,"true",22.7244835964892,-21.3444376576204,NA,21,NA,1042.6,NA,"gps","Panthera leo","GSM05751","pepo","African lions in Central Kalahari Botswana","2010-06-04","18:55:00"
"1975",1975,33097515316,"true",22.7244241609976,-21.3444563322951,NA,21,0.001325207726832,1045.3,NA,"gps","Panthera leo","GSM05751","pepo","African lions in Central Kalahari Botswana","2010-06-04","19:00:00"
"1976",1976,33097515320,"true",22.7244318877682,-21.34444722072,NA,21,NA,1042.9,NA,"gps","Panthera leo","GSM05751","pepo","African lions in Central Kalahari Botswana","2010-06-04","19:05:00"
"1977",1977,33097515319,"true",22.724431338092,-21.3444517424893,NA,21,NA,1043.2,NA,"gps","Panthera leo","GSM05751","pepo","African lions in Central Kalahari Botswana","2010-06-04","19:10:00"
"1978",1978,33097515259,"true",22.7242737706602,-21.3444262632345,NA,21,NA,1045.2,NA,"gps","Panthera leo","GSM05751","pepo","African lions in Central Kalahari Botswana","2010-06-04","19:15:00"
"1979",1979,33097515252,"true",22.72425734493,-21.3444128834638,NA,20,NA,1046.2,NA,"gps","Panthera leo","GSM05751","pepo","African lions in Central Kalahari Botswana","2010-06-04","19:20:00"
"1980",1980,33097515245,"true",22.7242411304443,-21.3444175660297,NA,20,NA,1047.9,NA,"gps","Panthera leo","GSM05751","pepo","African lions in Central Kalahari Botswana","2010-06-04","19:25:00"
"1981",1981,33097515246,"true",22.7242414688846,-21.3443949819222,NA,20,0.01114495752707,1041.1,NA,"gps","Panthera leo","GSM05751","pepo","African lions in Central Kalahari Botswana","2010-06-04","19:30:00"
"1982",1982,33097515256,"true",22.7242658854466,-21.3444218280494,NA,20,NA,1046.9,NA,"gps","Panthera leo","GSM05751","pepo","African lions in Central Kalahari Botswana","2010-06-04","19:35:00"
"1983",1983,33097515257,"true",22.7242658854466,-21.3444218280494,NA,21,NA,1046.9,NA,"gps","Panthera leo","GSM05751","pepo","African lions in Central Kalahari Botswana","2010-06-04","19:40:00"
"1984",1984,33097515234,"true",22.7241688313463,-21.34441830815,NA,21,NA,1050.4,NA,"gps","Panthera leo","GSM05751","pepo","African lions in Central Kalahari Botswana","2010-06-04","19:45:00"
"1985",1985,33097515209,"true",22.7241154735463,-21.3444414364603,NA,21,NA,1049,NA,"gps","Panthera leo","GSM05751","pepo","African lions in Central Kalahari Botswana","2010-06-04","19:50:00"
"1986",1986,33097515217,"true",22.724128073084,-21.3444367910105,NA,21,NA,1048.1,NA,"gps","Panthera leo","GSM05751","pepo","African lions in Central Kalahari Botswana","2010-06-04","19:55:00"
"1987",1987,33097515221,"true",22.7241317408467,-21.3444412694909,NA,21,0.006966636684416,1047.3,NA,"gps","Panthera leo","GSM05751","pepo","African lions in Central Kalahari Botswana","2010-06-04","20:00:00"
"1988",1988,33097515222,"true",22.7241317408467,-21.3444412694909,NA,21,NA,1047.3,NA,"gps","Panthera leo","GSM05751","pepo","African lions in Central Kalahari Botswana","2010-06-04","20:05:00"
"1989",1989,33097515182,"true",22.7240813954955,-21.3444643668708,NA,21,NA,1050.7,NA,"gps","Panthera leo","GSM05751","pepo","African lions in Central Kalahari Botswana","2010-06-04","20:10:00"
"1990",1990,33097515225,"true",22.72413781858,-21.3444457232349,NA,21,NA,1057,NA,"gps","Panthera leo","GSM05751","pepo","African lions in Central Kalahari Botswana","2010-06-04","20:15:00"
"1991",1991,33097515208,"true",22.724113877295,-21.3444595173519,NA,21,NA,1061.2,NA,"gps","Panthera leo","GSM05751","pepo","African lions in Central Kalahari Botswana","2010-06-04","20:20:00"
"1992",1992,33097515205,"true",22.7241109176382,-21.3444640638569,NA,20,NA,1056.7,NA,"gps","Panthera leo","GSM05751","pepo","African lions in Central Kalahari Botswana","2010-06-04","20:25:00"
"1993",1993,33097515216,"true",22.7241276290125,-21.3444503439492,NA,20,0.000598352145348,1054.6,NA,"gps","Panthera leo","GSM05751","pepo","African lions in Central Kalahari Botswana","2010-06-04","20:30:00"
"1994",1994,33097515236,"true",22.7241806171534,-21.3443956065417,NA,19,NA,1054.6,NA,"gps","Panthera leo","GSM05751","pepo","African lions in Central Kalahari Botswana","2010-06-04","20:35:00"
"1995",1995,33097515220,"true",22.7241311911612,-21.3444457912599,NA,19,NA,1053.4,NA,"gps","Panthera leo","GSM05751","pepo","African lions in Central Kalahari Botswana","2010-06-04","20:40:00"
"1996",1996,33097515235,"true",22.7241697506885,-21.3444453954744,NA,18,NA,1045.8,NA,"gps","Panthera leo","GSM05751","pepo","African lions in Central Kalahari Botswana","2010-06-04","20:45:00"
"1997",1997,33097515218,"true",22.7241281786981,-21.3444458221802,NA,18,NA,1048.5,NA,"gps","Panthera leo","GSM05751","pepo","African lions in Central Kalahari Botswana","2010-06-04","20:50:00"
"1998",1998,33097515213,"true",22.7241209487866,-21.3444458963889,NA,18,NA,1050.6,NA,"gps","Panthera leo","GSM05751","pepo","African lions in Central Kalahari Botswana","2010-06-04","20:55:00"
"1999",1999,33097515223,"true",22.7241331570607,-21.3444593194621,NA,18,0.000647884129418,1050.4,NA,"gps","Panthera leo","GSM05751","pepo","African lions in Central Kalahari Botswana","2010-06-04","21:00:00"
"2000",2000,33097515215,"true",22.7241229146852,-21.3444594245914,NA,18,NA,1047.6,NA,"gps","Panthera leo","GSM05751","pepo","African lions in Central Kalahari Botswana","2010-06-04","21:05:00"
"2001",2001,33097515150,"true",22.7240547274014,-21.3444510922055,NA,19,NA,1048.9,NA,"gps","Panthera leo","GSM05751","pepo","African lions in Central Kalahari Botswana","2010-06-04","21:10:00"
"2002",2002,33097515197,"true",22.7240976627987,-21.3444641999046,NA,19,NA,1049,NA,"gps","Panthera leo","GSM05751","pepo","African lions in Central Kalahari Botswana","2010-06-04","21:15:00"
"2003",2003,33097515199,"true",22.7241027995785,-21.3444912439422,NA,19,NA,1051.7,NA,"gps","Panthera leo","GSM05751","pepo","African lions in Central Kalahari Botswana","2010-06-04","21:20:00"
"2004",2004,33097515211,"true",22.7241182003574,-21.3444685052335,NA,19,NA,1054.9,NA,"gps","Panthera leo","GSM05751","pepo","African lions in Central Kalahari Botswana","2010-06-04","21:25:00"
"2005",2005,33097515214,"true",22.7241222593856,-21.3444549151905,NA,19,0.0008678062498,1053.4,NA,"gps","Panthera leo","GSM05751","pepo","African lions in Central Kalahari Botswana","2010-06-04","21:30:00"
"2006",2006,33097515140,"true",22.7240358484258,-21.3445370923859,NA,19,NA,1049.4,NA,"gps","Panthera leo","GSM05751","pepo","African lions in Central Kalahari Botswana","2010-06-04","21:35:00"
"2007",2007,33097515146,"true",22.7240465348859,-21.3445234343228,NA,20,NA,1059.6,NA,"gps","Panthera leo","GSM05751","pepo","African lions in Central Kalahari Botswana","2010-06-04","21:40:00"
"2008",2008,33097515160,"true",22.7240615972099,-21.3445232797273,NA,20,NA,1055.8,NA,"gps","Panthera leo","GSM05751","pepo","African lions in Central Kalahari Botswana","2010-06-04","21:45:00"
"2009",2009,33097515168,"true",22.724065264973,-21.3445277582091,NA,20,NA,1055,NA,"gps","Panthera leo","GSM05751","pepo","African lions in Central Kalahari Botswana","2010-06-04","21:50:00"
"2010",2010,33097515226,"true",22.7241392971912,-21.3445721596093,NA,20,NA,1064.9,NA,"gps","Panthera leo","GSM05751","pepo","African lions in Central Kalahari Botswana","2010-06-04","21:55:00"
"2011",2011,33097515194,"true",22.7240924515884,-21.3444823178999,NA,20,0.002396630250636,1048.5,NA,"gps","Panthera leo","GSM05751","pepo","African lions in Central Kalahari Botswana","2010-06-04","22:00:00"
"2012",2012,33097515177,"true",22.7240777805392,-21.3444644039742,NA,20,NA,1051.6,NA,"gps","Panthera leo","GSM05751","pepo","African lions in Central Kalahari Botswana","2010-06-04","22:05:00"
"2013",2013,33097515175,"true",22.7240757618392,-21.344446360186,NA,20,NA,1054.1,NA,"gps","Panthera leo","GSM05751","pepo","African lions in Central Kalahari Botswana","2010-06-04","22:10:00"
"2014",2014,33097515192,"true",22.7240916378716,-21.3444642617441,NA,20,NA,1053.5,NA,"gps","Panthera leo","GSM05751","pepo","African lions in Central Kalahari Botswana","2010-06-04","22:15:00"
"2015",2015,33097515195,"true",22.7240934981558,-21.3444687587772,NA,20,NA,1055.9,NA,"gps","Panthera leo","GSM05751","pepo","African lions in Central Kalahari Botswana","2010-06-04","22:20:00"
"2016",2016,33097515200,"true",22.7241049671404,-21.3444189636637,NA,19,NA,1059,NA,"gps","Panthera leo","GSM05751","pepo","African lions in Central Kalahari Botswana","2010-06-04","22:25:00"
"2017",2017,33097515206,"true",22.7241126411237,-21.3444053365171,NA,21,NA,1056.6,NA,"gps","Panthera leo","GSM05751","pepo","African lions in Central Kalahari Botswana","2010-06-04","22:40:00"
"2018",2018,33097515149,"true",22.7240540192992,-21.3444420672192,NA,21,NA,1054.3,NA,"gps","Panthera leo","GSM05751","pepo","African lions in Central Kalahari Botswana","2010-06-04","22:45:00"
"2019",2019,33097515186,"true",22.7240846408116,-21.3444327206726,NA,21,NA,1054.1,NA,"gps","Panthera leo","GSM05751","pepo","African lions in Central Kalahari Botswana","2010-06-04","22:50:00"
"2020",2020,33097515196,"true",22.7240969546937,-21.3444551749187,NA,21,NA,1054.4,NA,"gps","Panthera leo","GSM05751","pepo","African lions in Central Kalahari Botswana","2010-06-04","22:55:00"
"2021",2021,33097515193,"true",22.7240920819463,-21.3444507088054,NA,21,0.000833334,1052.8,NA,"gps","Panthera leo","GSM05751","pepo","African lions in Central Kalahari Botswana","2010-06-04","23:00:00"
"2022",2022,33097515204,"true",22.7241108336463,-21.3444053550691,NA,21,NA,1054.1,NA,"gps","Panthera leo","GSM05751","pepo","African lions in Central Kalahari Botswana","2010-06-04","23:05:00"
"2023",2023,33097515203,"true",22.7241092902009,-21.3444279515457,NA,21,NA,1052.8,NA,"gps","Panthera leo","GSM05751","pepo","African lions in Central Kalahari Botswana","2010-06-04","23:10:00"
"2024",2024,33097515202,"true",22.7241089708793,-21.3446582772933,NA,21,NA,1054.4,NA,"gps","Panthera leo","GSM05751","pepo","African lions in Central Kalahari Botswana","2010-06-04","23:15:00"
"2025",2025,33097515103,"true",22.723963683291,-21.3448584780664,NA,21,NA,1051.8,NA,"gps","Panthera leo","GSM05751","pepo","African lions in Central Kalahari Botswana","2010-06-04","23:20:00"
"2026",2026,33097515085,"true",22.7238778961992,-21.3448909713945,NA,21,NA,1053.8,NA,"gps","Panthera leo","GSM05751","pepo","African lions in Central Kalahari Botswana","2010-06-04","23:25:00"
"2027",2027,33097514811,"true",22.7228880629739,-21.3459895139433,NA,21,0.117344540542224,1050.5,NA,"gps","Panthera leo","GSM05751","pepo","African lions in Central Kalahari Botswana","2010-06-04","23:30:00"
"2028",2028,33097515574,"true",22.725193729349,-21.3476052010563,NA,21,NA,1046.3,NA,"gps","Panthera leo","GSM05751","pepo","African lions in Central Kalahari Botswana","2010-06-04","23:35:00"
"2029",2029,33097516410,"true",22.7268358070678,-21.3493586451817,NA,20,NA,1044,NA,"gps","Panthera leo","GSM05751","pepo","African lions in Central Kalahari Botswana","2010-06-04","23:40:00"
"2030",2030,33097516834,"true",22.7282960495252,-21.351172651635,NA,20,NA,1042.9,NA,"gps","Panthera leo","GSM05751","pepo","African lions in Central Kalahari Botswana","2010-06-04","23:45:00"
"2031",2031,33097516832,"true",22.7282893488282,-21.3512178817583,NA,20,NA,1041.1,NA,"gps","Panthera leo","GSM05751","pepo","African lions in Central Kalahari Botswana","2010-06-04","23:50:00"
"2032",2032,33097517336,"true",22.7294607100103,-21.3522896898875,NA,20,NA,1045.5,NA,"gps","Panthera leo","GSM05751","pepo","African lions in Central Kalahari Botswana","2010-06-04","23:55:00"
"2033",2033,33097519256,"true",22.7333300345651,-21.3557271969571,NA,19,0.84899340280529,1040.8,NA,"gps","Panthera leo","GSM05751","pepo","African lions in Central Kalahari Botswana","2010-06-05","00:00:00"
"2034",2034,33097521106,"true",22.7364481623721,-21.3578943187704,NA,19,NA,1053.2,NA,"gps","Panthera leo","GSM05751","pepo","African lions in Central Kalahari Botswana","2010-06-05","00:05:00"
"2035",2035,33097522077,"true",22.7385961402198,-21.3598049773584,NA,18,NA,1042.8,NA,"gps","Panthera leo","GSM05751","pepo","African lions in Central Kalahari Botswana","2010-06-05","00:10:00"
"2036",2036,33097522579,"true",22.7409190565672,-21.3624905578832,NA,18,NA,1041.9,NA,"gps","Panthera leo","GSM05751","pepo","African lions in Central Kalahari Botswana","2010-06-05","00:15:00"
"2037",2037,33097522957,"true",22.7435099119797,-21.3656068614016,NA,18,NA,1043.9,NA,"gps","Panthera leo","GSM05751","pepo","African lions in Central Kalahari Botswana","2010-06-05","00:20:00"
"2038",2038,33097523596,"true",22.7455007855857,-21.3686345213296,NA,17,NA,1043.3,NA,"gps","Panthera leo","GSM05751","pepo","African lions in Central Kalahari Botswana","2010-06-05","00:25:00"
"2039",2039,33097524274,"true",22.7477930829774,-21.3717132054413,NA,17,1.28876780656898,1050.8,NA,"gps","Panthera leo","GSM05751","pepo","African lions in Central Kalahari Botswana","2010-06-05","00:30:00"
"2040",2040,33097525048,"true",22.7497044156291,-21.3747777606455,NA,16,NA,1042.4,NA,"gps","Panthera leo","GSM05751","pepo","African lions in Central Kalahari Botswana","2010-06-05","00:35:00"
"2041",2041,33097525653,"true",22.7514040312058,-21.3778715952007,NA,16,NA,1041.7,NA,"gps","Panthera leo","GSM05751","pepo","African lions in Central Kalahari Botswana","2010-06-05","00:40:00"
"2042",2042,33097526257,"true",22.7537545967323,-21.3805566738579,NA,16,NA,1042,NA,"gps","Panthera leo","GSM05751","pepo","African lions in Central Kalahari Botswana","2010-06-05","00:45:00"
"2043",2043,33097526662,"true",22.7564316252715,-21.3828634631872,NA,16,NA,1044.7,NA,"gps","Panthera leo","GSM05751","pepo","African lions in Central Kalahari Botswana","2010-06-05","00:50:00"
"2044",2044,33097526932,"true",22.7590645280199,-21.3851526029068,NA,16,NA,1044.6,NA,"gps","Panthera leo","GSM05751","pepo","African lions in Central Kalahari Botswana","2010-06-05","00:55:00"
"2045",2045,33097527690,"true",22.7619368982404,-21.387299182927,NA,16,1.2582847010714,1041.3,NA,"gps","Panthera leo","GSM05751","pepo","African lions in Central Kalahari Botswana","2010-06-05","01:00:00"
"2046",2046,33097528153,"true",22.7646530578797,-21.3893299353734,NA,16,NA,1038.3,NA,"gps","Panthera leo","GSM05751","pepo","African lions in Central Kalahari Botswana","2010-06-05","01:05:00"
"2047",2047,33097528749,"true",22.7676056952633,-21.3914213705873,NA,16,NA,1044.7,NA,"gps","Panthera leo","GSM05751","pepo","African lions in Central Kalahari Botswana","2010-06-05","01:10:00"
"2048",2048,33097529177,"true",22.7702460787019,-21.393353468781,NA,16,NA,1041.1,NA,"gps","Panthera leo","GSM05751","pepo","African lions in Central Kalahari Botswana","2010-06-05","01:15:00"
"2049",2049,33097529848,"true",22.7737541048496,-21.3947524858254,NA,15,NA,1042.3,NA,"gps","Panthera leo","GSM05751","pepo","African lions in Central Kalahari Botswana","2010-06-05","01:20:00"
"2050",2050,33097530211,"true",22.776976799472,-21.3960280016688,NA,15,NA,1044.4,NA,"gps","Panthera leo","GSM05751","pepo","African lions in Central Kalahari Botswana","2010-06-05","01:25:00"
"2051",2051,33097530577,"true",22.7798656623533,-21.3970586166386,NA,15,1.19477794304381,1041.3,NA,"gps","Panthera leo","GSM05751","pepo","African lions in Central Kalahari Botswana","2010-06-05","01:30:00"
"2052",2052,33097530858,"true",22.7824870228598,-21.3979475120016,NA,15,NA,1047.6,NA,"gps","Panthera leo","GSM05751","pepo","African lions in Central Kalahari Botswana","2010-06-05","01:35:00"
"2053",2053,33097531270,"true",22.7857632986486,-21.4011415755232,NA,15,NA,1041.3,NA,"gps","Panthera leo","GSM05751","pepo","African lions in Central Kalahari Botswana","2010-06-05","01:40:00"
"2054",2054,33097531646,"true",22.787958574998,-21.4032677813058,NA,16,NA,1039.6,NA,"gps","Panthera leo","GSM05751","pepo","African lions in Central Kalahari Botswana","2010-06-05","01:45:00"
"2055",2055,33097531874,"true",22.7898797190619,-21.4063407218047,NA,15,NA,1037.9,NA,"gps","Panthera leo","GSM05751","pepo","African lions in Central Kalahari Botswana","2010-06-05","01:50:00"
"2056",2056,33097532183,"true",22.7913204939893,-21.4091162002394,NA,16,NA,1037.2,NA,"gps","Panthera leo","GSM05751","pepo","African lions in Central Kalahari Botswana","2010-06-05","01:55:00"
"2057",2057,33097532461,"true",22.7933146992776,-21.4118405798136,NA,16,1.19437170771882,1034.5,NA,"gps","Panthera leo","GSM05751","pepo","African lions in Central Kalahari Botswana","2010-06-05","02:00:00"
"2058",2058,33097532602,"true",22.7952632814522,-21.4139331841676,NA,16,NA,1035.8,NA,"gps","Panthera leo","GSM05751","pepo","African lions in Central Kalahari Botswana","2010-06-05","02:05:00"
"2059",2059,33097534098,"true",22.7975650334678,-21.416604531632,NA,16,NA,1032.4,NA,"gps","Panthera leo","GSM05751","pepo","African lions in Central Kalahari Botswana","2010-06-05","02:10:00"
"2060",2060,33097534042,"true",22.7975559116003,-21.4190116360171,NA,16,NA,1034.1,NA,"gps","Panthera leo","GSM05751","pepo","African lions in Central Kalahari Botswana","2010-06-05","02:15:00"
"2061",2061,33097534188,"true",22.7975827791506,-21.4202216246233,NA,16,NA,1029.6,NA,"gps","Panthera leo","GSM05751","pepo","African lions in Central Kalahari Botswana","2010-06-05","02:20:00"
"2062",2062,33097534003,"true",22.797550113356,-21.4201632677386,NA,16,NA,1030.1,NA,"gps","Panthera leo","GSM05751","pepo","African lions in Central Kalahari Botswana","2010-06-05","02:25:00"
"2063",2063,33097533992,"true",22.7975480286717,-21.4201407103189,NA,17,0.565822961269118,1032.7,NA,"gps","Panthera leo","GSM05751","pepo","African lions in Central Kalahari Botswana","2010-06-05","02:30:00"
"2064",2064,33097534036,"true",22.7975548198581,-21.420104509767,NA,17,NA,1034.9,NA,"gps","Panthera leo","GSM05751","pepo","African lions in Central Kalahari Botswana","2010-06-05","02:35:00"
"2065",2065,33097534077,"true",22.797560276027,-21.4204025044698,NA,17,NA,1035.3,NA,"gps","Panthera leo","GSM05751","pepo","African lions in Central Kalahari Botswana","2010-06-05","02:40:00"
"2066",2066,33097534078,"true",22.797560276027,-21.4204025044698,NA,18,NA,1035.3,NA,"gps","Panthera leo","GSM05751","pepo","African lions in Central Kalahari Botswana","2010-06-05","02:45:00"
"2067",2067,33097534116,"true",22.7975688254854,-21.4204114446315,NA,19,NA,1036.1,NA,"gps","Panthera leo","GSM05751","pepo","African lions in Central Kalahari Botswana","2010-06-05","02:50:00"
"2068",2068,33097534137,"true",22.7975727466634,-21.4212242750192,NA,19,NA,1034.2,NA,"gps","Panthera leo","GSM05751","pepo","African lions in Central Kalahari Botswana","2010-06-05","02:55:00"
"2069",2069,33097534074,"true",22.7975600852101,-21.4217166503183,NA,19,0.0972230777784,1034.1,NA,"gps","Panthera leo","GSM05751","pepo","African lions in Central Kalahari Botswana","2010-06-05","03:00:00"
