"","X","event.id","visible","lon","lat","ground.speed","heading","height.above.ellipsoid","study.specific.measurement","sensor.type","individual.taxon.canonical.name","tag.local.identifier","id","study.name","date","hour"
"1",1,5476821415,"true",14.9434176425099,11.29720997464,0.0277778,206,318,1,"gps","Bos taurus","misde_cattle5middle","misde_cattle5middle","Daily cattle herd movements in the Logone Floodplain, Cameroon","2011-03-21","05:14:29"
"2",2,5476821416,"true",14.9434084811512,11.2972009290672,0,180,318,1,"gps","Bos taurus","misde_cattle5middle","misde_cattle5middle","Daily cattle herd movements in the Logone Floodplain, Cameroon","2011-03-21","05:15:29"
"3",3,5476821417,"true",14.9434084829242,11.2971918852441,0,90,317,1,"gps","Bos taurus","misde_cattle5middle","misde_cattle5middle","Daily cattle herd movements in the Logone Floodplain, Cameroon","2011-03-21","05:16:29"
"4",4,5476821418,"true",14.9434176460553,11.2971918869939,0,0,317,0,"gps","Bos taurus","misde_cattle5middle","misde_cattle5middle","Daily cattle herd movements in the Logone Floodplain, Cameroon","2011-03-21","05:17:29"
"5",5,5476821419,"true",14.9434176460553,11.2971918869939,0,0,317,0,"gps","Bos taurus","misde_cattle5middle","misde_cattle5middle","Daily cattle herd movements in the Logone Floodplain, Cameroon","2011-03-21","05:18:29"
"6",6,5476821420,"true",14.9434176460553,11.2971918869939,0,0,317,1,"gps","Bos taurus","misde_cattle5middle","misde_cattle5middle","Daily cattle herd movements in the Logone Floodplain, Cameroon","2011-03-21","05:19:29"
"7",7,5476821421,"true",14.9434176442826,11.2972009308169,0,180,317,1,"gps","Bos taurus","misde_cattle5middle","misde_cattle5middle","Daily cattle herd movements in the Logone Floodplain, Cameroon","2011-03-21","05:20:29"
"8",8,5476821422,"true",14.9434176460553,11.2971918869939,0,0,315,0,"gps","Bos taurus","misde_cattle5middle","misde_cattle5middle","Daily cattle herd movements in the Logone Floodplain, Cameroon","2011-03-21","05:21:29"
"9",9,5476821423,"true",14.9434176460553,11.2971918869939,0,90,315,1,"gps","Bos taurus","misde_cattle5middle","misde_cattle5middle","Daily cattle herd movements in the Logone Floodplain, Cameroon","2011-03-21","05:22:29"
"10",10,5476821424,"true",14.9434268091865,11.2971918887433,0,0,315,0,"gps","Bos taurus","misde_cattle5middle","misde_cattle5middle","Daily cattle herd movements in the Logone Floodplain, Cameroon","2011-03-21","05:23:29"
"11",11,5476821425,"true",14.9434268091865,11.2971918887433,0,0,314,1,"gps","Bos taurus","misde_cattle5middle","misde_cattle5middle","Daily cattle herd movements in the Logone Floodplain, Cameroon","2011-03-21","05:24:29"
"12",12,5476821426,"true",14.943426807414,11.2972009325664,0.2222224,270,314,1,"gps","Bos taurus","misde_cattle5middle","misde_cattle5middle","Daily cattle herd movements in the Logone Floodplain, Cameroon","2011-03-21","05:25:29"
"13",13,5476821430,"true",14.9433901566619,11.2971918817438,0.3888892,270,314,1,"gps","Bos taurus","misde_cattle5middle","misde_cattle5middle","Daily cattle herd movements in the Logone Floodplain, Cameroon","2011-03-21","05:26:04"
"14",14,5476821439,"true",14.943271039512,11.2971737713178,0.277778,224,317,1,"gps","Bos taurus","misde_cattle5middle","misde_cattle5middle","Daily cattle herd movements in the Logone Floodplain, Cameroon","2011-03-21","05:27:02"
"15",15,5476821450,"true",14.943206934963,11.2969838387472,0.138889,90,316,1,"gps","Bos taurus","misde_cattle5middle","misde_cattle5middle","Daily cattle herd movements in the Logone Floodplain, Cameroon","2011-03-21","05:28:02"
"16",16,5476821460,"true",14.9432710821663,11.2969567195634,0.833334,213,311,2,"gps","Bos taurus","misde_cattle5middle","misde_cattle5middle","Daily cattle herd movements in the Logone Floodplain, Cameroon","2011-03-21","05:29:00"
"17",17,5476821466,"true",14.9431977914134,11.2968843549361,0.555556,0,314,2,"gps","Bos taurus","misde_cattle5middle","misde_cattle5middle","Daily cattle herd movements in the Logone Floodplain, Cameroon","2011-03-21","05:30:06"
"18",18,5476821468,"true",14.9431977878544,11.2969024425825,0,0,314,0,"gps","Bos taurus","misde_cattle5middle","misde_cattle5middle","Daily cattle herd movements in the Logone Floodplain, Cameroon","2011-03-21","05:31:09"
"19",19,5476821471,"true",14.9431886176132,11.2969386161187,0.555556,0,315,2,"gps","Bos taurus","misde_cattle5middle","misde_cattle5middle","Daily cattle herd movements in the Logone Floodplain, Cameroon","2011-03-21","05:32:02"
"20",20,5476821489,"true",14.9428770356382,11.29711943269,0.833334,334,317,3,"gps","Bos taurus","misde_cattle5middle","misde_cattle5middle","Daily cattle herd movements in the Logone Floodplain, Cameroon","2011-03-21","05:33:01"
"21",21,5476821496,"true",14.9428953672628,11.297092304753,0.833334,154,315,3,"gps","Bos taurus","misde_cattle5middle","misde_cattle5middle","Daily cattle herd movements in the Logone Floodplain, Cameroon","2011-03-21","05:34:02"
"22",22,5476821511,"true",14.9430053765791,11.296830055051,0.555556,162,312,2,"gps","Bos taurus","misde_cattle5middle","misde_cattle5middle","Daily cattle herd movements in the Logone Floodplain, Cameroon","2011-03-21","05:35:00"
"23",23,5476821522,"true",14.9430786851023,11.2968119814939,0.555556,63,313,1,"gps","Bos taurus","misde_cattle5middle","misde_cattle5middle","Daily cattle herd movements in the Logone Floodplain, Cameroon","2011-03-21","05:36:05"
"24",24,5476821524,"true",14.9430878428724,11.2968391147234,0.0277778,90,313,1,"gps","Bos taurus","misde_cattle5middle","misde_cattle5middle","Daily cattle herd movements in the Logone Floodplain, Cameroon","2011-03-21","05:37:08"
"25",25,5476821525,"true",14.9430970059923,11.296839116483,0.0555556,270,313,1,"gps","Bos taurus","misde_cattle5middle","misde_cattle5middle","Daily cattle herd movements in the Logone Floodplain, Cameroon","2011-03-21","05:38:08"
"26",26,5476821527,"true",14.9430970059923,11.296839116483,0.0277778,224,313,2,"gps","Bos taurus","misde_cattle5middle","misde_cattle5middle","Daily cattle herd movements in the Logone Floodplain, Cameroon","2011-03-21","05:39:31"
"27",27,5476821528,"true",14.9430878446554,11.2968300709002,0.0277778,0,314,1,"gps","Bos taurus","misde_cattle5middle","misde_cattle5middle","Daily cattle herd movements in the Logone Floodplain, Cameroon","2011-03-21","05:40:31"
"28",28,5476821530,"true",14.9430878393065,11.2968572023698,0.555556,334,315,1,"gps","Bos taurus","misde_cattle5middle","misde_cattle5middle","Daily cattle herd movements in the Logone Floodplain, Cameroon","2011-03-21","05:41:02"
"29",29,5476821550,"true",14.9428128829873,11.2971736832567,0.833334,316,315,3,"gps","Bos taurus","misde_cattle5middle","misde_cattle5middle","Daily cattle herd movements in the Logone Floodplain, Cameroon","2011-03-21","05:42:02"
"30",30,5476821556,"true",14.9427578898577,11.2972460232253,0.0277778,270,313,1,"gps","Bos taurus","misde_cattle5middle","misde_cattle5middle","Daily cattle herd movements in the Logone Floodplain, Cameroon","2011-03-21","05:43:24"
"31",31,5476821561,"true",14.9427029164465,11.2972188811313,0.833334,256,316,2,"gps","Bos taurus","misde_cattle5middle","misde_cattle5middle","Daily cattle herd movements in the Logone Floodplain, Cameroon","2011-03-21","05:44:05"
"32",32,5476821580,"true",14.942336411045,11.2971193279844,0,0,314,0,"gps","Bos taurus","misde_cattle5middle","misde_cattle5middle","Daily cattle herd movements in the Logone Floodplain, Cameroon","2011-03-21","05:45:08"
"33",33,5476821587,"true",14.9422905972097,11.2971102752428,0.1111112,316,316,1,"gps","Bos taurus","misde_cattle5middle","misde_cattle5middle","Daily cattle herd movements in the Logone Floodplain, Cameroon","2011-03-21","05:46:02"
"34",34,5476821597,"true",14.9421714729178,11.2971283396668,0.555556,289,315,2,"gps","Bos taurus","misde_cattle5middle","misde_cattle5middle","Daily cattle herd movements in the Logone Floodplain, Cameroon","2011-03-21","05:47:02"
"35",35,5476821605,"true",14.9420798307411,11.2971825847085,0.0833334,0,314,1,"gps","Bos taurus","misde_cattle5middle","misde_cattle5middle","Daily cattle herd movements in the Logone Floodplain, Cameroon","2011-03-21","05:48:12"
"36",36,5476821611,"true",14.9420340096399,11.2972097072185,0.138889,270,315,1,"gps","Bos taurus","misde_cattle5middle","misde_cattle5middle","Daily cattle herd movements in the Logone Floodplain, Cameroon","2011-03-21","05:49:03"
"37",37,5476821623,"true",14.9418598973917,11.2972729798713,0.138889,270,318,1,"gps","Bos taurus","misde_cattle5middle","misde_cattle5middle","Daily cattle herd movements in the Logone Floodplain, Cameroon","2011-03-21","05:50:29"
"38",38,5476821631,"true",14.941731615349,11.2972639108517,0.1944446,270,317,1,"gps","Bos taurus","misde_cattle5middle","misde_cattle5middle","Daily cattle herd movements in the Logone Floodplain, Cameroon","2011-03-21","05:51:09"
"39",39,5476821642,"true",14.9415483600115,11.2972276994691,0.1111112,270,316,1,"gps","Bos taurus","misde_cattle5middle","misde_cattle5middle","Daily cattle herd movements in the Logone Floodplain, Cameroon","2011-03-21","05:52:13"
"40",40,5476821649,"true",14.941502542519,11.2972367342512,0.138889,304,315,2,"gps","Bos taurus","misde_cattle5middle","misde_cattle5middle","Daily cattle herd movements in the Logone Floodplain, Cameroon","2011-03-21","05:53:14"
"41",41,5476821657,"true",14.9414200706583,11.2972548056056,0.833334,270,315,2,"gps","Bos taurus","misde_cattle5middle","misde_cattle5middle","Daily cattle herd movements in the Logone Floodplain, Cameroon","2011-03-21","05:54:02"
"42",42,5476821665,"true",14.9412917849599,11.2972638240411,0.833334,236,315,2,"gps","Bos taurus","misde_cattle5middle","misde_cattle5middle","Daily cattle herd movements in the Logone Floodplain, Cameroon","2011-03-21","05:55:01"
"43",43,5476821675,"true",14.9411451988015,11.2971462252644,0.833334,194,318,2,"gps","Bos taurus","misde_cattle5middle","misde_cattle5middle","Daily cattle herd movements in the Logone Floodplain, Cameroon","2011-03-21","05:56:01"
"44",44,5476821687,"true",14.9410627731059,11.2969382009506,0.833334,243,315,3,"gps","Bos taurus","misde_cattle5middle","misde_cattle5middle","Daily cattle herd movements in the Logone Floodplain, Cameroon","2011-03-21","05:57:01"
"45",45,5476821697,"true",14.9409620120485,11.2967753920758,0.0833334,243,315,1,"gps","Bos taurus","misde_cattle5middle","misde_cattle5middle","Daily cattle herd movements in the Logone Floodplain, Cameroon","2011-03-21","05:58:06"
"46",46,5476821706,"true",14.9408887237751,11.2966939830567,0.555556,198,313,2,"gps","Bos taurus","misde_cattle5middle","misde_cattle5middle","Daily cattle herd movements in the Logone Floodplain, Cameroon","2011-03-21","05:59:07"
"47",47,5476821715,"true",14.9408154355429,11.2966125740192,0.1666668,224,316,2,"gps","Bos taurus","misde_cattle5middle","misde_cattle5middle","Daily cattle herd movements in the Logone Floodplain, Cameroon","2011-03-21","06:00:00"
"48",48,5476821724,"true",14.9407421380701,11.2965763840784,1.111112,233,316,3,"gps","Bos taurus","misde_cattle5middle","misde_cattle5middle","Daily cattle herd movements in the Logone Floodplain, Cameroon","2011-03-21","06:01:00"
"49",49,5476821730,"true",14.9406688406157,11.2965401941194,0.555556,251,317,2,"gps","Bos taurus","misde_cattle5middle","misde_cattle5middle","Daily cattle herd movements in the Logone Floodplain, Cameroon","2011-03-21","06:02:09"
"50",50,5476821737,"true",14.9405680538532,11.2965039986308,0.833334,270,316,2,"gps","Bos taurus","misde_cattle5middle","misde_cattle5middle","Daily cattle herd movements in the Logone Floodplain, Cameroon","2011-03-21","06:03:06"
"51",51,5476821746,"true",14.9404214534443,11.2964587500778,0.833334,243,318,3,"gps","Bos taurus","misde_cattle5middle","misde_cattle5middle","Daily cattle herd movements in the Logone Floodplain, Cameroon","2011-03-21","06:04:02"
"52",52,5476821758,"true",14.940219896919,11.2963049644908,0.833334,224,317,3,"gps","Bos taurus","misde_cattle5middle","misde_cattle5middle","Daily cattle herd movements in the Logone Floodplain, Cameroon","2011-03-21","06:05:02"
"53",53,5476821761,"true",14.9401740907775,11.2962597361301,0.1666668,224,316,1,"gps","Bos taurus","misde_cattle5middle","misde_cattle5middle","Daily cattle herd movements in the Logone Floodplain, Cameroon","2011-03-21","06:06:12"
"54",54,5476821771,"true",14.940036676196,11.296105963359,0.555556,251,315,2,"gps","Bos taurus","misde_cattle5middle","misde_cattle5middle","Daily cattle herd movements in the Logone Floodplain, Cameroon","2011-03-21","06:07:12"
"55",55,5476821783,"true",14.9399083966155,11.2960878497293,0.833334,0,315,2,"gps","Bos taurus","misde_cattle5middle","misde_cattle5middle","Daily cattle herd movements in the Logone Floodplain, Cameroon","2011-03-21","06:08:00"
"56",56,5476821794,"true",14.9397984092951,11.296232528583,0.833334,284,316,2,"gps","Bos taurus","misde_cattle5middle","misde_cattle5middle","Daily cattle herd movements in the Logone Floodplain, Cameroon","2011-03-21","06:09:01"
"57",57,5476821803,"true",14.9396334678206,11.2962596265016,0.3611114,270,316,2,"gps","Bos taurus","misde_cattle5middle","misde_cattle5middle","Daily cattle herd movements in the Logone Floodplain, Cameroon","2011-03-21","06:10:15"
"58",58,5476821805,"true",14.9395968135247,11.2962686628565,1.111112,307,316,3,"gps","Bos taurus","misde_cattle5middle","misde_cattle5middle","Daily cattle herd movements in the Logone Floodplain, Cameroon","2011-03-21","06:11:07"
"59",59,5476821812,"true",14.939550984763,11.2963319602756,0.1111112,44,316,1,"gps","Bos taurus","misde_cattle5middle","misde_cattle5middle","Daily cattle herd movements in the Logone Floodplain, Cameroon","2011-03-21","06:12:00"
"60",60,5476821822,"true",14.9396059293267,11.296494760297,0.2222224,44,315,1,"gps","Bos taurus","misde_cattle5middle","misde_cattle5middle","Daily cattle herd movements in the Logone Floodplain, Cameroon","2011-03-21","06:13:01"
"61",61,5476821827,"true",14.9396150810848,11.2965490251012,0.555556,44,316,2,"gps","Bos taurus","misde_cattle5middle","misde_cattle5middle","Daily cattle herd movements in the Logone Floodplain, Cameroon","2011-03-21","06:14:13"
"62",62,5476821840,"true",14.9396608663907,11.2966937355977,0.1944446,26,316,4,"gps","Bos taurus","misde_cattle5middle","misde_cattle5middle","Daily cattle herd movements in the Logone Floodplain, Cameroon","2011-03-21","06:15:02"
"63",63,5476821847,"true",14.9396883368404,11.2967841794207,0.0555556,26,315,1,"gps","Bos taurus","misde_cattle5middle","misde_cattle5middle","Daily cattle herd movements in the Logone Floodplain, Cameroon","2011-03-21","06:16:09"
"64",64,5476821851,"true",14.9396700049351,11.2968113071584,0.555556,0,315,2,"gps","Bos taurus","misde_cattle5middle","misde_cattle5middle","Daily cattle herd movements in the Logone Floodplain, Cameroon","2011-03-21","06:17:02"
"65",65,5476821856,"true",14.9396791510458,11.2968927034275,0.138889,0,317,1,"gps","Bos taurus","misde_cattle5middle","misde_cattle5middle","Daily cattle herd movements in the Logone Floodplain, Cameroon","2011-03-21","06:18:01"
"66",66,5476821860,"true",14.9396791397072,11.2969469663632,0.138889,18,316,2,"gps","Bos taurus","misde_cattle5middle","misde_cattle5middle","Daily cattle herd movements in the Logone Floodplain, Cameroon","2011-03-21","06:19:13"
"67",67,5476821870,"true",14.93967911514,11.2970645360564,0.555556,334,315,1,"gps","Bos taurus","misde_cattle5middle","misde_cattle5middle","Daily cattle herd movements in the Logone Floodplain, Cameroon","2011-03-21","06:20:02"
"68",68,5476821883,"true",14.9396240890928,11.2972906204212,0.3888892,0,315,1,"gps","Bos taurus","misde_cattle5middle","misde_cattle5middle","Daily cattle herd movements in the Logone Floodplain, Cameroon","2011-03-21","06:21:00"
"69",69,5476821891,"true",14.9396332352049,11.2973720166891,0.1111112,346,316,2,"gps","Bos taurus","misde_cattle5middle","misde_cattle5middle","Daily cattle herd movements in the Logone Floodplain, Cameroon","2011-03-21","06:22:05"
"70",70,5476821899,"true",14.9395782260993,11.2975167066404,0.138889,0,317,1,"gps","Bos taurus","misde_cattle5middle","misde_cattle5middle","Daily cattle herd movements in the Logone Floodplain, Cameroon","2011-03-21","06:23:09"
"71",71,5476821907,"true",14.9395598865624,11.2975800096585,0.0833334,316,316,1,"gps","Bos taurus","misde_cattle5middle","misde_cattle5middle","Daily cattle herd movements in the Logone Floodplain, Cameroon","2011-03-21","06:24:03"
"72",72,5476821914,"true",14.9395598638389,11.2976885355243,0.0833334,0,316,1,"gps","Bos taurus","misde_cattle5middle","misde_cattle5middle","Daily cattle herd movements in the Logone Floodplain, Cameroon","2011-03-21","06:25:02"
"73",73,5476821920,"true",14.9395415242868,11.2977518385405,0.138889,0,316,1,"gps","Bos taurus","misde_cattle5middle","misde_cattle5middle","Daily cattle herd movements in the Logone Floodplain, Cameroon","2011-03-21","06:26:01"
"74",74,5476821929,"true",14.9395598297532,11.2978513243215,0.1111112,0,316,1,"gps","Bos taurus","misde_cattle5middle","misde_cattle5middle","Daily cattle herd movements in the Logone Floodplain, Cameroon","2011-03-21","06:27:00"
"75",75,5476821941,"true",14.9395689758641,11.2979327205884,0.0833334,0,315,1,"gps","Bos taurus","misde_cattle5middle","misde_cattle5middle","Daily cattle herd movements in the Logone Floodplain, Cameroon","2011-03-21","06:28:08"
"76",76,5476821946,"true",14.9395781276595,11.2979869853887,0.3888892,0,316,1,"gps","Bos taurus","misde_cattle5middle","misde_cattle5middle","Daily cattle herd movements in the Logone Floodplain, Cameroon","2011-03-21","06:29:04"
"77",77,5476821960,"true",14.9394773158799,11.2980683592156,0.833334,256,316,2,"gps","Bos taurus","misde_cattle5middle","misde_cattle5middle","Daily cattle herd movements in the Logone Floodplain, Cameroon","2011-03-21","06:30:03"
"78",78,5476821973,"true",14.9392757454236,11.2979778797533,0.1111112,270,315,1,"gps","Bos taurus","misde_cattle5middle","misde_cattle5middle","Daily cattle herd movements in the Logone Floodplain, Cameroon","2011-03-21","06:31:05"
"79",79,5476821980,"true",14.9392024497048,11.2979326456123,0.1666668,224,315,1,"gps","Bos taurus","misde_cattle5middle","misde_cattle5middle","Daily cattle herd movements in the Logone Floodplain, Cameroon","2011-03-21","06:32:16"
"80",80,5476821984,"true",14.9391658028071,11.297905506624,0.0833334,270,314,1,"gps","Bos taurus","misde_cattle5middle","misde_cattle5middle","Daily cattle herd movements in the Logone Floodplain, Cameroon","2011-03-21","06:33:01"
"81",81,5476821991,"true",14.9391291673592,11.2978241046995,0.833334,180,314,2,"gps","Bos taurus","misde_cattle5middle","misde_cattle5middle","Daily cattle herd movements in the Logone Floodplain, Cameroon","2011-03-21","06:34:01"
"82",82,5476821998,"true",14.9390650424882,11.2977426971185,0.1111112,180,313,1,"gps","Bos taurus","misde_cattle5middle","misde_cattle5middle","Daily cattle herd movements in the Logone Floodplain, Cameroon","2011-03-21","06:35:04"
"83",83,5476822008,"true",14.9390009233868,11.2976341580573,0.2222224,224,311,1,"gps","Bos taurus","misde_cattle5middle","misde_cattle5middle","Daily cattle herd movements in the Logone Floodplain, Cameroon","2011-03-21","06:36:10"
"84",84,5476822017,"true",14.9388818120835,11.2975889144018,0.1111112,270,313,1,"gps","Bos taurus","misde_cattle5middle","misde_cattle5middle","Daily cattle herd movements in the Logone Floodplain, Cameroon","2011-03-21","06:37:23"
"85",85,5476822021,"true",14.9388176700827,11.2975889011654,0.138889,270,317,1,"gps","Bos taurus","misde_cattle5middle","misde_cattle5middle","Daily cattle herd movements in the Logone Floodplain, Cameroon","2011-03-21","06:38:18"
"86",86,5476822026,"true",14.9387626873877,11.2976069774529,0.1944446,270,318,1,"gps","Bos taurus","misde_cattle5middle","misde_cattle5middle","Daily cattle herd movements in the Logone Floodplain, Cameroon","2011-03-21","06:39:06"
"87",87,5476822035,"true",14.9386985377005,11.2976431394787,0.2222224,316,317,1,"gps","Bos taurus","misde_cattle5middle","misde_cattle5middle","Daily cattle herd movements in the Logone Floodplain, Cameroon","2011-03-21","06:40:00"
"88",88,5476822042,"true",14.9386527104449,11.297697392929,0.0555556,307,316,3,"gps","Bos taurus","misde_cattle5middle","misde_cattle5middle","Daily cattle herd movements in the Logone Floodplain, Cameroon","2011-03-21","06:41:10"
"89",89,5476822043,"true",14.9386252171599,11.2977154748805,0.833334,327,316,2,"gps","Bos taurus","misde_cattle5middle","misde_cattle5middle","Daily cattle herd movements in the Logone Floodplain, Cameroon","2011-03-21","06:42:04"
"90",90,5476822058,"true",14.9384052630367,11.2978963056867,0.0833334,270,317,1,"gps","Bos taurus","misde_cattle5middle","misde_cattle5middle","Daily cattle herd movements in the Logone Floodplain, Cameroon","2011-03-21","06:43:50"
"91",91,5476822059,"true",14.9383960998841,11.2978963037819,0.555556,297,316,1,"gps","Bos taurus","misde_cattle5middle","misde_cattle5middle","Daily cattle herd movements in the Logone Floodplain, Cameroon","2011-03-21","06:44:03"
"92",92,5476822073,"true",14.9382219883703,11.2979505304662,0.555556,297,317,1,"gps","Bos taurus","misde_cattle5middle","misde_cattle5middle","Daily cattle herd movements in the Logone Floodplain, Cameroon","2011-03-21","06:45:03"
"93",93,5476822081,"true",14.9381303413191,11.2980228619217,0.1111112,297,316,1,"gps","Bos taurus","misde_cattle5middle","misde_cattle5middle","Daily cattle herd movements in the Logone Floodplain, Cameroon","2011-03-21","06:46:05"
"94",94,5476822091,"true",14.9380112066875,11.2980861437771,0.0277778,270,316,1,"gps","Bos taurus","misde_cattle5middle","misde_cattle5middle","Daily cattle herd movements in the Logone Floodplain, Cameroon","2011-03-21","06:47:21"
"95",95,5476822096,"true",14.93795621996,11.2981223075568,0.0833334,316,315,2,"gps","Bos taurus","misde_cattle5middle","misde_cattle5middle","Daily cattle herd movements in the Logone Floodplain, Cameroon","2011-03-21","06:48:01"
"96",96,5476822101,"true",14.9379287227015,11.2981584770859,0.138889,316,317,1,"gps","Bos taurus","misde_cattle5middle","misde_cattle5middle","Daily cattle herd movements in the Logone Floodplain, Cameroon","2011-03-21","06:49:04"
"97",97,5476822112,"true",14.937772945067,11.2981765320565,0.138889,270,317,1,"gps","Bos taurus","misde_cattle5middle","misde_cattle5middle","Daily cattle herd movements in the Logone Floodplain, Cameroon","2011-03-21","06:50:00"
"98",98,5476822123,"true",14.9376721424797,11.2982126861579,0.0555556,0,316,1,"gps","Bos taurus","misde_cattle5middle","misde_cattle5middle","Daily cattle herd movements in the Logone Floodplain, Cameroon","2011-03-21","06:51:01"
"99",99,5476822131,"true",14.9376079866575,11.298275979409,0.0833334,270,315,1,"gps","Bos taurus","misde_cattle5middle","misde_cattle5middle","Daily cattle herd movements in the Logone Floodplain, Cameroon","2011-03-21","06:52:01"
"100",100,5476822138,"true",14.9375346695978,11.2983302268929,0.555556,334,315,1,"gps","Bos taurus","misde_cattle5middle","misde_cattle5middle","Daily cattle herd movements in the Logone Floodplain, Cameroon","2011-03-21","06:53:15"
"101",101,5476822144,"true",14.9374613525106,11.2983844743582,0.833334,304,315,2,"gps","Bos taurus","misde_cattle5middle","misde_cattle5middle","Daily cattle herd movements in the Logone Floodplain, Cameroon","2011-03-21","06:54:07"
"102",102,5476822150,"true",14.9373697188684,11.2983934988255,0.833334,297,316,3,"gps","Bos taurus","misde_cattle5middle","misde_cattle5middle","Daily cattle herd movements in the Logone Floodplain, Cameroon","2011-03-21","06:55:02"
"103",103,5476822164,"true",14.9372230845726,11.2985019936552,0.2222224,270,315,1,"gps","Bos taurus","misde_cattle5middle","misde_cattle5middle","Daily cattle herd movements in the Logone Floodplain, Cameroon","2011-03-21","06:56:02"
"104",104,5476822174,"true",14.9370947903141,11.2985471855541,0.1944446,270,315,1,"gps","Bos taurus","misde_cattle5middle","misde_cattle5middle","Daily cattle herd movements in the Logone Floodplain, Cameroon","2011-03-21","06:57:04"
"105",105,5476822187,"true",14.9369298472701,11.2985742819553,0.3888892,270,314,1,"gps","Bos taurus","misde_cattle5middle","misde_cattle5middle","Daily cattle herd movements in the Logone Floodplain, Cameroon","2011-03-21","06:58:07"
"106",106,5476822199,"true",14.9368015588749,11.2985923422634,0.138889,270,315,2,"gps","Bos taurus","misde_cattle5middle","misde_cattle5middle","Daily cattle herd movements in the Logone Floodplain, Cameroon","2011-03-21","06:59:02"
"107",107,5476822210,"true",14.936664111258,11.2985923129151,0.1111112,224,314,1,"gps","Bos taurus","misde_cattle5middle","misde_cattle5middle","Daily cattle herd movements in the Logone Floodplain, Cameroon","2011-03-21","07:00:10"
"108",108,5476822216,"true",14.9365816387138,11.2986103829176,0.3888892,270,315,1,"gps","Bos taurus","misde_cattle5middle","misde_cattle5middle","Daily cattle herd movements in the Logone Floodplain, Cameroon","2011-03-21","07:01:08"
"109",109,5476822228,"true",14.9364441930803,11.2986013096463,0.277778,316,315,1,"gps","Bos taurus","misde_cattle5middle","misde_cattle5middle","Daily cattle herd movements in the Logone Floodplain, Cameroon","2011-03-21","07:02:00"
"110",110,5476822239,"true",14.9363067354814,11.2986464992372,0.555556,289,315,2,"gps","Bos taurus","misde_cattle5middle","misde_cattle5middle","Daily cattle herd movements in the Logone Floodplain, Cameroon","2011-03-21","07:03:05"
"111",111,5476822250,"true",14.9361784330182,11.2987278660214,0.1666668,270,315,1,"gps","Bos taurus","misde_cattle5middle","misde_cattle5middle","Daily cattle herd movements in the Logone Floodplain, Cameroon","2011-03-21","07:04:07"
"112",112,5476822258,"true",14.9361875961969,11.298727867995,0.138889,90,315,1,"gps","Bos taurus","misde_cattle5middle","misde_cattle5middle","Daily cattle herd movements in the Logone Floodplain, Cameroon","2011-03-21","07:05:03"
"113",113,5476822262,"true",14.9361784270189,11.2987549974841,0.2222224,270,315,1,"gps","Bos taurus","misde_cattle5middle","misde_cattle5middle","Daily cattle herd movements in the Logone Floodplain, Cameroon","2011-03-21","07:06:01"
"114",114,5476822270,"true",14.9361600986595,11.298764037357,0.138889,270,315,1,"gps","Bos taurus","misde_cattle5middle","misde_cattle5middle","Daily cattle herd movements in the Logone Floodplain, Cameroon","2011-03-21","07:07:11"
"115",115,5476822280,"true",14.9360776220296,11.2988001948603,0.0555556,297,314,3,"gps","Bos taurus","misde_cattle5middle","misde_cattle5middle","Daily cattle herd movements in the Logone Floodplain, Cameroon","2011-03-21","07:08:14"
"116",116,5476822281,"true",14.9360592936641,11.2988092347268,0.0833334,297,314,1,"gps","Bos taurus","misde_cattle5middle","misde_cattle5middle","Daily cattle herd movements in the Logone Floodplain, Cameroon","2011-03-21","07:09:14"
"117",117,5476822283,"true",14.9360409632935,11.2988273184131,0.0833334,297,316,1,"gps","Bos taurus","misde_cattle5middle","misde_cattle5middle","Daily cattle herd movements in the Logone Floodplain, Cameroon","2011-03-21","07:10:07"
"118",118,5476822289,"true",14.9359584866307,11.2988634758829,0.1944446,270,314,1,"gps","Bos taurus","misde_cattle5middle","misde_cattle5middle","Daily cattle herd movements in the Logone Floodplain, Cameroon","2011-03-21","07:11:06"
"119",119,5476822299,"true",14.935857685589,11.298890585542,1.111112,258,314,3,"gps","Bos taurus","misde_cattle5middle","misde_cattle5middle","Daily cattle herd movements in the Logone Floodplain, Cameroon","2011-03-21","07:12:00"
"120",120,5476822311,"true",14.935701919524,11.2988543764958,0.0833334,270,314,2,"gps","Bos taurus","misde_cattle5middle","misde_cattle5middle","Daily cattle herd movements in the Logone Floodplain, Cameroon","2011-03-21","07:13:03"
"121",121,5476822319,"true",14.9356011265334,11.2988453107847,0.0555556,270,315,1,"gps","Bos taurus","misde_cattle5middle","misde_cattle5middle","Daily cattle herd movements in the Logone Floodplain, Cameroon","2011-03-21","07:14:07"
"122",122,5476822323,"true",14.935527819055,11.2988543386636,0.1944446,270,314,1,"gps","Bos taurus","misde_cattle5middle","misde_cattle5middle","Daily cattle herd movements in the Logone Floodplain, Cameroon","2011-03-21","07:15:04"
"123",123,5476822331,"true",14.9353628716423,11.2988995218315,0.0833334,304,315,2,"gps","Bos taurus","misde_cattle5middle","misde_cattle5middle","Daily cattle herd movements in the Logone Floodplain, Cameroon","2011-03-21","07:16:03"
"124",124,5476822337,"true",14.9352895600877,11.2989266372925,0.833334,304,315,2,"gps","Bos taurus","misde_cattle5middle","misde_cattle5middle","Daily cattle herd movements in the Logone Floodplain, Cameroon","2011-03-21","07:17:12"
"125",125,5476822343,"true",14.9351429410018,11.2989627805187,0.555556,289,314,2,"gps","Bos taurus","misde_cattle5middle","misde_cattle5middle","Daily cattle herd movements in the Logone Floodplain, Cameroon","2011-03-21","07:18:05"
"126",126,5476822352,"true",14.9350329746279,11.2989989317111,0.0833334,297,314,3,"gps","Bos taurus","misde_cattle5middle","misde_cattle5middle","Daily cattle herd movements in the Logone Floodplain, Cameroon","2011-03-21","07:19:06"
"127",127,5476822356,"true",14.9349779893932,11.2990260511124,0.1944446,270,315,1,"gps","Bos taurus","misde_cattle5middle","misde_cattle5middle","Daily cattle herd movements in the Logone Floodplain, Cameroon","2011-03-21","07:20:04"
"128",128,5476822366,"true",14.9348680290975,11.2990350707817,0.2500002,270,314,2,"gps","Bos taurus","misde_cattle5middle","misde_cattle5middle","Daily cattle herd movements in the Logone Floodplain, Cameroon","2011-03-21","07:21:05"
"129",129,5476822376,"true",14.9347305792298,11.2990440843558,0.0833334,270,314,1,"gps","Bos taurus","misde_cattle5middle","misde_cattle5middle","Daily cattle herd movements in the Logone Floodplain, Cameroon","2011-03-21","07:22:03"
"130",130,5476822383,"true",14.9346297800603,11.2990621497755,0.833334,270,315,2,"gps","Bos taurus","misde_cattle5middle","misde_cattle5middle","Daily cattle herd movements in the Logone Floodplain, Cameroon","2011-03-21","07:23:00"
"131",131,5476822392,"true",14.9344740037943,11.2990711591865,1.111112,258,314,3,"gps","Bos taurus","misde_cattle5middle","misde_cattle5middle","Daily cattle herd movements in the Logone Floodplain, Cameroon","2011-03-21","07:24:09"
"132",132,5476822401,"true",14.9343365580133,11.2990620849369,0.833334,284,313,2,"gps","Bos taurus","misde_cattle5middle","misde_cattle5middle","Daily cattle herd movements in the Logone Floodplain, Cameroon","2011-03-21","07:25:02"
"133",133,5476822412,"true",14.9341991039938,11.2990891859049,1.111112,270,315,3,"gps","Bos taurus","misde_cattle5middle","misde_cattle5middle","Daily cattle herd movements in the Logone Floodplain, Cameroon","2011-03-21","07:26:07"
"134",134,5476822424,"true",14.9339883464925,11.2991072266656,0.2500002,270,313,2,"gps","Bos taurus","misde_cattle5middle","misde_cattle5middle","Daily cattle herd movements in the Logone Floodplain, Cameroon","2011-03-21","07:27:01"
"135",135,5476822428,"true",14.9339242041603,11.2991072123681,0.2222224,297,315,1,"gps","Bos taurus","misde_cattle5middle","misde_cattle5middle","Daily cattle herd movements in the Logone Floodplain, Cameroon","2011-03-21","07:28:00"
"136",136,5476822437,"true",14.933805076464,11.2991343172393,0.833334,256,314,2,"gps","Bos taurus","misde_cattle5middle","misde_cattle5middle","Daily cattle herd movements in the Logone Floodplain, Cameroon","2011-03-21","07:29:01"
"137",137,5476822446,"true",14.9336676223616,11.2991614179602,0.138889,316,315,1,"gps","Bos taurus","misde_cattle5middle","misde_cattle5middle","Daily cattle herd movements in the Logone Floodplain, Cameroon","2011-03-21","07:30:12"
"138",138,5476822453,"true",14.9335759862791,11.2991794850719,0.1111112,282,315,3,"gps","Bos taurus","misde_cattle5middle","misde_cattle5middle","Daily cattle herd movements in the Logone Floodplain, Cameroon","2011-03-21","07:31:10"
"139",139,5476822458,"true",14.9335301703165,11.2991794747969,0.0555556,270,315,1,"gps","Bos taurus","misde_cattle5middle","misde_cattle5middle","Daily cattle herd movements in the Logone Floodplain, Cameroon","2011-03-21","07:32:06"
"140",140,5476822461,"true",14.9334843522697,11.299188508335,0.1666668,270,316,1,"gps","Bos taurus","misde_cattle5middle","misde_cattle5middle","Daily cattle herd movements in the Logone Floodplain, Cameroon","2011-03-21","07:33:10"
"141",141,5476822472,"true",14.9333102495171,11.2991975130187,1.111112,270,316,4,"gps","Bos taurus","misde_cattle5middle","misde_cattle5middle","Daily cattle herd movements in the Logone Floodplain, Cameroon","2011-03-21","07:34:02"
"142",142,5476822481,"true",14.9331361467543,11.2992065176001,0.1111112,316,316,1,"gps","Bos taurus","misde_cattle5middle","misde_cattle5middle","Daily cattle herd movements in the Logone Floodplain, Cameroon","2011-03-21","07:35:04"
"143",143,5476822488,"true",14.9330078515522,11.2992517077219,0.1666668,316,316,1,"gps","Bos taurus","misde_cattle5middle","misde_cattle5middle","Daily cattle herd movements in the Logone Floodplain, Cameroon","2011-03-21","07:36:02"
"144",144,5476822496,"true",14.9328978890104,11.2992697704791,1.111112,270,316,3,"gps","Bos taurus","misde_cattle5middle","misde_cattle5middle","Daily cattle herd movements in the Logone Floodplain, Cameroon","2011-03-21","07:37:00"
"145",145,5476822507,"true",14.9327237861925,11.2992787748178,1.111112,292,315,3,"gps","Bos taurus","misde_cattle5middle","misde_cattle5middle","Daily cattle herd movements in the Logone Floodplain, Cameroon","2011-03-21","07:38:01"
"146",146,5476822516,"true",14.9325863276978,11.2993239626755,0.833334,284,312,2,"gps","Bos taurus","misde_cattle5middle","misde_cattle5middle","Daily cattle herd movements in the Logone Floodplain, Cameroon","2011-03-21","07:39:01"
"147",147,5476822523,"true",14.9324488776273,11.2993329751898,0.833334,256,315,2,"gps","Bos taurus","misde_cattle5middle","misde_cattle5middle","Daily cattle herd movements in the Logone Floodplain, Cameroon","2011-03-21","07:40:14"
"148",148,5476822534,"true",14.9322197976981,11.299332922872,0.3055558,289,313,2,"gps","Bos taurus","misde_cattle5middle","misde_cattle5middle","Daily cattle herd movements in the Logone Floodplain, Cameroon","2011-03-21","07:41:02"
"149",149,5476822542,"true",14.9321098329504,11.2993600291559,1.111112,292,314,3,"gps","Bos taurus","misde_cattle5middle","misde_cattle5middle","Daily cattle herd movements in the Logone Floodplain, Cameroon","2011-03-21","07:42:02"
"150",150,5476822551,"true",14.9319357172592,11.2994232959493,0.2222224,284,315,2,"gps","Bos taurus","misde_cattle5middle","misde_cattle5middle","Daily cattle herd movements in the Logone Floodplain, Cameroon","2011-03-21","07:43:02"
"151",151,5476822561,"true",14.9317799278961,11.29948656686,0.138889,270,314,1,"gps","Bos taurus","misde_cattle5middle","misde_cattle5middle","Daily cattle herd movements in the Logone Floodplain, Cameroon","2011-03-21","07:44:07"
"152",152,5476822571,"true",14.9316149709753,11.2995679232123,0.1944446,301,314,3,"gps","Bos taurus","misde_cattle5middle","misde_cattle5middle","Daily cattle herd movements in the Logone Floodplain, Cameroon","2011-03-21","07:45:00"
"153",153,5476822584,"true",14.9313675494,11.2996311727404,1.111112,270,313,3,"gps","Bos taurus","misde_cattle5middle","misde_cattle5middle","Daily cattle herd movements in the Logone Floodplain, Cameroon","2011-03-21","07:46:00"
"154",154,5476822594,"true",14.9311567848656,11.2996763429412,0.833334,284,315,2,"gps","Bos taurus","misde_cattle5middle","misde_cattle5middle","Daily cattle herd movements in the Logone Floodplain, Cameroon","2011-03-21","07:47:02"
"155",155,5476822604,"true",14.9309643401946,11.2997486487204,1.111112,270,315,3,"gps","Bos taurus","misde_cattle5middle","misde_cattle5middle","Daily cattle herd movements in the Logone Floodplain, Cameroon","2011-03-21","07:48:02"
"156",156,5476822613,"true",14.9307810694857,11.2997757374184,0.1111112,270,313,2,"gps","Bos taurus","misde_cattle5middle","misde_cattle5middle","Daily cattle herd movements in the Logone Floodplain, Cameroon","2011-03-21","07:49:00"
"157",157,5476822618,"true",14.9306894352045,11.2997847598152,0.555556,270,315,2,"gps","Bos taurus","misde_cattle5middle","misde_cattle5middle","Daily cattle herd movements in the Logone Floodplain, Cameroon","2011-03-21","07:50:00"
"158",158,5476822626,"true",14.9305886290059,11.2998299553137,0.3333336,243,315,1,"gps","Bos taurus","misde_cattle5middle","misde_cattle5middle","Daily cattle herd movements in the Logone Floodplain, Cameroon","2011-03-21","07:51:05"
"159",159,5476822636,"true",14.9304511829963,11.2998208792608,0,0,312,0,"gps","Bos taurus","misde_cattle5middle","misde_cattle5middle","Daily cattle herd movements in the Logone Floodplain, Cameroon","2011-03-21","07:52:09"
"160",160,5476822642,"true",14.9304053625731,11.2998389561403,0.0277778,297,312,1,"gps","Bos taurus","misde_cattle5middle","misde_cattle5middle","Daily cattle herd movements in the Logone Floodplain, Cameroon","2011-03-21","07:53:04"
"161",161,5476822647,"true",14.9303778729346,11.2998389496817,0.0555556,270,313,1,"gps","Bos taurus","misde_cattle5middle","misde_cattle5middle","Daily cattle herd movements in the Logone Floodplain, Cameroon","2011-03-21","07:54:00"
"162",162,5476822655,"true",14.9302679056397,11.299875099098,0.1111112,327,314,2,"gps","Bos taurus","misde_cattle5middle","misde_cattle5middle","Daily cattle herd movements in the Logone Floodplain, Cameroon","2011-03-21","07:55:00"
"163",163,5476822658,"true",14.930231241852,11.2999203095643,0.3888892,297,314,3,"gps","Bos taurus","misde_cattle5middle","misde_cattle5middle","Daily cattle herd movements in the Logone Floodplain, Cameroon","2011-03-21","07:56:01"
"164",164,5476822666,"true",14.9301579273742,11.2999564675685,0,0,315,0,"gps","Bos taurus","misde_cattle5middle","misde_cattle5middle","Daily cattle herd movements in the Logone Floodplain, Cameroon","2011-03-21","07:57:22"
"165",165,5476822671,"true",14.9301212701284,11.2999745465637,0.0833334,0,314,1,"gps","Bos taurus","misde_cattle5middle","misde_cattle5middle","Daily cattle herd movements in the Logone Floodplain, Cameroon","2011-03-21","07:58:00"
"166",166,5476822677,"true",14.9300571254169,11.2999835752468,0.0833334,270,315,2,"gps","Bos taurus","misde_cattle5middle","misde_cattle5middle","Daily cattle herd movements in the Logone Floodplain, Cameroon","2011-03-21","07:59:09"
"167",167,5476822682,"true",14.9299838174838,11.2999926017507,0.555556,289,316,2,"gps","Bos taurus","misde_cattle5middle","misde_cattle5middle","Daily cattle herd movements in the Logone Floodplain, Cameroon","2011-03-21","08:00:14"
"168",168,5476822693,"true",14.9298097053507,11.3000377796491,0.833334,297,316,3,"gps","Bos taurus","misde_cattle5middle","misde_cattle5middle","Daily cattle herd movements in the Logone Floodplain, Cameroon","2011-03-21","08:01:18"
"169",169,5476822700,"true",14.929699733504,11.3000920164909,0.277778,316,316,1,"gps","Bos taurus","misde_cattle5middle","misde_cattle5middle","Daily cattle herd movements in the Logone Floodplain, Cameroon","2011-03-21","08:02:07"
"170",170,5476822709,"true",14.9295347778649,11.3001643278575,1.111112,292,316,3,"gps","Bos taurus","misde_cattle5middle","misde_cattle5middle","Daily cattle herd movements in the Logone Floodplain, Cameroon","2011-03-21","08:03:00"
"171",171,5476822726,"true",14.9292323671114,11.300263737787,0.1666668,270,317,1,"gps","Bos taurus","misde_cattle5middle","misde_cattle5middle","Daily cattle herd movements in the Logone Floodplain, Cameroon","2011-03-21","08:04:01"
"172",172,5476822737,"true",14.9290490936956,11.3002998692283,0.833334,297,317,3,"gps","Bos taurus","misde_cattle5middle","misde_cattle5middle","Daily cattle herd movements in the Logone Floodplain, Cameroon","2011-03-21","08:05:02"
"173",173,5476822755,"true",14.9286458669769,11.3004806487656,0.3055558,289,315,2,"gps","Bos taurus","misde_cattle5middle","misde_cattle5middle","Daily cattle herd movements in the Logone Floodplain, Cameroon","2011-03-21","08:06:05"
"174",174,5476822767,"true",14.9285175458737,11.3006253189334,0.555556,316,318,2,"gps","Bos taurus","misde_cattle5middle","misde_cattle5middle","Daily cattle herd movements in the Logone Floodplain, Cameroon","2011-03-21","08:07:09"
"175",175,5476822779,"true",14.9283159231988,11.300751883678,0.833334,297,316,3,"gps","Bos taurus","misde_cattle5middle","misde_cattle5middle","Daily cattle herd movements in the Logone Floodplain, Cameroon","2011-03-21","08:08:00"
"176",176,5476822795,"true",14.9281051506211,11.300824183151,0.2500002,316,314,2,"gps","Bos taurus","misde_cattle5middle","misde_cattle5middle","Daily cattle herd movements in the Logone Floodplain, Cameroon","2011-03-21","08:09:02"
"177",177,5476822803,"true",14.928013500136,11.3008965114434,0.833334,284,317,2,"gps","Bos taurus","misde_cattle5middle","misde_cattle5middle","Daily cattle herd movements in the Logone Floodplain, Cameroon","2011-03-21","08:10:15"
"178",178,5476822813,"true",14.9278577068674,11.3009688240934,1.111112,307,317,3,"gps","Bos taurus","misde_cattle5middle","misde_cattle5middle","Daily cattle herd movements in the Logone Floodplain, Cameroon","2011-03-21","08:11:01"
"179",179,5476822828,"true",14.9276377458211,11.3011406029958,1.111112,307,316,3,"gps","Bos taurus","misde_cattle5middle","misde_cattle5middle","Daily cattle herd movements in the Logone Floodplain, Cameroon","2011-03-21","08:12:00"
"180",180,5476822848,"true",14.9272986348033,11.3014208783318,0.833334,316,317,3,"gps","Bos taurus","misde_cattle5middle","misde_cattle5middle","Daily cattle herd movements in the Logone Floodplain, Cameroon","2011-03-21","08:13:01"
"181",181,5476822861,"true",14.9271611539061,11.3015474580122,0.833334,304,316,2,"gps","Bos taurus","misde_cattle5middle","misde_cattle5middle","Daily cattle herd movements in the Logone Floodplain, Cameroon","2011-03-21","08:14:03"
"182",182,5476822873,"true",14.9269503667248,11.3016740195586,1.111112,307,316,3,"gps","Bos taurus","misde_cattle5middle","misde_cattle5middle","Daily cattle herd movements in the Logone Floodplain, Cameroon","2011-03-21","08:15:01"
"183",183,5476822886,"true",14.9267853957312,11.3018005922804,0.833334,304,316,2,"gps","Bos taurus","misde_cattle5middle","misde_cattle5middle","Daily cattle herd movements in the Logone Floodplain, Cameroon","2011-03-21","08:16:05"
"184",184,5476822900,"true",14.9265471229704,11.3019090591054,0.1666668,316,316,1,"gps","Bos taurus","misde_cattle5middle","misde_cattle5middle","Daily cattle herd movements in the Logone Floodplain, Cameroon","2011-03-21","08:17:03"
"185",185,5476822908,"true",14.9264463130822,11.3019632969966,0.555556,289,317,2,"gps","Bos taurus","misde_cattle5middle","misde_cattle5middle","Daily cattle herd movements in the Logone Floodplain, Cameroon","2011-03-21","08:18:04"
"186",186,5476822920,"true",14.9262447186216,11.3019722906877,0.1111112,270,314,1,"gps","Bos taurus","misde_cattle5middle","misde_cattle5middle","Daily cattle herd movements in the Logone Floodplain, Cameroon","2011-03-21","08:19:10"
"187",187,5476822929,"true",14.9261439202294,11.3019813093903,0.1944446,270,315,1,"gps","Bos taurus","misde_cattle5middle","misde_cattle5middle","Daily cattle herd movements in the Logone Floodplain, Cameroon","2011-03-21","08:20:12"
"188",188,5476822937,"true",14.9260614530267,11.3019722449996,0.0555556,251,316,2,"gps","Bos taurus","misde_cattle5middle","misde_cattle5middle","Daily cattle herd movements in the Logone Floodplain, Cameroon","2011-03-21","08:21:03"
"189",189,5476822941,"true",14.9259789881493,11.301954136769,0.277778,224,315,1,"gps","Bos taurus","misde_cattle5middle","misde_cattle5middle","Daily cattle herd movements in the Logone Floodplain, Cameroon","2011-03-21","08:22:16"
"190",190,5476822945,"true",14.9259606592704,11.3019631760058,0.0555556,270,316,1,"gps","Bos taurus","misde_cattle5middle","misde_cattle5middle","Daily cattle herd movements in the Logone Floodplain, Cameroon","2011-03-21","08:23:00"
"191",191,5476822956,"true",14.9257773936825,11.301963130142,0.3888892,270,317,1,"gps","Bos taurus","misde_cattle5middle","misde_cattle5middle","Daily cattle herd movements in the Logone Floodplain, Cameroon","2011-03-21","08:24:00"
"192",192,5476822966,"true",14.9256032820475,11.3019992617339,0.555556,289,317,2,"gps","Bos taurus","misde_cattle5middle","misde_cattle5middle","Daily cattle herd movements in the Logone Floodplain, Cameroon","2011-03-21","08:25:36"
"193",193,5476822970,"true",14.9255482906968,11.3020444670046,0.555556,297,318,1,"gps","Bos taurus","misde_cattle5middle","misde_cattle5middle","Daily cattle herd movements in the Logone Floodplain, Cameroon","2011-03-21","08:26:01"
"194",194,5476822981,"true",14.9254016641576,11.3020986930191,0.1111112,270,317,1,"gps","Bos taurus","misde_cattle5middle","misde_cattle5middle","Daily cattle herd movements in the Logone Floodplain, Cameroon","2011-03-21","08:27:02"
"195",195,5476822987,"true",14.9253375118117,11.3021348521254,0.1111112,243,319,1,"gps","Bos taurus","misde_cattle5middle","misde_cattle5middle","Daily cattle herd movements in the Logone Floodplain, Cameroon","2011-03-21","08:28:13"
"196",196,5476822996,"true",14.9251817406616,11.3021167251867,0.555556,270,318,2,"gps","Bos taurus","misde_cattle5middle","misde_cattle5middle","Daily cattle herd movements in the Logone Floodplain, Cameroon","2011-03-21","08:29:00"
"197",197,5476823009,"true",14.924961826547,11.3020985819241,0.3888892,270,318,1,"gps","Bos taurus","misde_cattle5middle","misde_cattle5middle","Daily cattle herd movements in the Logone Floodplain, Cameroon","2011-03-21","08:30:06"
"198",198,5476823019,"true",14.9247968921584,11.3020804524617,0.555556,270,317,2,"gps","Bos taurus","misde_cattle5middle","misde_cattle5middle","Daily cattle herd movements in the Logone Floodplain, Cameroon","2011-03-21","08:31:06"
"199",199,5476823029,"true",14.9246502631003,11.3021437219197,1.111112,316,317,3,"gps","Bos taurus","misde_cattle5middle","misde_cattle5middle","Daily cattle herd movements in the Logone Floodplain, Cameroon","2011-03-21","08:32:01"
"200",200,5476823036,"true",14.9245586184287,11.302188917679,0.555556,243,317,1,"gps","Bos taurus","misde_cattle5middle","misde_cattle5middle","Daily cattle herd movements in the Logone Floodplain, Cameroon","2011-03-21","08:33:03"
"201",201,5476823045,"true",14.9244853074046,11.3022069866328,0,0,319,0,"gps","Bos taurus","misde_cattle5middle","misde_cattle5middle","Daily cattle herd movements in the Logone Floodplain, Cameroon","2011-03-21","08:34:00"
"202",202,5476823052,"true",14.9244119821562,11.3022793184673,0.1944446,342,317,2,"gps","Bos taurus","misde_cattle5middle","misde_cattle5middle","Daily cattle herd movements in the Logone Floodplain, Cameroon","2011-03-21","08:35:06"
"203",203,5476823057,"true",14.9243478201625,11.3023516526235,0.555556,18,316,2,"gps","Bos taurus","misde_cattle5middle","misde_cattle5middle","Daily cattle herd movements in the Logone Floodplain, Cameroon","2011-03-21","08:36:09"
"204",204,5476823063,"true",14.9243111337831,11.302478256689,0.833334,14,318,2,"gps","Bos taurus","misde_cattle5middle","misde_cattle5middle","Daily cattle herd movements in the Logone Floodplain, Cameroon","2011-03-21","08:37:13"
"205",205,5476823075,"true",14.9242469337282,11.3026952918815,0.555556,334,317,1,"gps","Bos taurus","misde_cattle5middle","misde_cattle5middle","Daily cattle herd movements in the Logone Floodplain, Cameroon","2011-03-21","08:38:10"
"206",206,5476823087,"true",14.9241919206473,11.302821891241,0.138889,0,316,1,"gps","Bos taurus","misde_cattle5middle","misde_cattle5middle","Daily cattle herd movements in the Logone Floodplain, Cameroon","2011-03-21","08:39:01"
"207",207,5476823094,"true",14.924146080339,11.3029123176718,0.2222224,270,317,2,"gps","Bos taurus","misde_cattle5middle","misde_cattle5middle","Daily cattle herd movements in the Logone Floodplain, Cameroon","2011-03-21","08:40:01"
"208",208,5476823102,"true",14.9240360991987,11.3029936838349,0.555556,334,317,1,"gps","Bos taurus","misde_cattle5middle","misde_cattle5middle","Daily cattle herd movements in the Logone Floodplain, Cameroon","2011-03-21","08:41:02"
"209",209,5476823110,"true",14.9239536127069,11.3030569693839,1.111112,307,317,3,"gps","Bos taurus","misde_cattle5middle","misde_cattle5middle","Daily cattle herd movements in the Logone Floodplain, Cameroon","2011-03-21","08:42:08"
"210",210,5476823119,"true",14.9238711118609,11.3031745178044,0.0555556,270,317,1,"gps","Bos taurus","misde_cattle5middle","misde_cattle5middle","Daily cattle herd movements in the Logone Floodplain, Cameroon","2011-03-21","08:43:12"
"211",211,5476823127,"true",14.9238069519201,11.3032378080212,0.1111112,316,317,2,"gps","Bos taurus","misde_cattle5middle","misde_cattle5middle","Daily cattle herd movements in the Logone Floodplain, Cameroon","2011-03-21","08:44:00"
"212",212,5476823139,"true",14.923751926591,11.3034096263707,0.833334,346,317,2,"gps","Bos taurus","misde_cattle5middle","misde_cattle5middle","Daily cattle herd movements in the Logone Floodplain, Cameroon","2011-03-21","08:45:01"
"213",213,5476823146,"true",14.9237152445957,11.3035181427197,0.2222224,316,317,1,"gps","Bos taurus","misde_cattle5middle","misde_cattle5middle","Daily cattle herd movements in the Logone Floodplain, Cameroon","2011-03-21","08:46:04"
"214",214,5476823155,"true",14.92367856975,11.3035995276167,0.277778,304,317,2,"gps","Bos taurus","misde_cattle5middle","misde_cattle5middle","Daily cattle herd movements in the Logone Floodplain, Cameroon","2011-03-21","08:47:07"
"215",215,5476823162,"true",14.9235960758211,11.3036899445082,0.1944446,0,316,1,"gps","Bos taurus","misde_cattle5middle","misde_cattle5middle","Daily cattle herd movements in the Logone Floodplain, Cameroon","2011-03-21","08:48:23"
"216",216,5476823170,"true",14.9234952575655,11.3037713128271,1.111112,324,317,3,"gps","Bos taurus","misde_cattle5middle","misde_cattle5middle","Daily cattle herd movements in the Logone Floodplain, Cameroon","2011-03-21","08:49:01"
"217",217,5476823177,"true",14.9234127635299,11.3038617296658,0.138889,342,317,2,"gps","Bos taurus","misde_cattle5middle","misde_cattle5middle","Daily cattle herd movements in the Logone Floodplain, Cameroon","2011-03-21","08:50:09"
"218",218,5476823185,"true",14.9233210892742,11.3040154508148,0.3888892,0,316,1,"gps","Bos taurus","misde_cattle5middle","misde_cattle5middle","Daily cattle herd movements in the Logone Floodplain, Cameroon","2011-03-21","08:51:16"
"219",219,5476823191,"true",14.9232569218078,11.3041058723522,0.555556,316,316,2,"gps","Bos taurus","misde_cattle5middle","misde_cattle5middle","Daily cattle herd movements in the Logone Floodplain, Cameroon","2011-03-21","08:52:01"
"220",220,5476823200,"true",14.9231194354524,11.3042414939293,0.833334,316,314,3,"gps","Bos taurus","misde_cattle5middle","misde_cattle5middle","Daily cattle herd movements in the Logone Floodplain, Cameroon","2011-03-21","08:53:17"
"221",221,5476823207,"true",14.9230094511023,11.3043319035137,0.555556,334,314,1,"gps","Bos taurus","misde_cattle5middle","misde_cattle5middle","Daily cattle herd movements in the Logone Floodplain, Cameroon","2011-03-21","08:54:10"
"222",222,5476823215,"true",14.9229452786364,11.3044404126102,0.1666668,330,319,3,"gps","Bos taurus","misde_cattle5middle","misde_cattle5middle","Daily cattle herd movements in the Logone Floodplain, Cameroon","2011-03-21","08:55:11"
"223",223,5476823220,"true",14.9228902743177,11.3045308364482,0.138889,0,319,1,"gps","Bos taurus","misde_cattle5middle","misde_cattle5middle","Daily cattle herd movements in the Logone Floodplain, Cameroon","2011-03-21","08:56:01"
"224",224,5476823228,"true",14.9228077750349,11.3046393407405,1.111112,316,316,3,"gps","Bos taurus","misde_cattle5middle","misde_cattle5middle","Daily cattle herd movements in the Logone Floodplain, Cameroon","2011-03-21","08:57:01"
"225",225,5476823239,"true",14.9226611296951,11.3047568720791,0.138889,316,316,1,"gps","Bos taurus","misde_cattle5middle","misde_cattle5middle","Daily cattle herd movements in the Logone Floodplain, Cameroon","2011-03-21","08:58:02"
"226",226,5476823247,"true",14.922569474173,11.3048382424657,0.2500002,297,316,1,"gps","Bos taurus","misde_cattle5middle","misde_cattle5middle","Daily cattle herd movements in the Logone Floodplain, Cameroon","2011-03-21","08:59:02"
"227",227,5476823262,"true",14.9223770142003,11.3049467178634,0.833334,327,316,2,"gps","Bos taurus","misde_cattle5middle","misde_cattle5middle","Daily cattle herd movements in the Logone Floodplain, Cameroon","2011-03-21","09:00:02"
"228",228,5476823274,"true",14.9222670269119,11.3050461709788,0.1111112,316,315,1,"gps","Bos taurus","misde_cattle5middle","misde_cattle5middle","Daily cattle herd movements in the Logone Floodplain, Cameroon","2011-03-21","09:01:05"
"229",229,5476823283,"true",14.9221662175689,11.3050913635752,0.555556,342,316,2,"gps","Bos taurus","misde_cattle5middle","misde_cattle5middle","Daily cattle herd movements in the Logone Floodplain, Cameroon","2011-03-21","09:02:02"
"230",230,5476823291,"true",14.9221020543852,11.3051636972234,0.138889,316,318,1,"gps","Bos taurus","misde_cattle5middle","misde_cattle5middle","Daily cattle herd movements in the Logone Floodplain, Cameroon","2011-03-21","09:03:02"
"231",231,5476823300,"true",14.9220195668491,11.3052269822176,0.555556,316,318,2,"gps","Bos taurus","misde_cattle5middle","misde_cattle5middle","Daily cattle herd movements in the Logone Floodplain, Cameroon","2011-03-21","09:04:01"
"232",232,5476823311,"true",14.9219187451643,11.305317393799,0.1666668,297,314,1,"gps","Bos taurus","misde_cattle5middle","misde_cattle5middle","Daily cattle herd movements in the Logone Floodplain, Cameroon","2011-03-21","09:05:00"
"233",233,5476823324,"true",14.9217537698878,11.3054439636595,0.833334,304,315,2,"gps","Bos taurus","misde_cattle5middle","misde_cattle5middle","Daily cattle herd movements in the Logone Floodplain, Cameroon","2011-03-21","09:06:05"
"234",234,5476823337,"true",14.9216254455818,11.305579586943,0.1666668,327,314,2,"gps","Bos taurus","misde_cattle5middle","misde_cattle5middle","Daily cattle herd movements in the Logone Floodplain, Cameroon","2011-03-21","09:07:00"
"235",235,5476823347,"true",14.9214696358866,11.3056971152524,0.2222224,316,316,2,"gps","Bos taurus","misde_cattle5middle","misde_cattle5middle","Daily cattle herd movements in the Logone Floodplain, Cameroon","2011-03-21","09:08:07"
"236",236,5476823353,"true",14.9213688187961,11.3057694390141,1.111112,307,317,3,"gps","Bos taurus","misde_cattle5middle","misde_cattle5middle","Daily cattle herd movements in the Logone Floodplain, Cameroon","2011-03-21","09:09:02"
"237",237,5476823363,"true",14.9211946870299,11.3058688746818,0.1666668,334,317,1,"gps","Bos taurus","misde_cattle5middle","misde_cattle5middle","Daily cattle herd movements in the Logone Floodplain, Cameroon","2011-03-21","09:10:00"
"238",238,5476823371,"true",14.9211305259026,11.3059321642994,0.555556,316,318,2,"gps","Bos taurus","misde_cattle5middle","misde_cattle5middle","Daily cattle herd movements in the Logone Floodplain, Cameroon","2011-03-21","09:11:00"
"239",239,5476823384,"true",14.9210571790638,11.306076845781,0.138889,320,316,5,"gps","Bos taurus","misde_cattle5middle","misde_cattle5middle","Daily cattle herd movements in the Logone Floodplain, Cameroon","2011-03-21","09:12:00"
"240",240,5476823390,"true",14.9209746910379,11.306140130477,0.138889,334,315,1,"gps","Bos taurus","misde_cattle5middle","misde_cattle5middle","Daily cattle herd movements in the Logone Floodplain, Cameroon","2011-03-21","09:13:00"
"241",241,5476823403,"true",14.9208830296401,11.3062395879545,0.1111112,334,316,1,"gps","Bos taurus","misde_cattle5middle","misde_cattle5middle","Daily cattle herd movements in the Logone Floodplain, Cameroon","2011-03-21","09:14:03"
"242",242,5476823408,"true",14.9208555294713,11.3062757558613,0.555556,316,316,2,"gps","Bos taurus","misde_cattle5middle","misde_cattle5middle","Daily cattle herd movements in the Logone Floodplain, Cameroon","2011-03-21","09:15:06"
"243",243,5476823419,"true",14.9208188336032,11.3064294908869,0.138889,26,316,1,"gps","Bos taurus","misde_cattle5middle","misde_cattle5middle","Daily cattle herd movements in the Logone Floodplain, Cameroon","2011-03-21","09:16:15"
"244",244,5476823424,"true",14.9207913259571,11.3064927902265,0.277778,316,317,1,"gps","Bos taurus","misde_cattle5middle","misde_cattle5middle","Daily cattle herd movements in the Logone Floodplain, Cameroon","2011-03-21","09:17:02"
"245",245,5476823436,"true",14.9208096006564,11.3066827152028,0.555556,18,318,2,"gps","Bos taurus","misde_cattle5middle","misde_cattle5middle","Daily cattle herd movements in the Logone Floodplain, Cameroon","2011-03-21","09:18:00"
"246",246,5476823447,"true",14.9208004123939,11.3067731508817,0.3888892,0,319,1,"gps","Bos taurus","misde_cattle5middle","misde_cattle5middle","Daily cattle herd movements in the Logone Floodplain, Cameroon","2011-03-21","09:19:02"
"247",247,5476823462,"true",14.9208278406223,11.3069992535557,0.3055558,0,317,2,"gps","Bos taurus","misde_cattle5middle","misde_cattle5middle","Daily cattle herd movements in the Logone Floodplain, Cameroon","2011-03-21","09:20:01"
"248",248,5476823477,"true",14.9208186225595,11.307198214986,0.833334,0,319,2,"gps","Bos taurus","misde_cattle5middle","misde_cattle5middle","Daily cattle herd movements in the Logone Floodplain, Cameroon","2011-03-21","09:21:02"
"249",249,5476823488,"true",14.9208643876701,11.3073881473008,0.555556,18,318,2,"gps","Bos taurus","misde_cattle5middle","misde_cattle5middle","Daily cattle herd movements in the Logone Floodplain, Cameroon","2011-03-21","09:22:00"
"250",250,5476823502,"true",14.9209193336561,11.3075147753666,0.555556,18,317,2,"gps","Bos taurus","misde_cattle5middle","misde_cattle5middle","Daily cattle herd movements in the Logone Floodplain, Cameroon","2011-03-21","09:23:06"
"251",251,5476823512,"true",14.9209926066074,11.3076414083125,0.3888892,18,318,2,"gps","Bos taurus","misde_cattle5middle","misde_cattle5middle","Daily cattle herd movements in the Logone Floodplain, Cameroon","2011-03-21","09:24:11"
"252",252,5476823524,"true",14.9210200598322,11.3077770728334,0.0833334,0,319,1,"gps","Bos taurus","misde_cattle5middle","misde_cattle5middle","Daily cattle herd movements in the Logone Floodplain, Cameroon","2011-03-21","09:25:05"
"253",253,5476823538,"true",14.9210474907989,11.3079941316613,0.1944446,270,318,1,"gps","Bos taurus","misde_cattle5middle","misde_cattle5middle","Daily cattle herd movements in the Logone Floodplain, Cameroon","2011-03-21","09:26:14"
"254",254,5476823550,"true",14.9211024295563,11.3081478911258,0.1111112,21,318,3,"gps","Bos taurus","misde_cattle5middle","misde_cattle5middle","Daily cattle herd movements in the Logone Floodplain, Cameroon","2011-03-21","09:27:03"
"255",255,5476823555,"true",14.9211573881524,11.308229300082,0.555556,18,319,2,"gps","Bos taurus","misde_cattle5middle","misde_cattle5middle","Daily cattle herd movements in the Logone Floodplain, Cameroon","2011-03-21","09:28:02"
"256",256,5476823569,"true",14.9211939654472,11.3085096680148,0.277778,44,317,1,"gps","Bos taurus","misde_cattle5middle","misde_cattle5middle","Daily cattle herd movements in the Logone Floodplain, Cameroon","2011-03-21","09:29:02"
"257",257,5476823583,"true",14.9212030770381,11.3086995905043,0.1111112,44,317,1,"gps","Bos taurus","misde_cattle5middle","misde_cattle5middle","Daily cattle herd movements in the Logone Floodplain, Cameroon","2011-03-21","09:30:12"
"258",258,5476823595,"true",14.9211938492853,11.3089347271717,0.555556,0,318,2,"gps","Bos taurus","misde_cattle5middle","misde_cattle5middle","Daily cattle herd movements in the Logone Floodplain, Cameroon","2011-03-21","09:31:09"
"259",259,5476823605,"true",14.9211938047965,11.3090975157818,0.555556,342,319,2,"gps","Bos taurus","misde_cattle5middle","misde_cattle5middle","Daily cattle herd movements in the Logone Floodplain, Cameroon","2011-03-21","09:32:05"
"260",260,5476823618,"true",14.9211570939022,11.3093055136878,0,0,318,0,"gps","Bos taurus","misde_cattle5middle","misde_cattle5middle","Daily cattle herd movements in the Logone Floodplain, Cameroon","2011-03-21","09:33:00"
"261",261,5476823633,"true",14.9211845127496,11.3095677915391,0.1944446,0,317,1,"gps","Bos taurus","misde_cattle5middle","misde_cattle5middle","Daily cattle herd movements in the Logone Floodplain, Cameroon","2011-03-21","09:34:12"
"262",262,5476823643,"true",14.9212028027177,11.3097034535874,0.138889,18,317,2,"gps","Bos taurus","misde_cattle5middle","misde_cattle5middle","Daily cattle herd movements in the Logone Floodplain, Cameroon","2011-03-21","09:35:02"
"263",263,5476823653,"true",14.9212302512899,11.3098572056942,0.277778,224,319,1,"gps","Bos taurus","misde_cattle5middle","misde_cattle5middle","Daily cattle herd movements in the Logone Floodplain, Cameroon","2011-03-21","09:36:00"
"264",264,5476823666,"true",14.921276017082,11.310047137916,0.277778,316,319,1,"gps","Bos taurus","misde_cattle5middle","misde_cattle5middle","Daily cattle herd movements in the Logone Floodplain, Cameroon","2011-03-21","09:37:03"
"265",265,5476823677,"true",14.9212851460516,11.3101737537072,0.1666668,0,318,2,"gps","Bos taurus","misde_cattle5middle","misde_cattle5middle","Daily cattle herd movements in the Logone Floodplain, Cameroon","2011-03-21","09:38:00"
"266",266,5476823689,"true",14.9213034361036,11.3103094157443,0.555556,18,319,2,"gps","Bos taurus","misde_cattle5middle","misde_cattle5middle","Daily cattle herd movements in the Logone Floodplain, Cameroon","2011-03-21","09:39:03"
"267",267,5476823702,"true",14.9213308823173,11.3104722116471,0.833334,14,318,2,"gps","Bos taurus","misde_cattle5middle","misde_cattle5middle","Daily cattle herd movements in the Logone Floodplain, Cameroon","2011-03-21","09:40:02"
"268",268,5476823717,"true",14.9213858044276,11.3106892777125,0.833334,26,319,3,"gps","Bos taurus","misde_cattle5middle","misde_cattle5middle","Daily cattle herd movements in the Logone Floodplain, Cameroon","2011-03-21","09:41:01"
"269",269,5476823731,"true",14.9214132334667,11.3109153802781,1.111112,0,319,3,"gps","Bos taurus","misde_cattle5middle","misde_cattle5middle","Daily cattle herd movements in the Logone Floodplain, Cameroon","2011-03-21","09:42:02"
"270",270,5476823744,"true",14.9214314989776,11.3111414804058,0.833334,0,318,2,"gps","Bos taurus","misde_cattle5middle","misde_cattle5middle","Daily cattle herd movements in the Logone Floodplain, Cameroon","2011-03-21","09:43:02"
"271",271,5476823757,"true",14.9214864262137,11.3113404588235,0.555556,26,318,3,"gps","Bos taurus","misde_cattle5middle","misde_cattle5middle","Daily cattle herd movements in the Logone Floodplain, Cameroon","2011-03-21","09:44:00"
"272",272,5476823774,"true",14.9216146671045,11.311521369032,0.3055558,56,319,2,"gps","Bos taurus","misde_cattle5middle","misde_cattle5middle","Daily cattle herd movements in the Logone Floodplain, Cameroon","2011-03-21","09:45:03"
"273",273,5476823785,"true",14.9216696215678,11.3116208655002,0,0,319,0,"gps","Bos taurus","misde_cattle5middle","misde_cattle5middle","Daily cattle herd movements in the Logone Floodplain, Cameroon","2011-03-21","09:46:01"
"274",274,5476823800,"true",14.9217429081559,11.3117022791838,0.833334,56,319,2,"gps","Bos taurus","misde_cattle5middle","misde_cattle5middle","Daily cattle herd movements in the Logone Floodplain, Cameroon","2011-03-21","09:47:02"
"275",275,5476823812,"true",14.9218345170621,11.31180178531,0.0555556,0,319,1,"gps","Bos taurus","misde_cattle5middle","misde_cattle5middle","Daily cattle herd movements in the Logone Floodplain, Cameroon","2011-03-21","09:48:00"
"276",276,5476823825,"true",14.9218894667535,11.3119193693565,0.833334,44,318,3,"gps","Bos taurus","misde_cattle5middle","misde_cattle5middle","Daily cattle herd movements in the Logone Floodplain, Cameroon","2011-03-21","09:49:02"
"277",277,5476823831,"true",14.9219077767943,11.311982680863,0.833334,0,319,2,"gps","Bos taurus","misde_cattle5middle","misde_cattle5middle","Daily cattle herd movements in the Logone Floodplain, Cameroon","2011-03-21","09:50:08"
"278",278,5476823846,"true",14.921935196563,11.3122449586036,0.2500002,0,320,1,"gps","Bos taurus","misde_cattle5middle","misde_cattle5middle","Daily cattle herd movements in the Logone Floodplain, Cameroon","2011-03-21","09:51:05"
"279",279,5476823860,"true",14.9219901316946,11.3124168054874,0.3333336,26,318,1,"gps","Bos taurus","misde_cattle5middle","misde_cattle5middle","Daily cattle herd movements in the Logone Floodplain, Cameroon","2011-03-21","09:52:00"
"280",280,5476823874,"true",14.9220908923047,11.3125615329954,0.1666668,44,319,1,"gps","Bos taurus","misde_cattle5middle","misde_cattle5middle","Daily cattle herd movements in the Logone Floodplain, Cameroon","2011-03-21","09:53:01"
"281",281,5476823891,"true",14.9222191219132,11.3127876619812,0.833334,63,320,3,"gps","Bos taurus","misde_cattle5middle","misde_cattle5middle","Daily cattle herd movements in the Logone Floodplain, Cameroon","2011-03-21","09:54:01"
"282",282,5476823901,"true",14.9223382173313,11.3129052627907,1.111112,36,319,3,"gps","Bos taurus","misde_cattle5middle","misde_cattle5middle","Daily cattle herd movements in the Logone Floodplain, Cameroon","2011-03-21","09:55:05"
"283",283,5476823916,"true",14.9224664545835,11.3131042602381,0.833334,14,318,2,"gps","Bos taurus","misde_cattle5middle","misde_cattle5middle","Daily cattle herd movements in the Logone Floodplain, Cameroon","2011-03-21","09:56:00"
"284",284,5476823935,"true",14.9225396761531,11.3134298565725,0.555556,18,320,2,"gps","Bos taurus","misde_cattle5middle","misde_cattle5middle","Daily cattle herd movements in the Logone Floodplain, Cameroon","2011-03-21","09:57:00"
"285",285,5476823952,"true",14.9226678992175,11.313683116783,1.111112,36,319,3,"gps","Bos taurus","misde_cattle5middle","misde_cattle5middle","Daily cattle herd movements in the Logone Floodplain, Cameroon","2011-03-21","09:58:02"
"286",286,5476823972,"true",14.9228877131263,11.314108233199,1.111112,36,319,3,"gps","Bos taurus","misde_cattle5middle","misde_cattle5middle","Daily cattle herd movements in the Logone Floodplain, Cameroon","2011-03-21","09:59:02"
"287",287,5476823990,"true",14.9231167251334,11.3144067385023,0.555556,44,319,2,"gps","Bos taurus","misde_cattle5middle","misde_cattle5middle","Daily cattle herd movements in the Logone Floodplain, Cameroon","2011-03-21","10:00:08"
"288",288,5476824006,"true",14.9233182513751,11.3146871488852,1.111112,21,319,3,"gps","Bos taurus","misde_cattle5middle","misde_cattle5middle","Daily cattle herd movements in the Logone Floodplain, Cameroon","2011-03-21","10:01:01"
"289",289,5476824024,"true",14.9235106095155,11.3149856443764,0.555556,18,317,2,"gps","Bos taurus","misde_cattle5middle","misde_cattle5middle","Daily cattle herd movements in the Logone Floodplain, Cameroon","2011-03-21","10:02:01"
"290",290,5476824041,"true",14.9236755224535,11.3151123002888,0.1944446,180,317,1,"gps","Bos taurus","misde_cattle5middle","misde_cattle5middle","Daily cattle herd movements in the Logone Floodplain, Cameroon","2011-03-21","10:03:07"
"291",291,5476824056,"true",14.9238496470302,11.3150580822977,0.0555556,180,320,1,"gps","Bos taurus","misde_cattle5middle","misde_cattle5middle","Daily cattle herd movements in the Logone Floodplain, Cameroon","2011-03-21","10:04:03"
"292",292,5476824069,"true",14.9239504691542,11.314976713945,0.1666668,136,319,1,"gps","Bos taurus","misde_cattle5middle","misde_cattle5middle","Daily cattle herd movements in the Logone Floodplain, Cameroon","2011-03-21","10:05:05"
"293",293,5476824078,"true",14.9240329566899,11.3149224722784,0.1944446,270,319,1,"gps","Bos taurus","misde_cattle5middle","misde_cattle5middle","Daily cattle herd movements in the Logone Floodplain, Cameroon","2011-03-21","10:06:00"
"294",294,5476824087,"true",14.9240971049074,11.3149134449313,1.111112,102,320,3,"gps","Bos taurus","misde_cattle5middle","misde_cattle5middle","Daily cattle herd movements in the Logone Floodplain, Cameroon","2011-03-21","10:07:01"
"295",295,5476824103,"true",14.9243445103083,11.314967771148,0.2500002,90,318,2,"gps","Bos taurus","misde_cattle5middle","misde_cattle5middle","Daily cattle herd movements in the Logone Floodplain, Cameroon","2011-03-21","10:08:04"
"296",296,5476824115,"true",14.9245003096621,11.3149045042767,0,0,319,0,"gps","Bos taurus","misde_cattle5middle","misde_cattle5middle","Daily cattle herd movements in the Logone Floodplain, Cameroon","2011-03-21","10:09:02"
"297",297,5476824125,"true",14.9245644602288,11.3148864330193,0.555556,63,321,1,"gps","Bos taurus","misde_cattle5middle","misde_cattle5middle","Daily cattle herd movements in the Logone Floodplain, Cameroon","2011-03-21","10:10:01"
"298",298,5476824132,"true",14.9246652513605,11.3149226339354,0.277778,136,319,1,"gps","Bos taurus","misde_cattle5middle","misde_cattle5middle","Daily cattle herd movements in the Logone Floodplain, Cameroon","2011-03-21","10:11:00"
"299",299,5476824144,"true",14.9247843746225,11.3149407518589,0.833334,104,317,2,"gps","Bos taurus","misde_cattle5middle","misde_cattle5middle","Daily cattle herd movements in the Logone Floodplain, Cameroon","2011-03-21","10:12:11"
"300",300,5476824150,"true",14.9248485181052,11.3149498119665,0.3333336,63,320,1,"gps","Bos taurus","misde_cattle5middle","misde_cattle5middle","Daily cattle herd movements in the Logone Floodplain, Cameroon","2011-03-21","10:13:00"
"301",301,5476824160,"true",14.924995137175,11.3149498491685,0.1111112,63,319,1,"gps","Bos taurus","misde_cattle5middle","misde_cattle5middle","Daily cattle herd movements in the Logone Floodplain, Cameroon","2011-03-21","10:14:07"
"302",302,5476824166,"true",14.9250409532823,11.314958904588,0,0,319,0,"gps","Bos taurus","misde_cattle5middle","misde_cattle5middle","Daily cattle herd movements in the Logone Floodplain, Cameroon","2011-03-21","10:15:04"
"303",303,5476824177,"true",14.9251509128911,11.3149770200426,0.2222224,63,319,1,"gps","Bos taurus","misde_cattle5middle","misde_cattle5middle","Daily cattle herd movements in the Logone Floodplain, Cameroon","2011-03-21","10:16:02"
"304",304,5476824186,"true",14.9253158429563,11.3150403683835,0.1944446,76,318,2,"gps","Bos taurus","misde_cattle5middle","misde_cattle5middle","Daily cattle herd movements in the Logone Floodplain, Cameroon","2011-03-21","10:17:01"
"305",305,5476824194,"true",14.9254441300049,11.3150584883547,0.555556,90,318,2,"gps","Bos taurus","misde_cattle5middle","misde_cattle5middle","Daily cattle herd movements in the Logone Floodplain, Cameroon","2011-03-21","10:18:09"
"306",306,5476824204,"true",14.9255632557099,11.3150675621562,0.3888892,0,319,1,"gps","Bos taurus","misde_cattle5middle","misde_cattle5middle","Daily cattle herd movements in the Logone Floodplain, Cameroon","2011-03-21","10:19:15"
"307",307,5476824216,"true",14.925700697157,11.315121859557,0.555556,90,319,2,"gps","Bos taurus","misde_cattle5middle","misde_cattle5middle","Daily cattle herd movements in the Logone Floodplain, Cameroon","2011-03-21","10:20:12"
"308",308,5476824224,"true",14.9257923294748,11.3151399701711,0.1111112,90,319,1,"gps","Bos taurus","misde_cattle5middle","misde_cattle5middle","Daily cattle herd movements in the Logone Floodplain, Cameroon","2011-03-21","10:21:08"
"309",309,5476824237,"true",14.9259389532927,11.3151219192881,0.1944446,90,319,1,"gps","Bos taurus","misde_cattle5middle","misde_cattle5middle","Daily cattle herd movements in the Logone Floodplain, Cameroon","2011-03-21","10:22:04"
"310",310,5476824247,"true",14.9260305972319,11.3150948107836,0.1944446,90,318,1,"gps","Bos taurus","misde_cattle5middle","misde_cattle5middle","Daily cattle herd movements in the Logone Floodplain, Cameroon","2011-03-21","10:23:05"
"311",311,5476824262,"true",14.9262138804282,11.315058681307,0.138889,90,319,1,"gps","Bos taurus","misde_cattle5middle","misde_cattle5middle","Daily cattle herd movements in the Logone Floodplain, Cameroon","2011-03-21","10:24:05"
"312",312,5476824273,"true",14.9263788038467,11.3151491604839,0.833334,33,318,2,"gps","Bos taurus","misde_cattle5middle","misde_cattle5middle","Daily cattle herd movements in the Logone Floodplain, Cameroon","2011-03-21","10:25:00"
"313",313,5476824283,"true",14.9264429358867,11.3152034392914,0.833334,90,319,2,"gps","Bos taurus","misde_cattle5middle","misde_cattle5middle","Daily cattle herd movements in the Logone Floodplain, Cameroon","2011-03-21","10:26:01"
"314",314,5476824291,"true",14.9265712207777,11.3152306025835,0.833334,76,320,2,"gps","Bos taurus","misde_cattle5middle","misde_cattle5middle","Daily cattle herd movements in the Logone Floodplain, Cameroon","2011-03-21","10:27:00"
"315",315,5476824306,"true",14.9267911174426,11.3153572704065,0.1944446,90,320,1,"gps","Bos taurus","misde_cattle5middle","misde_cattle5middle","Daily cattle herd movements in the Logone Floodplain, Cameroon","2011-03-21","10:28:11"
"316",316,5476824318,"true",14.9269468958465,11.3153753965278,0.1944446,90,318,1,"gps","Bos taurus","misde_cattle5middle","misde_cattle5middle","Daily cattle herd movements in the Logone Floodplain, Cameroon","2011-03-21","10:29:11"
"317",317,5476824330,"true",14.9270935265792,11.3153302136462,0.277778,136,320,1,"gps","Bos taurus","misde_cattle5middle","misde_cattle5middle","Daily cattle herd movements in the Logone Floodplain, Cameroon","2011-03-21","10:30:00"
"318",318,5476824340,"true",14.9271943364667,11.31529406323,0,0,320,0,"gps","Bos taurus","misde_cattle5middle","misde_cattle5middle","Daily cattle herd movements in the Logone Floodplain, Cameroon","2011-03-21","10:31:01"
"319",319,5476824349,"true",14.9273042917813,11.3153302655038,0,0,319,0,"gps","Bos taurus","misde_cattle5middle","misde_cattle5middle","Daily cattle herd movements in the Logone Floodplain, Cameroon","2011-03-21","10:32:11"
"320",320,5476824359,"true",14.9274142607905,11.3153122048821,0.833334,124,319,2,"gps","Bos taurus","misde_cattle5middle","misde_cattle5middle","Daily cattle herd movements in the Logone Floodplain, Cameroon","2011-03-21","10:33:01"
"321",321,5476824365,"true",14.9274967386762,11.3152941374843,0.3055558,90,320,2,"gps","Bos taurus","misde_cattle5middle","misde_cattle5middle","Daily cattle herd movements in the Logone Floodplain, Cameroon","2011-03-21","10:34:16"
"322",322,5476824374,"true",14.9275883688927,11.3153212913521,0.1111112,90,320,2,"gps","Bos taurus","misde_cattle5middle","misde_cattle5middle","Daily cattle herd movements in the Logone Floodplain, Cameroon","2011-03-21","10:35:00"
"323",323,5476824380,"true",14.9276525125521,11.3153303508526,0.555556,117,318,1,"gps","Bos taurus","misde_cattle5middle","misde_cattle5middle","Daily cattle herd movements in the Logone Floodplain, Cameroon","2011-03-21","10:36:00"
"324",324,5476824388,"true",14.9277716497775,11.31529420472,0.0833334,109,320,2,"gps","Bos taurus","misde_cattle5middle","misde_cattle5middle","Daily cattle herd movements in the Logone Floodplain, Cameroon","2011-03-21","10:37:03"
"325",325,5476824396,"true",14.9278907756591,11.3153032775854,0.138889,44,319,1,"gps","Bos taurus","misde_cattle5middle","misde_cattle5middle","Daily cattle herd movements in the Logone Floodplain, Cameroon","2011-03-21","10:38:06"
"326",326,5476824409,"true",14.9280373723362,11.3153937513734,0.555556,117,321,1,"gps","Bos taurus","misde_cattle5middle","misde_cattle5middle","Daily cattle herd movements in the Logone Floodplain, Cameroon","2011-03-21","10:39:04"
"327",327,5476824418,"true",14.9281289958702,11.3154480365018,0,0,320,0,"gps","Bos taurus","misde_cattle5middle","misde_cattle5middle","Daily cattle herd movements in the Logone Floodplain, Cameroon","2011-03-21","10:40:04"
"328",328,5476824429,"true",14.9282297831489,11.3155023238246,0.1944446,90,318,1,"gps","Bos taurus","misde_cattle5middle","misde_cattle5middle","Daily cattle herd movements in the Logone Floodplain, Cameroon","2011-03-21","10:41:07"
"329",329,5476824437,"true",14.9282939156183,11.3155566022323,0.1666668,44,319,1,"gps","Bos taurus","misde_cattle5middle","misde_cattle5middle","Daily cattle herd movements in the Logone Floodplain, Cameroon","2011-03-21","10:42:07"
"330",330,5476824441,"true",14.9283672185693,11.3155837514172,0.1666668,44,320,1,"gps","Bos taurus","misde_cattle5middle","misde_cattle5middle","Daily cattle herd movements in the Logone Floodplain, Cameroon","2011-03-21","10:43:02"
"331",331,5476824453,"true",14.9285779682732,11.3156471090329,0.555556,90,319,2,"gps","Bos taurus","misde_cattle5middle","misde_cattle5middle","Daily cattle herd movements in the Logone Floodplain, Cameroon","2011-03-21","10:44:01"
"332",332,5476824461,"true",14.928660446184,11.3156290413113,0.0277778,90,319,1,"gps","Bos taurus","misde_cattle5middle","misde_cattle5middle","Daily cattle herd movements in the Logone Floodplain, Cameroon","2011-03-21","10:45:00"
"333",333,5476824473,"true",14.9288253908069,11.3156381248451,0.138889,90,320,2,"gps","Bos taurus","misde_cattle5middle","misde_cattle5middle","Daily cattle herd movements in the Logone Floodplain, Cameroon","2011-03-21","10:46:01"
"334",334,5476824479,"true",14.9289170234911,11.315656234493,0.3888892,90,321,1,"gps","Bos taurus","misde_cattle5middle","misde_cattle5middle","Daily cattle herd movements in the Logone Floodplain, Cameroon","2011-03-21","10:47:15"
"335",335,5476824489,"true",14.9290636318031,11.3157014887274,0.3888892,90,324,1,"gps","Bos taurus","misde_cattle5middle","misde_cattle5middle","Daily cattle herd movements in the Logone Floodplain, Cameroon","2011-03-21","10:48:00"
"336",336,5476824500,"true",14.9292102423831,11.31573769908,0.2222224,90,324,1,"gps","Bos taurus","misde_cattle5middle","misde_cattle5middle","Daily cattle herd movements in the Logone Floodplain, Cameroon","2011-03-21","10:49:04"
"337",337,5476824510,"true",14.9293110255319,11.3158100736538,1.111112,36,325,3,"gps","Bos taurus","misde_cattle5middle","misde_cattle5middle","Daily cattle herd movements in the Logone Floodplain, Cameroon","2011-03-21","10:50:02"
"338",338,5476824521,"true",14.9294667822121,11.3159186365423,0.2222224,63,325,1,"gps","Bos taurus","misde_cattle5middle","misde_cattle5middle","Daily cattle herd movements in the Logone Floodplain, Cameroon","2011-03-21","10:51:00"
"339",339,5476824530,"true",14.9295858929408,11.3159910153909,0.833334,56,324,2,"gps","Bos taurus","misde_cattle5middle","misde_cattle5middle","Daily cattle herd movements in the Logone Floodplain, Cameroon","2011-03-21","10:52:05"
"340",340,5476824540,"true",14.929723335597,11.3160453109272,0.833334,76,326,2,"gps","Bos taurus","misde_cattle5middle","misde_cattle5middle","Daily cattle herd movements in the Logone Floodplain, Cameroon","2011-03-21","10:53:00"
"341",341,5476824553,"true",14.9299340859419,11.3161086675788,0.3333336,63,326,1,"gps","Bos taurus","misde_cattle5middle","misde_cattle5middle","Daily cattle herd movements in the Logone Floodplain, Cameroon","2011-03-21","10:54:03"
"342",342,5476824564,"true",14.9300898496016,11.3161900987122,0.555556,90,326,2,"gps","Bos taurus","misde_cattle5middle","misde_cattle5middle","Daily cattle herd movements in the Logone Floodplain, Cameroon","2011-03-21","10:55:00"
"343",343,5476824575,"true",14.9302547967844,11.3161901376417,0.1111112,136,325,1,"gps","Bos taurus","misde_cattle5middle","misde_cattle5middle","Daily cattle herd movements in the Logone Floodplain, Cameroon","2011-03-21","10:56:19"
"344",344,5476824577,"true",14.930254801162,11.3161720500234,0.1111112,90,323,1,"gps","Bos taurus","misde_cattle5middle","misde_cattle5middle","Daily cattle herd movements in the Logone Floodplain, Cameroon","2011-03-21","10:57:11"
"345",345,5476824583,"true",14.9302731264374,11.3161810981524,0.3888892,180,324,1,"gps","Bos taurus","misde_cattle5middle","misde_cattle5middle","Daily cattle herd movements in the Logone Floodplain, Cameroon","2011-03-21","10:58:19"
"346",346,5476824593,"true",14.9304472373478,11.3161811391341,0.833334,90,325,2,"gps","Bos taurus","misde_cattle5middle","misde_cattle5middle","Daily cattle herd movements in the Logone Floodplain, Cameroon","2011-03-21","10:59:01"
"347",347,5476824609,"true",14.930804616388,11.3162083543613,0.555556,90,325,2,"gps","Bos taurus","misde_cattle5middle","misde_cattle5middle","Daily cattle herd movements in the Logone Floodplain, Cameroon","2011-03-21","11:00:17"
"348",348,5476824613,"true",14.9308687581804,11.3162264569751,0.555556,63,325,1,"gps","Bos taurus","misde_cattle5middle","misde_cattle5middle","Daily cattle herd movements in the Logone Floodplain, Cameroon","2011-03-21","11:01:00"
"349",349,5476824626,"true",14.931125327593,11.3162898234821,1.111112,90,326,4,"gps","Bos taurus","misde_cattle5middle","misde_cattle5middle","Daily cattle herd movements in the Logone Floodplain, Cameroon","2011-03-21","11:02:00"
"350",350,5476824641,"true",14.9314552328364,11.3162446810487,1.111112,112,326,3,"gps","Bos taurus","misde_cattle5middle","misde_cattle5middle","Daily cattle herd movements in the Logone Floodplain, Cameroon","2011-03-21","11:03:01"
"351",351,5476824659,"true",14.9318492862483,11.3161905092198,1.111112,112,324,3,"gps","Bos taurus","misde_cattle5middle","misde_cattle5middle","Daily cattle herd movements in the Logone Floodplain, Cameroon","2011-03-21","11:04:02"
"352",352,5476824679,"true",14.9323258407046,11.3160187862158,1.111112,112,324,3,"gps","Bos taurus","misde_cattle5middle","misde_cattle5middle","Daily cattle herd movements in the Logone Floodplain, Cameroon","2011-03-21","11:05:02"
"353",353,5476824699,"true",14.9328390305155,11.3159284650502,1.111112,90,322,4,"gps","Bos taurus","misde_cattle5middle","misde_cattle5middle","Daily cattle herd movements in the Logone Floodplain, Cameroon","2011-03-21","11:06:02"
"354",354,5476824711,"true",14.9331047869261,11.3158923500146,0.555556,90,324,2,"gps","Bos taurus","misde_cattle5middle","misde_cattle5middle","Daily cattle herd movements in the Logone Floodplain, Cameroon","2011-03-21","11:07:01"
"355",355,5476824724,"true",14.9332697548904,11.3158019491629,0.555556,109,322,2,"gps","Bos taurus","misde_cattle5middle","misde_cattle5middle","Daily cattle herd movements in the Logone Floodplain, Cameroon","2011-03-21","11:08:00"
"356",356,5476824743,"true",14.9336638240237,11.3156754244295,1.111112,112,322,3,"gps","Bos taurus","misde_cattle5middle","misde_cattle5middle","Daily cattle herd movements in the Logone Floodplain, Cameroon","2011-03-21","11:09:01"
"357",357,5476824753,"true",14.9338012963936,11.3156031047341,0.833334,104,321,2,"gps","Bos taurus","misde_cattle5middle","misde_cattle5middle","Daily cattle herd movements in the Logone Floodplain, Cameroon","2011-03-21","11:10:09"
"358",358,5476824770,"true",14.9341403951631,11.315422304193,0.555556,136,321,2,"gps","Bos taurus","misde_cattle5middle","misde_cattle5middle","Daily cattle herd movements in the Logone Floodplain, Cameroon","2011-03-21","11:11:01"
"359",359,5476824789,"true",14.9345161647602,11.3151691608886,0.833334,124,321,2,"gps","Bos taurus","misde_cattle5middle","misde_cattle5middle","Daily cattle herd movements in the Logone Floodplain, Cameroon","2011-03-21","11:12:01"
"360",360,5476824809,"true",14.9348552748393,11.3149340966529,0.833334,124,323,2,"gps","Bos taurus","misde_cattle5middle","misde_cattle5middle","Daily cattle herd movements in the Logone Floodplain, Cameroon","2011-03-21","11:13:01"
"361",361,5476824829,"true",14.9352768514466,11.3147261815059,1.111112,102,321,3,"gps","Bos taurus","misde_cattle5middle","misde_cattle5middle","Daily cattle herd movements in the Logone Floodplain, Cameroon","2011-03-21","11:14:01"
"362",362,5476824849,"true",14.9357075891111,11.3145273115543,1.111112,127,322,3,"gps","Bos taurus","misde_cattle5middle","misde_cattle5middle","Daily cattle herd movements in the Logone Floodplain, Cameroon","2011-03-21","11:15:01"
"363",363,5476824869,"true",14.9361933002211,11.314364628076,1.111112,109,322,4,"gps","Bos taurus","misde_cattle5middle","misde_cattle5middle","Daily cattle herd movements in the Logone Floodplain, Cameroon","2011-03-21","11:16:01"
"364",364,5476824889,"true",14.936706519672,11.3141205553729,1.111112,112,321,3,"gps","Bos taurus","misde_cattle5middle","misde_cattle5middle","Daily cattle herd movements in the Logone Floodplain, Cameroon","2011-03-21","11:17:01"
"365",365,5476824909,"true",14.9373113650238,11.3139217202569,1.111112,112,323,3,"gps","Bos taurus","misde_cattle5middle","misde_cattle5middle","Daily cattle herd movements in the Logone Floodplain, Cameroon","2011-03-21","11:18:01"
"366",366,5476824929,"true",14.9378612588098,11.3135781713639,1.111112,112,323,3,"gps","Bos taurus","misde_cattle5middle","misde_cattle5middle","Daily cattle herd movements in the Logone Floodplain, Cameroon","2011-03-21","11:19:01"
"367",367,5476824949,"true",14.9384111377619,11.3132979281211,1.111112,100,320,4,"gps","Bos taurus","misde_cattle5middle","misde_cattle5middle","Daily cattle herd movements in the Logone Floodplain, Cameroon","2011-03-21","11:20:01"
"368",368,5476824967,"true",14.9387868912555,11.3130899983851,2.500002,117,320,8,"gps","Bos taurus","misde_cattle5middle","misde_cattle5middle","Daily cattle herd movements in the Logone Floodplain, Cameroon","2011-03-21","11:21:00"
"369",369,5476824987,"true",14.939254305273,11.3127645174227,0.3888892,90,320,1,"gps","Bos taurus","misde_cattle5middle","misde_cattle5middle","Daily cattle herd movements in the Logone Floodplain, Cameroon","2011-03-21","11:22:10"
"370",370,5476825003,"true",14.9395109209366,11.3126017813432,0.1666668,136,316,1,"gps","Bos taurus","misde_cattle5middle","misde_cattle5middle","Daily cattle herd movements in the Logone Floodplain, Cameroon","2011-03-21","11:23:00"
"371",371,5476825023,"true",14.9398958646318,11.3122581948546,0.2222224,136,320,1,"gps","Bos taurus","misde_cattle5middle","misde_cattle5middle","Daily cattle herd movements in the Logone Floodplain, Cameroon","2011-03-21","11:24:05"
"372",372,5476825040,"true",14.9401433233912,11.3120592811022,0.0555556,136,321,1,"gps","Bos taurus","misde_cattle5middle","misde_cattle5middle","Daily cattle herd movements in the Logone Floodplain, Cameroon","2011-03-21","11:25:03"
"373",373,5476825055,"true",14.9404274231137,11.3119236812136,1.111112,121,321,3,"gps","Bos taurus","misde_cattle5middle","misde_cattle5middle","Daily cattle herd movements in the Logone Floodplain, Cameroon","2011-03-21","11:26:01"
"374",374,5476825074,"true",14.9407940153498,11.3116886156075,1.38889,129,322,4,"gps","Bos taurus","misde_cattle5middle","misde_cattle5middle","Daily cattle herd movements in the Logone Floodplain, Cameroon","2011-03-21","11:27:01"
"375",375,5476825093,"true",14.9411514415596,11.3114625915328,0.833334,104,321,2,"gps","Bos taurus","misde_cattle5middle","misde_cattle5middle","Daily cattle herd movements in the Logone Floodplain, Cameroon","2011-03-21","11:28:00"
"376",376,5476825112,"true",14.941417231441,11.3112365488976,1.111112,127,320,3,"gps","Bos taurus","misde_cattle5middle","misde_cattle5middle","Daily cattle herd movements in the Logone Floodplain, Cameroon","2011-03-21","11:29:01"
"377",377,5476825132,"true",14.9418479742829,11.3109653193978,1.111112,121,320,3,"gps","Bos taurus","misde_cattle5middle","misde_cattle5middle","Daily cattle herd movements in the Logone Floodplain, Cameroon","2011-03-21","11:30:01"
"378",378,5476825152,"true",14.9423153687461,11.3107031402224,1.111112,112,320,3,"gps","Bos taurus","misde_cattle5middle","misde_cattle5middle","Daily cattle herd movements in the Logone Floodplain, Cameroon","2011-03-21","11:31:01"
"379",379,5476825172,"true",14.9427827587722,11.3104590479298,1.111112,127,321,3,"gps","Bos taurus","misde_cattle5middle","misde_cattle5middle","Daily cattle herd movements in the Logone Floodplain, Cameroon","2011-03-21","11:32:01"
"380",380,5476825192,"true",14.9432318191396,11.3102239951923,1.111112,136,323,3,"gps","Bos taurus","misde_cattle5middle","misde_cattle5middle","Daily cattle herd movements in the Logone Floodplain, Cameroon","2011-03-21","11:33:01"
"381",381,5476825212,"true",14.9436992182138,11.3099256385454,0.833334,136,322,3,"gps","Bos taurus","misde_cattle5middle","misde_cattle5middle","Daily cattle herd movements in the Logone Floodplain, Cameroon","2011-03-21","11:34:01"
"382",382,5476825232,"true",14.9440933379225,11.3094735224486,1.111112,136,321,3,"gps","Bos taurus","misde_cattle5middle","misde_cattle5middle","Daily cattle herd movements in the Logone Floodplain, Cameroon","2011-03-21","11:35:01"
"383",383,5476825252,"true",14.9445515852921,11.3091028121726,1.111112,150,318,3,"gps","Bos taurus","misde_cattle5middle","misde_cattle5middle","Daily cattle herd movements in the Logone Floodplain, Cameroon","2011-03-21","11:36:01"
"384",384,5476825272,"true",14.9449273444587,11.3088134801881,1.111112,127,321,3,"gps","Bos taurus","misde_cattle5middle","misde_cattle5middle","Daily cattle herd movements in the Logone Floodplain, Cameroon","2011-03-21","11:37:02"
"385",385,5476825292,"true",14.9453305967753,11.3085060651623,1.111112,127,320,3,"gps","Bos taurus","misde_cattle5middle","misde_cattle5middle","Daily cattle herd movements in the Logone Floodplain, Cameroon","2011-03-21","11:38:02"
"386",386,5476825312,"true",14.945743004908,11.3082348265231,1.111112,127,320,3,"gps","Bos taurus","misde_cattle5middle","misde_cattle5middle","Daily cattle herd movements in the Logone Floodplain, Cameroon","2011-03-21","11:39:02"
"387",387,5476825332,"true",14.9462378784714,11.3079907337387,0.833334,117,321,3,"gps","Bos taurus","misde_cattle5middle","misde_cattle5middle","Daily cattle herd movements in the Logone Floodplain, Cameroon","2011-03-21","11:40:02"
"388",388,5476825352,"true",14.9467235927453,11.3077195070192,1.111112,109,319,4,"gps","Bos taurus","misde_cattle5middle","misde_cattle5middle","Daily cattle herd movements in the Logone Floodplain, Cameroon","2011-03-21","11:41:02"
"389",389,5476825372,"true",14.9471451635636,11.3074392242327,0.833334,147,320,2,"gps","Bos taurus","misde_cattle5middle","misde_cattle5middle","Daily cattle herd movements in the Logone Floodplain, Cameroon","2011-03-21","11:42:02"
"390",390,5476825390,"true",14.9473834497489,11.3072403026837,1.38889,117,319,4,"gps","Bos taurus","misde_cattle5middle","misde_cattle5middle","Daily cattle herd movements in the Logone Floodplain, Cameroon","2011-03-21","11:43:00"
"391",391,5476825410,"true",14.9476675856484,11.3068605126855,1.111112,159,320,3,"gps","Bos taurus","misde_cattle5middle","misde_cattle5middle","Daily cattle herd movements in the Logone Floodplain, Cameroon","2011-03-21","11:44:00"
"392",392,5476825430,"true",14.9479975509773,11.3064083799067,1.111112,127,321,3,"gps","Bos taurus","misde_cattle5middle","misde_cattle5middle","Daily cattle herd movements in the Logone Floodplain, Cameroon","2011-03-21","11:45:00"
"393",393,5476825450,"true",14.9483275168902,11.3059472029235,1.111112,144,319,3,"gps","Bos taurus","misde_cattle5middle","misde_cattle5middle","Daily cattle herd movements in the Logone Floodplain, Cameroon","2011-03-21","11:46:00"
"394",394,5476825470,"true",14.9487582646356,11.3055674373815,1.111112,127,320,3,"gps","Bos taurus","misde_cattle5middle","misde_cattle5middle","Daily cattle herd movements in the Logone Floodplain, Cameroon","2011-03-21","11:47:00"
"395",395,5476825490,"true",14.9492531438114,11.3052509889301,1.111112,127,321,3,"gps","Bos taurus","misde_cattle5middle","misde_cattle5middle","Daily cattle herd movements in the Logone Floodplain, Cameroon","2011-03-21","11:48:00"
"396",396,5476825510,"true",14.9497296951477,11.30493453653,0.555556,117,318,1,"gps","Bos taurus","misde_cattle5middle","misde_cattle5middle","Daily cattle herd movements in the Logone Floodplain, Cameroon","2011-03-21","11:49:00"
"397",397,5476825530,"true",14.950041309516,11.3045909241148,1.111112,136,318,3,"gps","Bos taurus","misde_cattle5middle","misde_cattle5middle","Daily cattle herd movements in the Logone Floodplain, Cameroon","2011-03-21","11:50:00"
"398",398,5476825550,"true",14.9504903812451,11.3042021152713,0.833334,136,320,3,"gps","Bos taurus","misde_cattle5middle","misde_cattle5middle","Daily cattle herd movements in the Logone Floodplain, Cameroon","2011-03-21","11:51:00"
"399",399,5476825566,"true",14.9507653328231,11.3039037150409,0.0277778,270,320,2,"gps","Bos taurus","misde_cattle5middle","misde_cattle5middle","Daily cattle herd movements in the Logone Floodplain, Cameroon","2011-03-21","11:52:45"
"400",400,5476825567,"true",14.9507470061324,11.3039037119937,0.0277778,136,320,1,"gps","Bos taurus","misde_cattle5middle","misde_cattle5middle","Daily cattle herd movements in the Logone Floodplain, Cameroon","2011-03-21","11:53:33"
"401",401,5476825568,"true",14.9507470076764,11.3038946681737,0,0,322,0,"gps","Bos taurus","misde_cattle5middle","misde_cattle5middle","Daily cattle herd movements in the Logone Floodplain, Cameroon","2011-03-21","11:54:33"
"402",402,5476825570,"true",14.9507561710215,11.3038946696974,0.0555556,90,322,1,"gps","Bos taurus","misde_cattle5middle","misde_cattle5middle","Daily cattle herd movements in the Logone Floodplain, Cameroon","2011-03-21","11:55:41"
"403",403,5476825574,"true",14.9507470107644,11.3038765805336,0,180,318,1,"gps","Bos taurus","misde_cattle5middle","misde_cattle5middle","Daily cattle herd movements in the Logone Floodplain, Cameroon","2011-03-21","11:56:57"
"404",404,5476825575,"true",14.9507470123084,11.3038675367136,0.555556,297,318,1,"gps","Bos taurus","misde_cattle5middle","misde_cattle5middle","Daily cattle herd movements in the Logone Floodplain, Cameroon","2011-03-21","11:57:40"
"405",405,5476825582,"true",14.9506736993698,11.3039036997937,0.555556,316,318,2,"gps","Bos taurus","misde_cattle5middle","misde_cattle5middle","Daily cattle herd movements in the Logone Floodplain, Cameroon","2011-03-21","11:58:01"
"406",406,5476825596,"true",14.9505087250213,11.3041026363161,0,0,320,0,"gps","Bos taurus","misde_cattle5middle","misde_cattle5middle","Daily cattle herd movements in the Logone Floodplain, Cameroon","2011-03-21","11:59:04"
"407",407,5476825598,"true",14.9505178883729,11.3041026378472,0.0277778,90,322,1,"gps","Bos taurus","misde_cattle5middle","misde_cattle5middle","Daily cattle herd movements in the Logone Floodplain, Cameroon","2011-03-21","12:00:00"
"408",408,5476825602,"true",14.9505270486227,11.3041207270178,0.138889,316,324,2,"gps","Bos taurus","misde_cattle5middle","misde_cattle5middle","Daily cattle herd movements in the Logone Floodplain, Cameroon","2011-03-21","12:01:36"
"409",409,5476825608,"true",14.9505728452402,11.3042383043257,1.111112,11,323,3,"gps","Bos taurus","misde_cattle5middle","misde_cattle5middle","Daily cattle herd movements in the Logone Floodplain, Cameroon","2011-03-21","12:02:02"
"410",410,5476825624,"true",14.9507377377721,11.3045186902191,0.0833334,0,321,1,"gps","Bos taurus","misde_cattle5middle","misde_cattle5middle","Daily cattle herd movements in the Logone Floodplain, Cameroon","2011-03-21","12:03:52"
"411",411,5476825625,"true",14.9507377362277,11.3045277340388,0,180,321,1,"gps","Bos taurus","misde_cattle5middle","misde_cattle5middle","Daily cattle herd movements in the Logone Floodplain, Cameroon","2011-03-21","12:04:00"
"412",412,5476825626,"true",14.9507377377721,11.3045186902191,0.0277778,270,319,1,"gps","Bos taurus","misde_cattle5middle","misde_cattle5middle","Daily cattle herd movements in the Logone Floodplain, Cameroon","2011-03-21","12:05:00"
"413",413,5476825628,"true",14.9507377362277,11.3045277340388,0,90,321,1,"gps","Bos taurus","misde_cattle5middle","misde_cattle5middle","Daily cattle herd movements in the Logone Floodplain, Cameroon","2011-03-21","12:06:26"
"414",414,5476825629,"true",14.9507468995929,11.3045277355629,0,90,321,1,"gps","Bos taurus","misde_cattle5middle","misde_cattle5middle","Daily cattle herd movements in the Logone Floodplain, Cameroon","2011-03-21","12:07:26"
"415",415,5476825630,"true",14.9507468995929,11.3045277355629,0,0,320,0,"gps","Bos taurus","misde_cattle5middle","misde_cattle5middle","Daily cattle herd movements in the Logone Floodplain, Cameroon","2011-03-21","12:08:26"
"416",416,5476825635,"true",14.9507468995929,11.3045277355629,0,0,319,0,"gps","Bos taurus","misde_cattle5middle","misde_cattle5middle","Daily cattle herd movements in the Logone Floodplain, Cameroon","2011-03-21","12:09:58"
"417",417,5476825636,"true",14.9507468995929,11.3045277355629,0.0277778,243,318,1,"gps","Bos taurus","misde_cattle5middle","misde_cattle5middle","Daily cattle herd movements in the Logone Floodplain, Cameroon","2011-03-21","12:10:58"
"418",418,5476825637,"true",14.9507377362277,11.3045277340388,0.0277778,44,315,1,"gps","Bos taurus","misde_cattle5middle","misde_cattle5middle","Daily cattle herd movements in the Logone Floodplain, Cameroon","2011-03-21","12:11:58"
"419",419,5476825638,"true",14.9507377362277,11.3045277340388,0,270,315,1,"gps","Bos taurus","misde_cattle5middle","misde_cattle5middle","Daily cattle herd movements in the Logone Floodplain, Cameroon","2011-03-21","12:12:58"
"420",420,5476825639,"true",14.9507377362277,11.3045277340388,0.0277778,136,317,1,"gps","Bos taurus","misde_cattle5middle","misde_cattle5middle","Daily cattle herd movements in the Logone Floodplain, Cameroon","2011-03-21","12:13:41"
"421",421,5476825640,"true",14.9507377362277,11.3045277340388,0.0277778,63,317,1,"gps","Bos taurus","misde_cattle5middle","misde_cattle5middle","Daily cattle herd movements in the Logone Floodplain, Cameroon","2011-03-21","12:14:41"
"422",422,5476825641,"true",14.9507468995929,11.3045277355629,0.0277778,243,317,1,"gps","Bos taurus","misde_cattle5middle","misde_cattle5middle","Daily cattle herd movements in the Logone Floodplain, Cameroon","2011-03-21","12:15:41"
"423",423,5476825642,"true",14.9507377362277,11.3045277340388,0.0277778,33,316,2,"gps","Bos taurus","misde_cattle5middle","misde_cattle5middle","Daily cattle herd movements in the Logone Floodplain, Cameroon","2011-03-21","12:16:41"
"424",424,5476825643,"true",14.9507468980488,11.3045367793825,0,0,316,0,"gps","Bos taurus","misde_cattle5middle","misde_cattle5middle","Daily cattle herd movements in the Logone Floodplain, Cameroon","2011-03-21","12:17:41"
"425",425,5476825644,"true",14.9507468980488,11.3045367793825,0,180,316,1,"gps","Bos taurus","misde_cattle5middle","misde_cattle5middle","Daily cattle herd movements in the Logone Floodplain, Cameroon","2011-03-21","12:18:07"
"426",426,5476825645,"true",14.9507468980488,11.3045367793825,0,0,320,0,"gps","Bos taurus","misde_cattle5middle","misde_cattle5middle","Daily cattle herd movements in the Logone Floodplain, Cameroon","2011-03-21","12:19:07"
"427",427,5476825646,"true",14.9507468980488,11.3045367793825,0.0277778,334,320,1,"gps","Bos taurus","misde_cattle5middle","misde_cattle5middle","Daily cattle herd movements in the Logone Floodplain, Cameroon","2011-03-21","12:20:07"
"428",428,5476825647,"true",14.9507468965047,11.3045458232022,0,90,319,1,"gps","Bos taurus","misde_cattle5middle","misde_cattle5middle","Daily cattle herd movements in the Logone Floodplain, Cameroon","2011-03-21","12:21:07"
"429",429,5476825648,"true",14.9507468965047,11.3045458232022,0,180,321,1,"gps","Bos taurus","misde_cattle5middle","misde_cattle5middle","Daily cattle herd movements in the Logone Floodplain, Cameroon","2011-03-21","12:22:07"
"430",430,5476825649,"true",14.9507468980488,11.3045367793825,0,0,321,0,"gps","Bos taurus","misde_cattle5middle","misde_cattle5middle","Daily cattle herd movements in the Logone Floodplain, Cameroon","2011-03-21","12:23:07"
"431",431,5476825655,"true",14.9507927071627,11.3045820060969,0,180,322,1,"gps","Bos taurus","misde_cattle5middle","misde_cattle5middle","Daily cattle herd movements in the Logone Floodplain, Cameroon","2011-03-21","12:24:02"
"432",432,5476825656,"true",14.9507927071627,11.3045820060969,0.0833334,270,321,1,"gps","Bos taurus","misde_cattle5middle","misde_cattle5middle","Daily cattle herd movements in the Logone Floodplain, Cameroon","2011-03-21","12:25:02"
"433",433,5476825663,"true",14.9507377315946,11.3045548654977,0.0555556,270,319,1,"gps","Bos taurus","misde_cattle5middle","misde_cattle5middle","Daily cattle herd movements in the Logone Floodplain, Cameroon","2011-03-21","12:26:09"
"434",434,5476825675,"true",14.9506369438537,11.3045005857961,0.833334,213,321,2,"gps","Bos taurus","misde_cattle5middle","misde_cattle5middle","Daily cattle herd movements in the Logone Floodplain, Cameroon","2011-03-21","12:27:02"
"435",435,5476825694,"true",14.9503162479108,11.3043739186901,1.111112,0,322,3,"gps","Bos taurus","misde_cattle5middle","misde_cattle5middle","Daily cattle herd movements in the Logone Floodplain, Cameroon","2011-03-21","12:28:00"
"436",436,5476825708,"true",14.95026122097,11.3046452240493,0.0277778,297,320,1,"gps","Bos taurus","misde_cattle5middle","misde_cattle5middle","Daily cattle herd movements in the Logone Floodplain, Cameroon","2011-03-21","12:29:59"
"437",437,5476825709,"true",14.9502520560415,11.3046542663297,0,0,320,0,"gps","Bos taurus","misde_cattle5middle","misde_cattle5middle","Daily cattle herd movements in the Logone Floodplain, Cameroon","2011-03-21","12:30:54"
"438",438,5476825710,"true",14.9502520560415,11.3046542663297,0.277778,316,320,1,"gps","Bos taurus","misde_cattle5middle","misde_cattle5middle","Daily cattle herd movements in the Logone Floodplain, Cameroon","2011-03-21","12:31:02"
"439",439,5476825719,"true",14.9501695825952,11.3046723401037,0.555556,289,321,2,"gps","Bos taurus","misde_cattle5middle","misde_cattle5middle","Daily cattle herd movements in the Logone Floodplain, Cameroon","2011-03-21","12:32:00"
"440",440,5476825729,"true",14.9500138053109,11.3046723138515,0.3888892,243,321,3,"gps","Bos taurus","misde_cattle5middle","misde_cattle5middle","Daily cattle herd movements in the Logone Floodplain, Cameroon","2011-03-21","12:33:37"
"441",441,5476825731,"true",14.9499679915998,11.3046542184758,0.277778,316,321,1,"gps","Bos taurus","misde_cattle5middle","misde_cattle5middle","Daily cattle herd movements in the Logone Floodplain, Cameroon","2011-03-21","12:34:32"
"442",442,5476825735,"true",14.9499313396932,11.3046451684618,0.0833334,236,321,2,"gps","Bos taurus","misde_cattle5middle","misde_cattle5middle","Daily cattle herd movements in the Logone Floodplain, Cameroon","2011-03-21","12:35:42"
"443",443,5476825736,"true",14.9499221778944,11.3046361230929,0.0277778,206,321,1,"gps","Bos taurus","misde_cattle5middle","misde_cattle5middle","Daily cattle herd movements in the Logone Floodplain, Cameroon","2011-03-21","12:36:09"
"444",444,5476825738,"true",14.9499038542985,11.3046180323545,0.0277778,180,320,1,"gps","Bos taurus","misde_cattle5middle","misde_cattle5middle","Daily cattle herd movements in the Logone Floodplain, Cameroon","2011-03-21","12:37:10"
"445",445,5476825739,"true",14.949903855869,11.304608988535,0.0277778,180,321,1,"gps","Bos taurus","misde_cattle5middle","misde_cattle5middle","Daily cattle herd movements in the Logone Floodplain, Cameroon","2011-03-21","12:38:10"
"446",446,5476825748,"true",14.9498580531786,11.3045275864056,0.0555556,180,320,1,"gps","Bos taurus","misde_cattle5middle","misde_cattle5middle","Daily cattle herd movements in the Logone Floodplain, Cameroon","2011-03-21","12:39:03"
"447",447,5476825751,"true",14.9498397311662,11.3045004518436,0.0277778,270,320,1,"gps","Bos taurus","misde_cattle5middle","misde_cattle5middle","Daily cattle herd movements in the Logone Floodplain, Cameroon","2011-03-21","12:40:41"
"448",448,5476825753,"true",14.9498305709476,11.3044823626523,1.111112,150,321,3,"gps","Bos taurus","misde_cattle5middle","misde_cattle5middle","Daily cattle herd movements in the Logone Floodplain, Cameroon","2011-03-21","12:41:02"
"449",449,5476825764,"true",14.9499314103275,11.3042381965801,0.0555556,224,321,2,"gps","Bos taurus","misde_cattle5middle","misde_cattle5middle","Daily cattle herd movements in the Logone Floodplain, Cameroon","2011-03-21","12:42:01"
"450",450,5476825769,"true",14.9499314260236,11.3041477583827,0.0277778,180,321,1,"gps","Bos taurus","misde_cattle5middle","misde_cattle5middle","Daily cattle herd movements in the Logone Floodplain, Cameroon","2011-03-21","12:43:26"
"451",451,5476825770,"true",14.9499314275932,11.3041387145629,0.1111112,136,321,1,"gps","Bos taurus","misde_cattle5middle","misde_cattle5middle","Daily cattle herd movements in the Logone Floodplain, Cameroon","2011-03-21","12:44:05"
"452",452,5476825772,"true",14.9499314307324,11.3041206269233,0.3888892,180,321,1,"gps","Bos taurus","misde_cattle5middle","misde_cattle5middle","Daily cattle herd movements in the Logone Floodplain, Cameroon","2011-03-21","12:45:08"
"453",453,5476825781,"true",14.9499131370017,11.3039307036078,0.1111112,136,322,1,"gps","Bos taurus","misde_cattle5middle","misde_cattle5middle","Daily cattle herd movements in the Logone Floodplain, Cameroon","2011-03-21","12:46:40"
"454",454,5476825784,"true",14.9499039783669,11.3039035705983,0.1944446,224,321,2,"gps","Bos taurus","misde_cattle5middle","misde_cattle5middle","Daily cattle herd movements in the Logone Floodplain, Cameroon","2011-03-21","12:47:19"
"455",455,5476825790,"true",14.9499223144765,11.303849310778,0.1944446,180,321,1,"gps","Bos taurus","misde_cattle5middle","misde_cattle5middle","Daily cattle herd movements in the Logone Floodplain, Cameroon","2011-03-21","12:48:03"
"456",456,5476825803,"true",14.9500689624078,11.3036503714909,0.833334,136,322,3,"gps","Bos taurus","misde_cattle5middle","misde_cattle5middle","Daily cattle herd movements in the Logone Floodplain, Cameroon","2011-03-21","12:49:01"
"457",457,5476825807,"true",14.950105623577,11.3036051585674,0,0,322,0,"gps","Bos taurus","misde_cattle5middle","misde_cattle5middle","Daily cattle herd movements in the Logone Floodplain, Cameroon","2011-03-21","12:50:08"
"458",458,5476825810,"true",14.9500964618056,11.3035961132034,0.833334,180,321,2,"gps","Bos taurus","misde_cattle5middle","misde_cattle5middle","Daily cattle herd movements in the Logone Floodplain, Cameroon","2011-03-21","12:51:45"
"459",459,5476825814,"true",14.9501056392176,11.3035147203658,0.833334,194,320,2,"gps","Bos taurus","misde_cattle5middle","misde_cattle5middle","Daily cattle herd movements in the Logone Floodplain, Cameroon","2011-03-21","12:52:29"
"460",460,5476825822,"true",14.9500140325264,11.3033609599714,0.555556,206,320,1,"gps","Bos taurus","misde_cattle5middle","misde_cattle5middle","Daily cattle herd movements in the Logone Floodplain, Cameroon","2011-03-21","12:53:02"
"461",461,5476825832,"true",14.9499407400252,11.3032795532081,0.0833334,213,323,2,"gps","Bos taurus","misde_cattle5middle","misde_cattle5middle","Daily cattle herd movements in the Logone Floodplain, Cameroon","2011-03-21","12:54:02"
"462",462,5476825837,"true",14.9499315861167,11.3032252887373,0.0833334,180,321,1,"gps","Bos taurus","misde_cattle5middle","misde_cattle5middle","Daily cattle herd movements in the Logone Floodplain, Cameroon","2011-03-21","12:55:00"
"463",463,5476825846,"true",14.9498857867782,11.3031257989648,0.0555556,243,322,1,"gps","Bos taurus","misde_cattle5middle","misde_cattle5middle","Daily cattle herd movements in the Logone Floodplain, Cameroon","2011-03-21","12:56:10"
"464",464,5476825852,"true",14.949830811573,11.3030986581961,0.1666668,243,321,1,"gps","Bos taurus","misde_cattle5middle","misde_cattle5middle","Daily cattle herd movements in the Logone Floodplain, Cameroon","2011-03-21","12:57:01"
"465",465,5476825857,"true",14.9497849918267,11.3031167380728,0.1111112,243,320,1,"gps","Bos taurus","misde_cattle5middle","misde_cattle5middle","Daily cattle herd movements in the Logone Floodplain, Cameroon","2011-03-21","12:58:06"
"466",466,5476825860,"true",14.9497666699102,11.303089603504,0.0277778,270,320,1,"gps","Bos taurus","misde_cattle5middle","misde_cattle5middle","Daily cattle herd movements in the Logone Floodplain, Cameroon","2011-03-21","12:59:33"
"467",467,5476825861,"true",14.9497575065908,11.3030896019498,0.0277778,0,320,1,"gps","Bos taurus","misde_cattle5middle","misde_cattle5middle","Daily cattle herd movements in the Logone Floodplain, Cameroon","2011-03-21","13:00:13"
"468",468,5476825863,"true",14.9497575097406,11.303071514309,0.555556,136,322,2,"gps","Bos taurus","misde_cattle5middle","misde_cattle5middle","Daily cattle herd movements in the Logone Floodplain, Cameroon","2011-03-21","13:01:02"
"469",469,5476825875,"true",14.9498033640974,11.3028544703859,0.0277778,270,321,1,"gps","Bos taurus","misde_cattle5middle","misde_cattle5middle","Daily cattle herd movements in the Logone Floodplain, Cameroon","2011-03-21","13:02:36"
"470",470,5476825877,"true",14.9498033656708,11.3028454265653,0,0,320,0,"gps","Bos taurus","misde_cattle5middle","misde_cattle5middle","Daily cattle herd movements in the Logone Floodplain, Cameroon","2011-03-21","13:03:52"
"471",471,5476825879,"true",14.9498125289824,11.3028454281181,0.0555556,180,319,1,"gps","Bos taurus","misde_cattle5middle","misde_cattle5middle","Daily cattle herd movements in the Logone Floodplain, Cameroon","2011-03-21","13:04:16"
"472",472,5476825882,"true",14.9498216954397,11.3028273420295,0,0,319,1,"gps","Bos taurus","misde_cattle5middle","misde_cattle5middle","Daily cattle herd movements in the Logone Floodplain, Cameroon","2011-03-21","13:05:22"
"473",473,5476825883,"true",14.9498216954397,11.3028273420295,0,0,319,0,"gps","Bos taurus","misde_cattle5middle","misde_cattle5middle","Daily cattle herd movements in the Logone Floodplain, Cameroon","2011-03-21","13:06:09"
"474",474,5476825885,"true",14.9498308587508,11.3028273435817,0.0555556,53,319,3,"gps","Bos taurus","misde_cattle5middle","misde_cattle5middle","Daily cattle herd movements in the Logone Floodplain, Cameroon","2011-03-21","13:07:12"
"475",475,5476825886,"true",14.9498491838008,11.3028363905058,0,180,319,1,"gps","Bos taurus","misde_cattle5middle","misde_cattle5middle","Daily cattle herd movements in the Logone Floodplain, Cameroon","2011-03-21","13:08:12"
"476",476,5476825888,"true",14.9498583471121,11.3028363920572,0.138889,270,319,1,"gps","Bos taurus","misde_cattle5middle","misde_cattle5middle","Daily cattle herd movements in the Logone Floodplain, Cameroon","2011-03-21","13:09:49"
"477",477,5476825890,"true",14.9498491806568,11.3028544781469,0.2222224,316,318,1,"gps","Bos taurus","misde_cattle5middle","misde_cattle5middle","Daily cattle herd movements in the Logone Floodplain, Cameroon","2011-03-21","13:10:53"
"478",478,5476825892,"true",14.9498400173449,11.3028544765953,0.0277778,117,318,1,"gps","Bos taurus","misde_cattle5middle","misde_cattle5middle","Daily cattle herd movements in the Logone Floodplain, Cameroon","2011-03-21","13:11:02"
"479",479,5476825893,"true",14.9498583455404,11.3028454358777,0.0277778,270,319,1,"gps","Bos taurus","misde_cattle5middle","misde_cattle5middle","Daily cattle herd movements in the Logone Floodplain, Cameroon","2011-03-21","13:12:02"
"480",480,5476825895,"true",14.9498491806568,11.3028544781469,0,0,317,0,"gps","Bos taurus","misde_cattle5middle","misde_cattle5middle","Daily cattle herd movements in the Logone Floodplain, Cameroon","2011-03-21","13:13:31"
"481",481,5476825897,"true",14.9498400173449,11.3028544765953,0,0,316,1,"gps","Bos taurus","misde_cattle5middle","misde_cattle5middle","Daily cattle herd movements in the Logone Floodplain, Cameroon","2011-03-21","13:14:07"
"482",482,5476825898,"true",14.9498400173449,11.3028544765953,0,90,317,1,"gps","Bos taurus","misde_cattle5middle","misde_cattle5middle","Daily cattle herd movements in the Logone Floodplain, Cameroon","2011-03-21","13:15:07"
"483",483,5476825899,"true",14.9498491806568,11.3028544781469,0,0,317,0,"gps","Bos taurus","misde_cattle5middle","misde_cattle5middle","Daily cattle herd movements in the Logone Floodplain, Cameroon","2011-03-21","13:16:03"
"484",484,5476825903,"true",14.949830854033,11.3028544750434,0.1944446,180,318,1,"gps","Bos taurus","misde_cattle5middle","misde_cattle5middle","Daily cattle herd movements in the Logone Floodplain, Cameroon","2011-03-21","13:17:17"
"485",485,5476825905,"true",14.9498308571782,11.3028363874023,0.0833334,44,319,1,"gps","Bos taurus","misde_cattle5middle","misde_cattle5middle","Daily cattle herd movements in the Logone Floodplain, Cameroon","2011-03-21","13:18:20"
"486",486,5476825908,"true",14.9498491806568,11.3028544781469,0.0277778,270,320,1,"gps","Bos taurus","misde_cattle5middle","misde_cattle5middle","Daily cattle herd movements in the Logone Floodplain, Cameroon","2011-03-21","13:19:16"
"487",487,5476825911,"true",14.9498491806568,11.3028544781469,0.0555556,63,318,1,"gps","Bos taurus","misde_cattle5middle","misde_cattle5middle","Daily cattle herd movements in the Logone Floodplain, Cameroon","2011-03-21","13:20:56"
"488",488,5476825912,"true",14.949858342397,11.3028635235188,0.277778,316,318,1,"gps","Bos taurus","misde_cattle5middle","misde_cattle5middle","Daily cattle herd movements in the Logone Floodplain, Cameroon","2011-03-21","13:21:19"
"489",489,5476825916,"true",14.9498675025663,11.302881612711,0,0,319,0,"gps","Bos taurus","misde_cattle5middle","misde_cattle5middle","Daily cattle herd movements in the Logone Floodplain, Cameroon","2011-03-21","13:22:30"
"490",490,5476825919,"true",14.9498675041377,11.3028725688905,0,0,317,0,"gps","Bos taurus","misde_cattle5middle","misde_cattle5middle","Daily cattle herd movements in the Logone Floodplain, Cameroon","2011-03-21","13:23:00"
"491",491,5476825926,"true",14.9498400094835,11.302899695698,0.0833334,297,317,3,"gps","Bos taurus","misde_cattle5middle","misde_cattle5middle","Daily cattle herd movements in the Logone Floodplain, Cameroon","2011-03-21","13:24:02"
"492",492,5476825929,"true",14.9497941897694,11.3029177755765,0.138889,90,319,1,"gps","Bos taurus","misde_cattle5middle","misde_cattle5middle","Daily cattle herd movements in the Logone Floodplain, Cameroon","2011-03-21","13:25:58"
"493",493,5476825930,"true",14.9497941897694,11.3029177755765,0.555556,334,319,1,"gps","Bos taurus","misde_cattle5middle","misde_cattle5middle","Daily cattle herd movements in the Logone Floodplain, Cameroon","2011-03-21","13:26:02"
"494",494,5476825946,"true",14.9500140763992,11.3031077330019,0.0555556,59,318,3,"gps","Bos taurus","misde_cattle5middle","misde_cattle5middle","Daily cattle herd movements in the Logone Floodplain, Cameroon","2011-03-21","13:27:01"
"495",495,5476825947,"true",14.9500415632271,11.3031258252808,0.0555556,44,318,2,"gps","Bos taurus","misde_cattle5middle","misde_cattle5middle","Daily cattle herd movements in the Logone Floodplain, Cameroon","2011-03-21","13:28:01"
"496",496,5476825950,"true",14.9500598867373,11.3031439160122,0.0833334,0,318,1,"gps","Bos taurus","misde_cattle5middle","misde_cattle5middle","Daily cattle herd movements in the Logone Floodplain, Cameroon","2011-03-21","13:29:14"
"497",497,5476825960,"true",14.950215642909,11.3032615119016,0.833334,44,321,3,"gps","Bos taurus","misde_cattle5middle","misde_cattle5middle","Daily cattle herd movements in the Logone Floodplain, Cameroon","2011-03-21","13:30:02"
"498",498,5476825976,"true",14.9504904960964,11.3035328725898,0.1111112,90,319,1,"gps","Bos taurus","misde_cattle5middle","misde_cattle5middle","Daily cattle herd movements in the Logone Floodplain, Cameroon","2011-03-21","13:31:00"
"499",499,5476825983,"true",14.9505546254812,11.303614277687,0.0555556,0,319,1,"gps","Bos taurus","misde_cattle5middle","misde_cattle5middle","Daily cattle herd movements in the Logone Floodplain, Cameroon","2011-03-21","13:32:01"
"500",500,5476825986,"true",14.9505454574942,11.3036414076176,0.0555556,26,318,1,"gps","Bos taurus","misde_cattle5middle","misde_cattle5middle","Daily cattle herd movements in the Logone Floodplain, Cameroon","2011-03-21","13:33:10"
"501",501,5476825990,"true",14.9505729444063,11.3036594998469,0.1666668,327,319,2,"gps","Bos taurus","misde_cattle5middle","misde_cattle5middle","Daily cattle herd movements in the Logone Floodplain, Cameroon","2011-03-21","13:34:00"
"502",502,5476826002,"true",14.9507103821088,11.3037318733145,0.1944446,90,318,1,"gps","Bos taurus","misde_cattle5middle","misde_cattle5middle","Daily cattle herd movements in the Logone Floodplain, Cameroon","2011-03-21","13:35:02"
"503",503,5476826014,"true",14.9508753345464,11.3036595501567,0.277778,136,316,1,"gps","Bos taurus","misde_cattle5middle","misde_cattle5middle","Daily cattle herd movements in the Logone Floodplain, Cameroon","2011-03-21","13:36:19"
"504",504,5476826027,"true",14.9510127876818,11.3036414852823,0.555556,342,316,2,"gps","Bos taurus","misde_cattle5middle","misde_cattle5middle","Daily cattle herd movements in the Logone Floodplain, Cameroon","2011-03-21","13:37:02"
"505",505,5476826038,"true",14.9510585813539,11.3037771501597,0.555556,18,317,2,"gps","Bos taurus","misde_cattle5middle","misde_cattle5middle","Daily cattle herd movements in the Logone Floodplain, Cameroon","2011-03-21","13:38:02"
"506",506,5476826047,"true",14.9510585706143,11.3038404569007,0.277778,136,317,1,"gps","Bos taurus","misde_cattle5middle","misde_cattle5middle","Daily cattle herd movements in the Logone Floodplain, Cameroon","2011-03-21","13:39:20"
"507",507,5476826057,"true",14.9511318574461,11.3039580386665,0.3055558,14,316,2,"gps","Bos taurus","misde_cattle5middle","misde_cattle5middle","Daily cattle herd movements in the Logone Floodplain, Cameroon","2011-03-21","13:40:01"
"508",508,5476826065,"true",14.9511043428796,11.3041027352494,0.0833334,63,317,1,"gps","Bos taurus","misde_cattle5middle","misde_cattle5middle","Daily cattle herd movements in the Logone Floodplain, Cameroon","2011-03-21","13:41:18"
"509",509,5476826067,"true",14.9511135031663,11.304120824402,0.555556,44,317,2,"gps","Bos taurus","misde_cattle5middle","misde_cattle5middle","Daily cattle herd movements in the Logone Floodplain, Cameroon","2011-03-21","13:42:06"
"510",510,5476826072,"true",14.9511409901597,11.3041389165783,0,0,317,0,"gps","Bos taurus","misde_cattle5middle","misde_cattle5middle","Daily cattle herd movements in the Logone Floodplain, Cameroon","2011-03-21","13:43:15"
"511",511,5476826081,"true",14.9510585077098,11.3042112535207,0.555556,297,315,1,"gps","Bos taurus","misde_cattle5middle","misde_cattle5middle","Daily cattle herd movements in the Logone Floodplain, Cameroon","2011-03-21","13:44:01"
"512",512,5476826098,"true",14.9507927565274,11.3042926038661,0.833334,297,318,3,"gps","Bos taurus","misde_cattle5middle","misde_cattle5middle","Daily cattle herd movements in the Logone Floodplain, Cameroon","2011-03-21","13:45:00"
"513",513,5476826117,"true",14.9503987103778,11.3044191516123,0.1944446,297,318,1,"gps","Bos taurus","misde_cattle5middle","misde_cattle5middle","Daily cattle herd movements in the Logone Floodplain, Cameroon","2011-03-21","13:46:05"
"514",514,5476826124,"true",14.9503070642983,11.3044914868081,0.833334,334,319,3,"gps","Bos taurus","misde_cattle5middle","misde_cattle5middle","Daily cattle herd movements in the Logone Floodplain, Cameroon","2011-03-21","13:47:02"
"515",515,5476826135,"true",14.950151262107,11.3046361617415,1.111112,282,322,3,"gps","Bos taurus","misde_cattle5middle","misde_cattle5middle","Daily cattle herd movements in the Logone Floodplain, Cameroon","2011-03-21","13:48:00"
"516",516,5476826142,"true",14.950022973381,11.3046451839396,0.833334,243,320,3,"gps","Bos taurus","misde_cattle5middle","misde_cattle5middle","Daily cattle herd movements in the Logone Floodplain, Cameroon","2011-03-21","13:49:02"
"517",517,5476826150,"true",14.9499221873141,11.304581860176,0.1944446,270,321,1,"gps","Bos taurus","misde_cattle5middle","misde_cattle5middle","Daily cattle herd movements in the Logone Floodplain, Cameroon","2011-03-21","13:50:10"
"518",518,5476826159,"true",14.9498305426367,11.3046451514034,0.833334,327,320,2,"gps","Bos taurus","misde_cattle5middle","misde_cattle5middle","Daily cattle herd movements in the Logone Floodplain, Cameroon","2011-03-21","13:51:00"
"519",519,5476826170,"true",14.9495922808265,11.3047265053218,1.111112,282,321,3,"gps","Bos taurus","misde_cattle5middle","misde_cattle5middle","Daily cattle herd movements in the Logone Floodplain, Cameroon","2011-03-21","13:52:00"
"520",520,5476826181,"true",14.949317373332,11.3047626336803,0.555556,243,321,1,"gps","Bos taurus","misde_cattle5middle","misde_cattle5middle","Daily cattle herd movements in the Logone Floodplain, Cameroon","2011-03-21","13:53:13"
"521",521,5476826197,"true",14.9489141913531,11.3047263891273,1.111112,270,321,3,"gps","Bos taurus","misde_cattle5middle","misde_cattle5middle","Daily cattle herd movements in the Logone Floodplain, Cameroon","2011-03-21","13:54:01"
"522",522,5476826217,"true",14.9483460769151,11.3046448962068,1.111112,260,319,4,"gps","Bos taurus","misde_cattle5middle","misde_cattle5middle","Daily cattle herd movements in the Logone Floodplain, Cameroon","2011-03-21","13:55:01"
"523",523,5476826235,"true",14.9478512795392,11.3045091521996,0.138889,270,318,1,"gps","Bos taurus","misde_cattle5middle","misde_cattle5middle","Daily cattle herd movements in the Logone Floodplain, Cameroon","2011-03-21","13:56:08"
"524",524,5476826251,"true",14.9474939198606,11.3044457823212,0.833334,256,319,2,"gps","Bos taurus","misde_cattle5middle","misde_cattle5middle","Daily cattle herd movements in the Logone Floodplain, Cameroon","2011-03-21","13:57:01"
"525",525,5476826271,"true",14.94693498472,11.3042828939478,0.833334,256,319,2,"gps","Bos taurus","misde_cattle5middle","misde_cattle5middle","Daily cattle herd movements in the Logone Floodplain, Cameroon","2011-03-21","13:58:01"
"526",526,5476826289,"true",14.9465318137826,11.3041923832391,1.38889,278,320,4,"gps","Bos taurus","misde_cattle5middle","misde_cattle5middle","Daily cattle herd movements in the Logone Floodplain, Cameroon","2011-03-21","13:59:02"
"527",527,5476826309,"true",14.9459545258784,11.3041741908157,1.111112,260,318,4,"gps","Bos taurus","misde_cattle5middle","misde_cattle5middle","Daily cattle herd movements in the Logone Floodplain, Cameroon","2011-03-21","14:00:02"
"528",528,5476826318,"true",14.9457712673141,11.3041289382195,1.111112,282,321,3,"gps","Bos taurus","misde_cattle5middle","misde_cattle5middle","Daily cattle herd movements in the Logone Floodplain, Cameroon","2011-03-21","14:01:00"
"529",529,5476826338,"true",14.9451848317063,11.3040293482463,1.111112,260,321,4,"gps","Bos taurus","misde_cattle5middle","misde_cattle5middle","Daily cattle herd movements in the Logone Floodplain, Cameroon","2011-03-21","14:02:00"
"530",530,5476826358,"true",14.9445983912984,11.3039568885705,1.111112,270,322,3,"gps","Bos taurus","misde_cattle5middle","misde_cattle5middle","Daily cattle herd movements in the Logone Floodplain, Cameroon","2011-03-21","14:03:00"
"531",531,5476826377,"true",14.9441219165706,11.3038573170438,1.111112,270,323,4,"gps","Bos taurus","misde_cattle5middle","misde_cattle5middle","Daily cattle herd movements in the Logone Floodplain, Cameroon","2011-03-21","14:04:14"
"532",532,5476826393,"true",14.9436637653225,11.3037758358762,1.111112,258,322,3,"gps","Bos taurus","misde_cattle5middle","misde_cattle5middle","Daily cattle herd movements in the Logone Floodplain, Cameroon","2011-03-21","14:05:02"
"533",533,5476826407,"true",14.9433522188589,11.3037396011742,0.555556,289,321,2,"gps","Bos taurus","misde_cattle5middle","misde_cattle5middle","Daily cattle herd movements in the Logone Floodplain, Cameroon","2011-03-21","14:06:01"
"534",534,5476826425,"true",14.9429215347691,11.3037756937632,0.3888892,270,323,1,"gps","Bos taurus","misde_cattle5middle","misde_cattle5middle","Daily cattle herd movements in the Logone Floodplain, Cameroon","2011-03-21","14:07:02"
"535",535,5476826444,"true",14.9424358831593,11.3037484683123,1.111112,260,321,4,"gps","Bos taurus","misde_cattle5middle","misde_cattle5middle","Daily cattle herd movements in the Logone Floodplain, Cameroon","2011-03-21","14:08:01"
"536",536,5476826460,"true",14.9420510392652,11.3036669988912,1.111112,248,321,3,"gps","Bos taurus","misde_cattle5middle","misde_cattle5middle","Daily cattle herd movements in the Logone Floodplain, Cameroon","2011-03-21","14:09:01"
"537",537,5476826480,"true",14.9414829270795,11.3035945366373,1.111112,248,320,3,"gps","Bos taurus","misde_cattle5middle","misde_cattle5middle","Daily cattle herd movements in the Logone Floodplain, Cameroon","2011-03-21","14:10:01"
"538",538,5476826498,"true",14.941033942194,11.3035040093973,0.1111112,270,322,4,"gps","Bos taurus","misde_cattle5middle","misde_cattle5middle","Daily cattle herd movements in the Logone Floodplain, Cameroon","2011-03-21","14:11:02"
"539",539,5476826506,"true",14.9408965014904,11.3034587629066,0.0555556,243,321,1,"gps","Bos taurus","misde_cattle5middle","misde_cattle5middle","Daily cattle herd movements in the Logone Floodplain, Cameroon","2011-03-21","14:12:05"
"540",540,5476826519,"true",14.9405849650437,11.3033773062023,0.833334,236,321,2,"gps","Bos taurus","misde_cattle5middle","misde_cattle5middle","Daily cattle herd movements in the Logone Floodplain, Cameroon","2011-03-21","14:13:02"
"541",541,5476826527,"true",14.9405116528328,11.3034044229441,0.138889,270,320,1,"gps","Bos taurus","misde_cattle5middle","misde_cattle5middle","Daily cattle herd movements in the Logone Floodplain, Cameroon","2011-03-21","14:14:04"
"542",542,5476826535,"true",14.9403925333071,11.3033863113566,1.111112,258,322,3,"gps","Bos taurus","misde_cattle5middle","misde_cattle5middle","Daily cattle herd movements in the Logone Floodplain, Cameroon","2011-03-21","14:15:02"
"543",543,5476826552,"true",14.9400168500502,11.3033229287771,0.0555556,270,323,1,"gps","Bos taurus","misde_cattle5middle","misde_cattle5middle","Daily cattle herd movements in the Logone Floodplain, Cameroon","2011-03-21","14:16:03"
"544",544,5476826564,"true",14.9396869684518,11.3033319056048,0.138889,251,323,2,"gps","Bos taurus","misde_cattle5middle","misde_cattle5middle","Daily cattle herd movements in the Logone Floodplain, Cameroon","2011-03-21","14:17:08"
"545",545,5476826578,"true",14.9393021144913,11.3033046955283,0.3055558,270,322,1,"gps","Bos taurus","misde_cattle5middle","misde_cattle5middle","Daily cattle herd movements in the Logone Floodplain, Cameroon","2011-03-21","14:18:01"
"546",546,5476826587,"true",14.939146330344,11.3033408388381,0.833334,297,321,3,"gps","Bos taurus","misde_cattle5middle","misde_cattle5middle","Daily cattle herd movements in the Logone Floodplain, Cameroon","2011-03-21","14:19:00"
"547",547,5476826601,"true",14.9388805747413,11.3034312223061,0.555556,289,322,2,"gps","Bos taurus","misde_cattle5middle","misde_cattle5middle","Daily cattle herd movements in the Logone Floodplain, Cameroon","2011-03-21","14:20:14"
"548",548,5476826611,"true",14.9386881467653,11.3034221387156,0.138889,270,322,1,"gps","Bos taurus","misde_cattle5middle","misde_cattle5middle","Daily cattle herd movements in the Logone Floodplain, Cameroon","2011-03-21","14:21:00"
"549",549,5476826619,"true",14.9385690254249,11.3034130702137,0.833334,270,321,2,"gps","Bos taurus","misde_cattle5middle","misde_cattle5middle","Daily cattle herd movements in the Logone Floodplain, Cameroon","2011-03-21","14:22:36"
"550",550,5476826625,"true",14.9384682268896,11.3034220931087,0.138889,289,321,2,"gps","Bos taurus","misde_cattle5middle","misde_cattle5middle","Daily cattle herd movements in the Logone Floodplain, Cameroon","2011-03-21","14:23:04"
"551",551,5476826634,"true",14.9383032869836,11.3034220587965,0.833334,236,322,2,"gps","Bos taurus","misde_cattle5middle","misde_cattle5middle","Daily cattle herd movements in the Logone Floodplain, Cameroon","2011-03-21","14:24:04"
"552",552,5476826645,"true",14.9380925382001,11.3033858395458,0.1111112,270,321,1,"gps","Bos taurus","misde_cattle5middle","misde_cattle5middle","Daily cattle herd movements in the Logone Floodplain, Cameroon","2011-03-21","14:25:01"
"553",553,5476826651,"true",14.9379459269149,11.3033767650463,0.3888892,270,322,1,"gps","Bos taurus","misde_cattle5middle","misde_cattle5middle","Daily cattle herd movements in the Logone Floodplain, Cameroon","2011-03-21","14:26:07"
"554",554,5476826660,"true",14.9377718276111,11.3033586408815,0.833334,243,322,3,"gps","Bos taurus","misde_cattle5middle","misde_cattle5middle","Daily cattle herd movements in the Logone Floodplain, Cameroon","2011-03-21","14:27:02"
"555",555,5476826665,"true",14.9376985249091,11.3033405378339,0.2500002,243,320,1,"gps","Bos taurus","misde_cattle5middle","misde_cattle5middle","Daily cattle herd movements in the Logone Floodplain, Cameroon","2011-03-21","14:28:02"
"556",556,5476826677,"true",14.9374144637842,11.3033314341274,1.111112,270,322,4,"gps","Bos taurus","misde_cattle5middle","misde_cattle5middle","Daily cattle herd movements in the Logone Floodplain, Cameroon","2011-03-21","14:29:02"
"557",557,5476826689,"true",14.9371487352387,11.3032952025831,1.111112,270,321,4,"gps","Bos taurus","misde_cattle5middle","misde_cattle5middle","Daily cattle herd movements in the Logone Floodplain, Cameroon","2011-03-21","14:30:02"
"558",558,5476826701,"true",14.9369563093902,11.3032770740499,1.111112,282,320,3,"gps","Bos taurus","misde_cattle5middle","misde_cattle5middle","Daily cattle herd movements in the Logone Floodplain, Cameroon","2011-03-21","14:31:00"
"559",559,5476826718,"true",14.936699724434,11.3033312822357,0.3333336,270,322,3,"gps","Bos taurus","misde_cattle5middle","misde_cattle5middle","Daily cattle herd movements in the Logone Floodplain, Cameroon","2011-03-21","14:32:01"
"560",560,5476826728,"true",14.9364797986626,11.3033583666073,0.1111112,224,322,1,"gps","Bos taurus","misde_cattle5middle","misde_cattle5middle","Daily cattle herd movements in the Logone Floodplain, Cameroon","2011-03-21","14:33:01"
"561",561,5476826735,"true",14.9363790020793,11.303358344973,0.2222224,224,321,1,"gps","Bos taurus","misde_cattle5middle","misde_cattle5middle","Daily cattle herd movements in the Logone Floodplain, Cameroon","2011-03-21","14:34:00"
"562",562,5476826744,"true",14.9362598808429,11.3033492755429,0.1944446,284,321,2,"gps","Bos taurus","misde_cattle5middle","misde_cattle5middle","Daily cattle herd movements in the Logone Floodplain, Cameroon","2011-03-21","14:35:02"
"563",563,5476826753,"true",14.9361499249409,11.3033311642223,0.1944446,258,320,3,"gps","Bos taurus","misde_cattle5middle","misde_cattle5middle","Daily cattle herd movements in the Logone Floodplain, Cameroon","2011-03-21","14:36:05"
"564",564,5476826760,"true",14.9360216444099,11.3033040050848,1.111112,270,318,3,"gps","Bos taurus","misde_cattle5middle","misde_cattle5middle","Daily cattle herd movements in the Logone Floodplain, Cameroon","2011-03-21","14:37:20"
"565",565,5476826769,"true",14.9358108919838,11.3032858718485,0.277778,224,319,1,"gps","Bos taurus","misde_cattle5middle","misde_cattle5middle","Daily cattle herd movements in the Logone Floodplain, Cameroon","2011-03-21","14:38:10"
"566",566,5476826781,"true",14.9355818008237,11.303321997385,0.833334,243,319,3,"gps","Bos taurus","misde_cattle5middle","misde_cattle5middle","Daily cattle herd movements in the Logone Floodplain, Cameroon","2011-03-21","14:39:01"
"567",567,5476826793,"true",14.9354718429533,11.303312929631,0.138889,270,320,1,"gps","Bos taurus","misde_cattle5middle","misde_cattle5middle","Daily cattle herd movements in the Logone Floodplain, Cameroon","2011-03-21","14:40:02"
"568",568,5476826808,"true",14.9352610763519,11.3033581027292,0.1111112,270,321,1,"gps","Bos taurus","misde_cattle5middle","misde_cattle5middle","Daily cattle herd movements in the Logone Floodplain, Cameroon","2011-03-21","14:41:01"
"569",569,5476826822,"true",14.9351327938614,11.303339987025,0.1111112,270,321,1,"gps","Bos taurus","misde_cattle5middle","misde_cattle5middle","Daily cattle herd movements in the Logone Floodplain, Cameroon","2011-03-21","14:42:04"
"570",570,5476826831,"true",14.9349861806627,11.3033399548789,0.555556,289,322,2,"gps","Bos taurus","misde_cattle5middle","misde_cattle5middle","Daily cattle herd movements in the Logone Floodplain, Cameroon","2011-03-21","14:43:00"
"571",571,5476826844,"true",14.9347845875153,11.3033399105595,1.111112,270,323,3,"gps","Bos taurus","misde_cattle5middle","misde_cattle5middle","Daily cattle herd movements in the Logone Floodplain, Cameroon","2011-03-21","14:44:01"
"572",572,5476826854,"true",14.9346196558659,11.3033036989248,0.2222224,243,321,1,"gps","Bos taurus","misde_cattle5middle","misde_cattle5middle","Daily cattle herd movements in the Logone Floodplain, Cameroon","2011-03-21","14:45:04"
"573",573,5476826868,"true",14.9343722646419,11.3032222498473,0.2222224,270,321,1,"gps","Bos taurus","misde_cattle5middle","misde_cattle5middle","Daily cattle herd movements in the Logone Floodplain, Cameroon","2011-03-21","14:46:01"
"574",574,5476826882,"true",14.9340973794718,11.3031588820839,1.111112,248,320,3,"gps","Bos taurus","misde_cattle5middle","misde_cattle5middle","Daily cattle herd movements in the Logone Floodplain, Cameroon","2011-03-21","14:47:01"
"575",575,5476826893,"true",14.9338683213734,11.3030503052098,1.111112,248,321,3,"gps","Bos taurus","misde_cattle5middle","misde_cattle5middle","Daily cattle herd movements in the Logone Floodplain, Cameroon","2011-03-21","14:48:02"
"576",576,5476826900,"true",14.9337492045021,11.3030231471352,0.1111112,270,321,1,"gps","Bos taurus","misde_cattle5middle","misde_cattle5middle","Daily cattle herd movements in the Logone Floodplain, Cameroon","2011-03-21","14:49:06"
"577",577,5476826914,"true",14.9334560055518,11.3029055117707,0.2222224,270,320,1,"gps","Bos taurus","misde_cattle5middle","misde_cattle5middle","Daily cattle herd movements in the Logone Floodplain, Cameroon","2011-03-21","14:50:16"
"578",578,5476826922,"true",14.933336899228,11.3028331344412,1.111112,224,319,3,"gps","Bos taurus","misde_cattle5middle","misde_cattle5middle","Daily cattle herd movements in the Logone Floodplain, Cameroon","2011-03-21","14:51:01"
"579",579,5476826932,"true",14.9332361321328,11.3027064982877,0.833334,180,319,2,"gps","Bos taurus","misde_cattle5middle","misde_cattle5middle","Daily cattle herd movements in the Logone Floodplain, Cameroon","2011-03-21","14:52:00"
"580",580,5476826948,"true",14.9331353986593,11.3024351610105,0.3888892,162,319,2,"gps","Bos taurus","misde_cattle5middle","misde_cattle5middle","Daily cattle herd movements in the Logone Floodplain, Cameroon","2011-03-21","14:53:07"
"581",581,5476826956,"true",14.9331629220659,11.3022904661244,0.1944446,180,320,1,"gps","Bos taurus","misde_cattle5middle","misde_cattle5middle","Daily cattle herd movements in the Logone Floodplain, Cameroon","2011-03-21","14:54:00"
"582",582,5476826970,"true",14.9331721167767,11.3021548109184,0.833334,297,321,3,"gps","Bos taurus","misde_cattle5middle","misde_cattle5middle","Daily cattle herd movements in the Logone Floodplain, Cameroon","2011-03-21","14:55:06"
"583",583,5476826984,"true",14.932943024095,11.3021999782382,1.111112,282,318,3,"gps","Bos taurus","misde_cattle5middle","misde_cattle5middle","Daily cattle herd movements in the Logone Floodplain, Cameroon","2011-03-21","14:56:02"
"584",584,5476826998,"true",14.9327964283333,11.3021275944659,0.138889,206,318,1,"gps","Bos taurus","misde_cattle5middle","misde_cattle5middle","Daily cattle herd movements in the Logone Floodplain, Cameroon","2011-03-21","14:57:03"
"585",585,5476827009,"true",14.932695661721,11.3020009581252,0.138889,270,320,1,"gps","Bos taurus","misde_cattle5middle","misde_cattle5middle","Daily cattle herd movements in the Logone Floodplain, Cameroon","2011-03-21","14:58:03"
"586",586,5476827022,"true",14.9327872503005,11.3021908991142,1.111112,44,321,3,"gps","Bos taurus","misde_cattle5middle","misde_cattle5middle","Daily cattle herd movements in the Logone Floodplain, Cameroon","2011-03-21","14:59:01"
"587",587,5476827034,"true",14.9329979765237,11.3023175603158,0.277778,44,321,1,"gps","Bos taurus","misde_cattle5middle","misde_cattle5middle","Daily cattle herd movements in the Logone Floodplain, Cameroon","2011-03-21","15:00:11"
"588",588,5476827042,"true",14.9330437887867,11.3023356583122,0.0833334,44,321,1,"gps","Bos taurus","misde_cattle5middle","misde_cattle5middle","Daily cattle herd movements in the Logone Floodplain, Cameroon","2011-03-21","15:01:13"
"589",589,5476827055,"true",14.9327597182852,11.3023717692376,0.833334,270,322,2,"gps","Bos taurus","misde_cattle5middle","misde_cattle5middle","Daily cattle herd movements in the Logone Floodplain, Cameroon","2011-03-21","15:02:11"
"590",590,5476827066,"true",14.9325764566374,11.3023536399427,1.111112,224,321,3,"gps","Bos taurus","misde_cattle5middle","misde_cattle5middle","Daily cattle herd movements in the Logone Floodplain, Cameroon","2011-03-21","15:03:06"
"591",591,5476827080,"true",14.9324115470201,11.3022269889002,0.2222224,198,320,2,"gps","Bos taurus","misde_cattle5middle","misde_cattle5middle","Daily cattle herd movements in the Logone Floodplain, Cameroon","2011-03-21","15:04:03"
"592",592,5476827083,"true",14.9323565778866,11.3021817572596,0.1944446,224,319,3,"gps","Bos taurus","misde_cattle5middle","misde_cattle5middle","Daily cattle herd movements in the Logone Floodplain, Cameroon","2011-03-21","15:05:00"
"593",593,5476827093,"true",14.9321733567785,11.3019917951714,0.1111112,270,321,1,"gps","Bos taurus","misde_cattle5middle","misde_cattle5middle","Daily cattle herd movements in the Logone Floodplain, Cameroon","2011-03-21","15:06:04"
"594",594,5476827105,"true",14.9320359458986,11.3018289749391,0.2500002,180,320,1,"gps","Bos taurus","misde_cattle5middle","misde_cattle5middle","Daily cattle herd movements in the Logone Floodplain, Cameroon","2011-03-21","15:07:00"
"595",595,5476827114,"true",14.931990144438,11.3017656576957,0.2222224,224,321,1,"gps","Bos taurus","misde_cattle5middle","misde_cattle5middle","Daily cattle herd movements in the Logone Floodplain, Cameroon","2011-03-21","15:08:01"
"596",596,5476827126,"true",14.9318160635961,11.3016751794895,0.1111112,224,318,1,"gps","Bos taurus","misde_cattle5middle","misde_cattle5middle","Daily cattle herd movements in the Logone Floodplain, Cameroon","2011-03-21","15:09:14"
"597",597,5476827135,"true",14.9317427681213,11.3016299435155,0.138889,206,318,1,"gps","Bos taurus","misde_cattle5middle","misde_cattle5middle","Daily cattle herd movements in the Logone Floodplain, Cameroon","2011-03-21","15:10:10"
"598",598,5476827140,"true",14.9317152783113,11.3016299371799,0.1944446,270,319,1,"gps","Bos taurus","misde_cattle5middle","misde_cattle5middle","Daily cattle herd movements in the Logone Floodplain, Cameroon","2011-03-21","15:11:01"
"599",599,5476827146,"true",14.9316786209487,11.3016480163651,0.1111112,270,321,1,"gps","Bos taurus","misde_cattle5middle","misde_cattle5middle","Daily cattle herd movements in the Logone Floodplain, Cameroon","2011-03-21","15:12:02"
"600",600,5476827153,"true",14.9316236434685,11.3016389598612,1.111112,216,322,3,"gps","Bos taurus","misde_cattle5middle","misde_cattle5middle","Daily cattle herd movements in the Logone Floodplain, Cameroon","2011-03-21","15:13:06"
"601",601,5476827166,"true",14.9315228625193,11.3015756298497,0.138889,180,321,1,"gps","Bos taurus","misde_cattle5middle","misde_cattle5middle","Daily cattle herd movements in the Logone Floodplain, Cameroon","2011-03-21","15:14:01"
"602",602,5476827173,"true",14.9314678893538,11.3015484856804,0.277778,224,321,1,"gps","Bos taurus","misde_cattle5middle","misde_cattle5middle","Daily cattle herd movements in the Logone Floodplain, Cameroon","2011-03-21","15:15:03"
"603",603,5476827181,"true",14.9313762695851,11.3014942015571,0.416667,284,319,2,"gps","Bos taurus","misde_cattle5middle","misde_cattle5middle","Daily cattle herd movements in the Logone Floodplain, Cameroon","2011-03-21","15:16:05"
"604",604,5476827194,"true",14.9312663168606,11.3014670446088,0.3333336,224,320,2,"gps","Bos taurus","misde_cattle5middle","misde_cattle5middle","Daily cattle herd movements in the Logone Floodplain, Cameroon","2011-03-21","15:17:03"
"605",605,5476827200,"true",14.9311655231061,11.3014579773858,0.1944446,270,320,1,"gps","Bos taurus","misde_cattle5middle","misde_cattle5middle","Daily cattle herd movements in the Logone Floodplain, Cameroon","2011-03-21","15:18:10"
"606",606,5476827208,"true",14.931055566094,11.3014489079961,0.0833334,243,320,3,"gps","Bos taurus","misde_cattle5middle","misde_cattle5middle","Daily cattle herd movements in the Logone Floodplain, Cameroon","2011-03-21","15:19:00"
"607",607,5476827214,"true",14.931000592997,11.3014217637402,0.0555556,270,320,2,"gps","Bos taurus","misde_cattle5middle","misde_cattle5middle","Daily cattle herd movements in the Logone Floodplain, Cameroon","2011-03-21","15:20:05"
"608",608,5476827217,"true",14.9309639421078,11.3014127113822,0.0833334,224,319,1,"gps","Bos taurus","misde_cattle5middle","misde_cattle5middle","Daily cattle herd movements in the Logone Floodplain, Cameroon","2011-03-21","15:21:02"
"609",609,5476827227,"true",14.9308448435312,11.3013132015955,0.3888892,270,320,1,"gps","Bos taurus","misde_cattle5middle","misde_cattle5middle","Daily cattle herd movements in the Logone Floodplain, Cameroon","2011-03-21","15:22:14"
"610",610,5476827236,"true",14.9307898878329,11.3012137067535,0.1666668,224,320,1,"gps","Bos taurus","misde_cattle5middle","misde_cattle5middle","Daily cattle herd movements in the Logone Floodplain, Cameroon","2011-03-21","15:23:01"
"611",611,5476827250,"true",14.9307532651899,11.30108708473,0.277778,316,320,1,"gps","Bos taurus","misde_cattle5middle","misde_cattle5middle","Daily cattle herd movements in the Logone Floodplain, Cameroon","2011-03-21","15:24:07"
"612",612,5476827257,"true",14.9307441084489,11.3010599511325,0.833334,194,319,2,"gps","Bos taurus","misde_cattle5middle","misde_cattle5middle","Daily cattle herd movements in the Logone Floodplain, Cameroon","2011-03-21","15:25:01"
"613",613,5476827264,"true",14.9307074836735,11.3009423729208,0.138889,180,318,1,"gps","Bos taurus","misde_cattle5middle","misde_cattle5middle","Daily cattle herd movements in the Logone Floodplain, Cameroon","2011-03-21","15:26:06"
"614",614,5476827270,"true",14.930680009137,11.3008790597596,0.555556,206,319,1,"gps","Bos taurus","misde_cattle5middle","misde_cattle5middle","Daily cattle herd movements in the Logone Floodplain, Cameroon","2011-03-21","15:27:05"
"615",615,5476827280,"true",14.9306433887575,11.3007433939015,0.0833334,206,318,1,"gps","Bos taurus","misde_cattle5middle","misde_cattle5middle","Daily cattle herd movements in the Logone Floodplain, Cameroon","2011-03-21","15:28:09"
"616",616,5476827289,"true",14.9306159229516,11.3006439054589,0.0833334,251,317,2,"gps","Bos taurus","misde_cattle5middle","misde_cattle5middle","Daily cattle herd movements in the Logone Floodplain, Cameroon","2011-03-21","15:29:07"
"617",617,5476827294,"true",14.9305884419374,11.3006077237445,0.1666668,224,317,1,"gps","Bos taurus","misde_cattle5middle","misde_cattle5middle","Daily cattle herd movements in the Logone Floodplain, Cameroon","2011-03-21","15:30:12"
"618",618,5476827301,"true",14.9305609631062,11.3005624982087,0.0833334,224,318,1,"gps","Bos taurus","misde_cattle5middle","misde_cattle5middle","Daily cattle herd movements in the Logone Floodplain, Cameroon","2011-03-21","15:31:02"
"619",619,5476827308,"true",14.9304968422367,11.3004720449796,0.277778,206,319,1,"gps","Bos taurus","misde_cattle5middle","misde_cattle5middle","Daily cattle herd movements in the Logone Floodplain, Cameroon","2011-03-21","15:32:02"
"620",620,5476827319,"true",14.9304693765067,11.3003725565221,0.0833334,243,320,1,"gps","Bos taurus","misde_cattle5middle","misde_cattle5middle","Daily cattle herd movements in the Logone Floodplain, Cameroon","2011-03-21","15:33:12"
"621",621,5476827326,"true",14.9303685984358,11.3003001822978,0.1666668,180,320,2,"gps","Bos taurus","misde_cattle5middle","misde_cattle5middle","Daily cattle herd movements in the Logone Floodplain, Cameroon","2011-03-21","15:34:06"
"622",622,5476827335,"true",14.9303502916251,11.3002187836198,0.277778,206,318,1,"gps","Bos taurus","misde_cattle5middle","misde_cattle5middle","Daily cattle herd movements in the Logone Floodplain, Cameroon","2011-03-21","15:35:07"
"623",623,5476827344,"true",14.9303228172351,11.3001554704233,0.1666668,213,318,2,"gps","Bos taurus","misde_cattle5middle","misde_cattle5middle","Daily cattle herd movements in the Logone Floodplain, Cameroon","2011-03-21","15:36:02"
"624",624,5476827352,"true",14.9302678531945,11.300092150755,0.3888892,270,321,1,"gps","Bos taurus","misde_cattle5middle","misde_cattle5middle","Daily cattle herd movements in the Logone Floodplain, Cameroon","2011-03-21","15:37:09"
"625",625,5476827359,"true",14.9302220545835,11.3000197894157,0.1111112,270,320,1,"gps","Bos taurus","misde_cattle5middle","misde_cattle5middle","Daily cattle herd movements in the Logone Floodplain, Cameroon","2011-03-21","15:38:42"
"626",626,5476827364,"true",14.9302037237719,11.3000378727368,0.1944446,0,319,1,"gps","Bos taurus","misde_cattle5middle","misde_cattle5middle","Daily cattle herd movements in the Logone Floodplain, Cameroon","2011-03-21","15:39:00"
"627",627,5476827369,"true",14.9301945539902,11.3000650020349,0.3055558,0,318,1,"gps","Bos taurus","misde_cattle5middle","misde_cattle5middle","Daily cattle herd movements in the Logone Floodplain, Cameroon","2011-03-21","15:40:35"
"628",628,5476827373,"true",14.9301853885823,11.3000740436947,0.0555556,316,317,2,"gps","Bos taurus","misde_cattle5middle","misde_cattle5middle","Daily cattle herd movements in the Logone Floodplain, Cameroon","2011-03-21","15:41:05"
"629",629,5476827378,"true",14.9301395659132,11.3001011643515,0.555556,316,318,2,"gps","Bos taurus","misde_cattle5middle","misde_cattle5middle","Daily cattle herd movements in the Logone Floodplain, Cameroon","2011-03-21","15:42:00"
"630",630,5476827384,"true",14.9300295962962,11.3001463574969,1.111112,301,319,3,"gps","Bos taurus","misde_cattle5middle","misde_cattle5middle","Daily cattle herd movements in the Logone Floodplain, Cameroon","2011-03-21","15:43:00"
"631",631,5476827395,"true",14.9297638408326,11.3002367328057,1.111112,301,320,3,"gps","Bos taurus","misde_cattle5middle","misde_cattle5middle","Daily cattle herd movements in the Logone Floodplain, Cameroon","2011-03-21","15:44:01"
"632",632,5476827403,"true",14.9296446880357,11.300363318003,0,0,318,0,"gps","Bos taurus","misde_cattle5middle","misde_cattle5middle","Daily cattle herd movements in the Logone Floodplain, Cameroon","2011-03-21","15:45:21"
"633",633,5476827405,"true",14.9296446902405,11.3003542741843,0,0,319,0,"gps","Bos taurus","misde_cattle5middle","misde_cattle5middle","Daily cattle herd movements in the Logone Floodplain, Cameroon","2011-03-21","15:46:06"
"634",634,5476827408,"true",14.9296355248063,11.3003633158268,0.0277778,180,318,1,"gps","Bos taurus","misde_cattle5middle","misde_cattle5middle","Daily cattle herd movements in the Logone Floodplain, Cameroon","2011-03-21","15:47:18"
"635",635,5476827410,"true",14.9296355248063,11.3003633158268,0.1944446,270,317,1,"gps","Bos taurus","misde_cattle5middle","misde_cattle5middle","Daily cattle herd movements in the Logone Floodplain, Cameroon","2011-03-21","15:48:15"
"636",636,5476827413,"true",14.9296171939362,11.3003813991109,0,0,317,0,"gps","Bos taurus","misde_cattle5middle","misde_cattle5middle","Daily cattle herd movements in the Logone Floodplain, Cameroon","2011-03-21","15:49:08"
"637",637,5476827417,"true",14.9296080285003,11.3003904407524,0.833334,304,318,2,"gps","Bos taurus","misde_cattle5middle","misde_cattle5middle","Daily cattle herd movements in the Logone Floodplain, Cameroon","2011-03-21","15:50:15"
"638",638,5476827424,"true",14.9294613925007,11.3004898878852,0,0,319,0,"gps","Bos taurus","misde_cattle5middle","misde_cattle5middle","Daily cattle herd movements in the Logone Floodplain, Cameroon","2011-03-21","15:51:00"
"639",639,5476827430,"true",14.9293972476548,11.3004989164243,0.0277778,270,318,1,"gps","Bos taurus","misde_cattle5middle","misde_cattle5middle","Daily cattle herd movements in the Logone Floodplain, Cameroon","2011-03-21","15:52:32"
"640",640,5476827431,"true",14.9293880844212,11.3004989142404,0.3888892,270,318,1,"gps","Bos taurus","misde_cattle5middle","misde_cattle5middle","Daily cattle herd movements in the Logone Floodplain, Cameroon","2011-03-21","15:53:06"
"641",641,5476827440,"true",14.9292597969338,11.3005079274544,0.555556,71,318,2,"gps","Bos taurus","misde_cattle5middle","misde_cattle5middle","Daily cattle herd movements in the Logone Floodplain, Cameroon","2011-03-21","15:54:08"
"642",642,5476827447,"true",14.9293880888469,11.3004808266033,0.555556,90,318,2,"gps","Bos taurus","misde_cattle5middle","misde_cattle5middle","Daily cattle herd movements in the Logone Floodplain, Cameroon","2011-03-21","15:55:09"
"643",643,5476827456,"true",14.9295163807363,11.3004537256964,0.3333336,117,318,3,"gps","Bos taurus","misde_cattle5middle","misde_cattle5middle","Daily cattle herd movements in the Logone Floodplain, Cameroon","2011-03-21","15:56:02"
"644",644,5476827464,"true",14.9296355226012,11.3003723596455,0.1944446,180,318,1,"gps","Bos taurus","misde_cattle5middle","misde_cattle5middle","Daily cattle herd movements in the Logone Floodplain, Cameroon","2011-03-21","15:57:02"
"645",645,5476827473,"true",14.9296813607861,11.3002819323366,0.0555556,136,318,1,"gps","Bos taurus","misde_cattle5middle","misde_cattle5middle","Daily cattle herd movements in the Logone Floodplain, Cameroon","2011-03-21","15:58:17"
"646",646,5476827480,"true",14.9297455209867,11.300209597004,0.0833334,136,318,1,"gps","Bos taurus","misde_cattle5middle","misde_cattle5middle","Daily cattle herd movements in the Logone Floodplain, Cameroon","2011-03-21","15:59:03"
"647",647,5476827487,"true",14.9297730216641,11.3001643844274,0.1666668,154,318,1,"gps","Bos taurus","misde_cattle5middle","misde_cattle5middle","Daily cattle herd movements in the Logone Floodplain, Cameroon","2011-03-21","16:00:05"
"648",648,5476827496,"true",14.9298280163957,11.3001010907227,1.111112,127,318,3,"gps","Bos taurus","misde_cattle5middle","misde_cattle5middle","Daily cattle herd movements in the Logone Floodplain, Cameroon","2011-03-21","16:01:04"
"649",649,5476827508,"true",14.9300113027502,11.300010695884,0.0833334,90,318,1,"gps","Bos taurus","misde_cattle5middle","misde_cattle5middle","Daily cattle herd movements in the Logone Floodplain, Cameroon","2011-03-21","16:02:09"
"650",650,5476827520,"true",14.9300846391695,11.2998840997259,0.2222224,117,319,1,"gps","Bos taurus","misde_cattle5middle","misde_cattle5middle","Daily cattle herd movements in the Logone Floodplain, Cameroon","2011-03-21","16:03:08"
"651",651,5476827526,"true",14.9301946108653,11.2998298627396,1.111112,78,319,3,"gps","Bos taurus","misde_cattle5middle","misde_cattle5middle","Daily cattle herd movements in the Logone Floodplain, Cameroon","2011-03-21","16:04:01"
"652",652,5476827530,"true",14.930249585769,11.2998479633266,0.1944446,90,318,1,"gps","Bos taurus","misde_cattle5middle","misde_cattle5middle","Daily cattle herd movements in the Logone Floodplain, Cameroon","2011-03-21","16:05:07"
"653",653,5476827545,"true",14.9305062036465,11.2996490595963,1.111112,78,318,3,"gps","Bos taurus","misde_cattle5middle","misde_cattle5middle","Daily cattle herd movements in the Logone Floodplain, Cameroon","2011-03-21","16:06:00"
"654",654,5476827557,"true",14.9306528236486,11.2996129186717,0.833334,117,319,3,"gps","Bos taurus","misde_cattle5middle","misde_cattle5middle","Daily cattle herd movements in the Logone Floodplain, Cameroon","2011-03-21","16:07:01"
"655",655,5476827567,"true",14.9309002605185,11.2994863630051,1.111112,121,320,3,"gps","Bos taurus","misde_cattle5middle","misde_cattle5middle","Daily cattle herd movements in the Logone Floodplain, Cameroon","2011-03-21","16:08:00"
"656",656,5476827581,"true",14.9310652219118,11.299386919412,0.138889,117,320,1,"gps","Bos taurus","misde_cattle5middle","misde_cattle5middle","Daily cattle herd movements in the Logone Floodplain, Cameroon","2011-03-21","16:09:02"
"657",657,5476827593,"true",14.9312026936054,11.2992874693439,0.3888892,90,319,1,"gps","Bos taurus","misde_cattle5middle","misde_cattle5middle","Daily cattle herd movements in the Logone Floodplain, Cameroon","2011-03-21","16:10:10"
"658",658,5476827606,"true",14.9314409581722,11.2991970863711,0.833334,124,319,2,"gps","Bos taurus","misde_cattle5middle","misde_cattle5middle","Daily cattle herd movements in the Logone Floodplain, Cameroon","2011-03-21","16:11:02"
"659",659,5476827621,"true",14.9316609112009,11.2990433922399,1.111112,121,320,3,"gps","Bos taurus","misde_cattle5middle","misde_cattle5middle","Daily cattle herd movements in the Logone Floodplain, Cameroon","2011-03-21","16:12:16"
"660",660,5476827632,"true",14.9318716922737,11.2989258711156,0.833334,117,320,3,"gps","Bos taurus","misde_cattle5middle","misde_cattle5middle","Daily cattle herd movements in the Logone Floodplain, Cameroon","2011-03-21","16:13:02"
"661",661,5476827644,"true",14.9320366530141,11.298826426974,1.111112,127,320,3,"gps","Bos taurus","misde_cattle5middle","misde_cattle5middle","Daily cattle herd movements in the Logone Floodplain, Cameroon","2011-03-21","16:14:00"
"662",662,5476827657,"true",14.9322107725709,11.2987450724763,0.1111112,90,320,1,"gps","Bos taurus","misde_cattle5middle","misde_cattle5middle","Daily cattle herd movements in the Logone Floodplain, Cameroon","2011-03-21","16:15:06"
"663",663,5476827664,"true",14.9323299087337,11.2986817929644,1.111112,127,320,3,"gps","Bos taurus","misde_cattle5middle","misde_cattle5middle","Daily cattle herd movements in the Logone Floodplain, Cameroon","2011-03-21","16:16:05"
"664",664,5476827679,"true",14.9325590240702,11.2985281002486,0.1666668,136,321,1,"gps","Bos taurus","misde_cattle5middle","misde_cattle5middle","Daily cattle herd movements in the Logone Floodplain, Cameroon","2011-03-21","16:17:07"
"665",665,5476827690,"true",14.9326964906247,11.2984467371172,0.1666668,136,319,2,"gps","Bos taurus","misde_cattle5middle","misde_cattle5middle","Daily cattle herd movements in the Logone Floodplain, Cameroon","2011-03-21","16:18:01"
"666",666,5476827701,"true",14.9328247855162,11.2984015471259,0.555556,109,321,2,"gps","Bos taurus","misde_cattle5middle","misde_cattle5middle","Daily cattle herd movements in the Logone Floodplain, Cameroon","2011-03-21","16:19:13"
"667",667,5476827708,"true",14.9329347540353,11.2983563529314,0.1111112,90,321,1,"gps","Bos taurus","misde_cattle5middle","misde_cattle5middle","Daily cattle herd movements in the Logone Floodplain, Cameroon","2011-03-21","16:20:02"
"668",668,5476827723,"true",14.9331913436246,11.2982659726852,0.555556,71,320,2,"gps","Bos taurus","misde_cattle5middle","misde_cattle5middle","Daily cattle herd movements in the Logone Floodplain, Cameroon","2011-03-21","16:21:02"
"669",669,5476827738,"true",14.9333929582644,11.2981574922203,0.277778,136,321,1,"gps","Bos taurus","misde_cattle5middle","misde_cattle5middle","Daily cattle herd movements in the Logone Floodplain, Cameroon","2011-03-21","16:22:02"
"670",670,5476827753,"true",14.9335762422776,11.2980670951507,1.111112,127,320,3,"gps","Bos taurus","misde_cattle5middle","misde_cattle5middle","Daily cattle herd movements in the Logone Floodplain, Cameroon","2011-03-21","16:23:02"
"671",671,5476827771,"true",14.9339611362642,11.2978863047528,0.555556,117,321,1,"gps","Bos taurus","misde_cattle5middle","misde_cattle5middle","Daily cattle herd movements in the Logone Floodplain, Cameroon","2011-03-21","16:24:02"
"672",672,5476827783,"true",14.934107771463,11.2977778115378,0.1944446,90,320,1,"gps","Bos taurus","misde_cattle5middle","misde_cattle5middle","Daily cattle herd movements in the Logone Floodplain, Cameroon","2011-03-21","16:25:04"
"673",673,5476827798,"true",14.9344376776627,11.2976331835679,0.3055558,90,321,1,"gps","Bos taurus","misde_cattle5middle","misde_cattle5middle","Daily cattle herd movements in the Logone Floodplain, Cameroon","2011-03-21","16:26:08"
"674",674,5476827809,"true",14.9346301159671,11.2975789631521,0.1944446,90,321,1,"gps","Bos taurus","misde_cattle5middle","misde_cattle5middle","Daily cattle herd movements in the Logone Floodplain, Cameroon","2011-03-21","16:27:04"
"675",675,5476827821,"true",14.9347675814898,11.2974975990489,1.111112,136,321,3,"gps","Bos taurus","misde_cattle5middle","misde_cattle5middle","Daily cattle herd movements in the Logone Floodplain, Cameroon","2011-03-21","16:28:01"
"676",676,5476827835,"true",14.9349508768851,11.2973529381912,0.2222224,136,321,1,"gps","Bos taurus","misde_cattle5middle","misde_cattle5middle","Daily cattle herd movements in the Logone Floodplain, Cameroon","2011-03-21","16:29:04"
"677",677,5476827847,"true",14.9351158356725,11.2972534923139,0.833334,117,320,3,"gps","Bos taurus","misde_cattle5middle","misde_cattle5middle","Daily cattle herd movements in the Logone Floodplain, Cameroon","2011-03-21","16:30:01"
"678",678,5476827862,"true",14.9353174428078,11.2971721419894,1.111112,112,320,3,"gps","Bos taurus","misde_cattle5middle","misde_cattle5middle","Daily cattle herd movements in the Logone Floodplain, Cameroon","2011-03-21","16:31:01"
"679",679,5476827871,"true",14.9354365756229,11.297117905036,0.833334,117,320,3,"gps","Bos taurus","misde_cattle5middle","misde_cattle5middle","Daily cattle herd movements in the Logone Floodplain, Cameroon","2011-03-21","16:32:12"
"680",680,5476827883,"true",14.9356290194494,11.2970365525012,1.111112,102,321,3,"gps","Bos taurus","misde_cattle5middle","misde_cattle5middle","Daily cattle herd movements in the Logone Floodplain, Cameroon","2011-03-21","16:33:06"
"681",681,5476827891,"true",14.9357206607672,11.2969913532819,0.833334,147,320,2,"gps","Bos taurus","misde_cattle5middle","misde_cattle5middle","Daily cattle herd movements in the Logone Floodplain, Cameroon","2011-03-21","16:34:02"
"682",682,5476827906,"true",14.9359314387006,11.2968738292358,0,0,321,0,"gps","Bos taurus","misde_cattle5middle","misde_cattle5middle","Daily cattle herd movements in the Logone Floodplain, Cameroon","2011-03-21","16:35:13"
"683",683,5476827914,"true",14.9360872257528,11.2968105561182,1.111112,100,321,4,"gps","Bos taurus","misde_cattle5middle","misde_cattle5middle","Daily cattle herd movements in the Logone Floodplain, Cameroon","2011-03-21","16:36:00"
"684",684,5476827931,"true",14.9363438129938,11.2967201731197,1.111112,127,320,3,"gps","Bos taurus","misde_cattle5middle","misde_cattle5middle","Daily cattle herd movements in the Logone Floodplain, Cameroon","2011-03-21","16:37:00"
"685",685,5476827940,"true",14.9364995998738,11.2966568997838,0.1944446,180,321,1,"gps","Bos taurus","misde_cattle5middle","misde_cattle5middle","Daily cattle herd movements in the Logone Floodplain, Cameroon","2011-03-21","16:38:10"
"686",686,5476827952,"true",14.9367012081898,11.2965665046879,0.2222224,136,320,1,"gps","Bos taurus","misde_cattle5middle","misde_cattle5middle","Daily cattle herd movements in the Logone Floodplain, Cameroon","2011-03-21","16:39:02"
"687",687,5476827965,"true",14.9368020182403,11.296494175621,0.1944446,117,322,1,"gps","Bos taurus","misde_cattle5middle","misde_cattle5middle","Daily cattle herd movements in the Logone Floodplain, Cameroon","2011-03-21","16:40:02"
"688",688,5476827978,"true",14.9369853021129,11.2963947325986,1.111112,127,320,3,"gps","Bos taurus","misde_cattle5middle","misde_cattle5middle","Daily cattle herd movements in the Logone Floodplain, Cameroon","2011-03-21","16:41:00"
"689",689,5476827994,"true",14.9373060363122,11.2962772309247,0.3055558,90,320,1,"gps","Bos taurus","misde_cattle5middle","misde_cattle5middle","Daily cattle herd movements in the Logone Floodplain, Cameroon","2011-03-21","16:42:02"
"690",690,5476828011,"true",14.9376084342847,11.2962049441574,1.111112,112,319,3,"gps","Bos taurus","misde_cattle5middle","misde_cattle5middle","Daily cattle herd movements in the Logone Floodplain, Cameroon","2011-03-21","16:43:03"
"691",691,5476828028,"true",14.9379566359287,11.2961869296121,0.833334,104,320,2,"gps","Bos taurus","misde_cattle5middle","misde_cattle5middle","Daily cattle herd movements in the Logone Floodplain, Cameroon","2011-03-21","16:44:04"
"692",692,5476828036,"true",14.9380849193054,11.2961869564405,0.1111112,90,320,1,"gps","Bos taurus","misde_cattle5middle","misde_cattle5middle","Daily cattle herd movements in the Logone Floodplain, Cameroon","2011-03-21","16:45:01"
"693",693,5476828048,"true",14.9382498570103,11.2961779470299,1.111112,102,319,3,"gps","Bos taurus","misde_cattle5middle","misde_cattle5middle","Daily cattle herd movements in the Logone Floodplain, Cameroon","2011-03-21","16:46:02"
"694",694,5476828059,"true",14.938368981147,11.2961598841803,0.1944446,90,322,1,"gps","Bos taurus","misde_cattle5middle","misde_cattle5middle","Daily cattle herd movements in the Logone Floodplain, Cameroon","2011-03-21","16:47:01"
"695",695,5476828072,"true",14.9385522373232,11.2961870537032,0.1944446,63,321,1,"gps","Bos taurus","misde_cattle5middle","misde_cattle5middle","Daily cattle herd movements in the Logone Floodplain, Cameroon","2011-03-21","16:48:06"
"696",696,5476828084,"true",14.9387904836353,11.2961599715358,1.111112,78,320,3,"gps","Bos taurus","misde_cattle5middle","misde_cattle5middle","Daily cattle herd movements in the Logone Floodplain, Cameroon","2011-03-21","16:49:00"
"697",697,5476828101,"true",14.9392028154112,11.296196231704,1.111112,78,322,3,"gps","Bos taurus","misde_cattle5middle","misde_cattle5middle","Daily cattle herd movements in the Logone Floodplain, Cameroon","2011-03-21","16:50:01"
"698",698,5476828115,"true",14.9394960269932,11.2962324670037,0.833334,63,323,3,"gps","Bos taurus","misde_cattle5middle","misde_cattle5middle","Daily cattle herd movements in the Logone Floodplain, Cameroon","2011-03-21","16:51:12"
"699",699,5476828128,"true",14.9397342619308,11.2962596470156,0.0555556,90,322,1,"gps","Bos taurus","misde_cattle5middle","misde_cattle5middle","Daily cattle herd movements in the Logone Floodplain, Cameroon","2011-03-21","16:52:18"
"700",700,5476828139,"true",14.9400274698891,11.2963139694361,0.833334,63,322,3,"gps","Bos taurus","misde_cattle5middle","misde_cattle5middle","Daily cattle herd movements in the Logone Floodplain, Cameroon","2011-03-21","16:53:02"
"701",701,5476828159,"true",14.9405680743334,11.2964045165774,1.111112,90,321,4,"gps","Bos taurus","misde_cattle5middle","misde_cattle5middle","Daily cattle herd movements in the Logone Floodplain, Cameroon","2011-03-21","16:54:02"
"702",702,5476828175,"true",14.940934559704,11.296594510139,1.111112,68,321,3,"gps","Bos taurus","misde_cattle5middle","misde_cattle5middle","Daily cattle herd movements in the Logone Floodplain, Cameroon","2011-03-21","16:55:02"
"703",703,5476828192,"true",14.9413743743777,11.2966669480592,1.111112,78,319,3,"gps","Bos taurus","misde_cattle5middle","misde_cattle5middle","Daily cattle herd movements in the Logone Floodplain, Cameroon","2011-03-21","16:56:01"
"704",704,5476828212,"true",14.9418875051307,11.2966851367727,0.3888892,90,321,1,"gps","Bos taurus","misde_cattle5middle","misde_cattle5middle","Daily cattle herd movements in the Logone Floodplain, Cameroon","2011-03-21","16:57:01"
"705",705,5476828232,"true",14.9423639690461,11.2967756680571,1.111112,78,321,3,"gps","Bos taurus","misde_cattle5middle","misde_cattle5middle","Daily cattle herd movements in the Logone Floodplain, Cameroon","2011-03-21","16:58:01"
"706",706,5476828251,"true",14.9428404278919,11.2968933300457,0.1111112,90,321,1,"gps","Bos taurus","misde_cattle5middle","misde_cattle5middle","Daily cattle herd movements in the Logone Floodplain, Cameroon","2011-03-21","16:59:07"
"707",707,5476828257,"true",14.9429503728397,11.2969566579962,0.1111112,180,321,1,"gps","Bos taurus","misde_cattle5middle","misde_cattle5middle","Daily cattle herd movements in the Logone Floodplain, Cameroon","2011-03-21","17:00:18"
"708",708,5476828259,"true",14.9429687008736,11.2969476177006,0.0277778,270,321,1,"gps","Bos taurus","misde_cattle5middle","misde_cattle5middle","Daily cattle herd movements in the Logone Floodplain, Cameroon","2011-03-21","17:01:24"
"709",709,5476828261,"true",14.9429687008736,11.2969476177006,0.1944446,270,321,1,"gps","Bos taurus","misde_cattle5middle","misde_cattle5middle","Daily cattle herd movements in the Logone Floodplain, Cameroon","2011-03-21","17:02:04"
"710",710,5476828275,"true",14.9432619474829,11.2968120166378,0.555556,71,321,2,"gps","Bos taurus","misde_cattle5middle","misde_cattle5middle","Daily cattle herd movements in the Logone Floodplain, Cameroon","2011-03-21","17:03:35"
"711",711,5476828278,"true",14.9433169261972,11.2968120271589,0.1944446,90,321,1,"gps","Bos taurus","misde_cattle5middle","misde_cattle5middle","Daily cattle herd movements in the Logone Floodplain, Cameroon","2011-03-21","17:04:06"
"712",712,5476828280,"true",14.9433352524353,11.2968120306637,0.0277778,44,321,1,"gps","Bos taurus","misde_cattle5middle","misde_cattle5middle","Daily cattle herd movements in the Logone Floodplain, Cameroon","2011-03-21","17:05:09"
"713",713,5476828282,"true",14.9433444155544,11.2968120324156,0.0833334,90,321,1,"gps","Bos taurus","misde_cattle5middle","misde_cattle5middle","Daily cattle herd movements in the Logone Floodplain, Cameroon","2011-03-21","17:06:35"
"714",714,5476828287,"true",14.9433902276027,11.2968301288177,0.833334,44,321,3,"gps","Bos taurus","misde_cattle5middle","misde_cattle5middle","Daily cattle herd movements in the Logone Floodplain, Cameroon","2011-03-21","17:07:01"
"715",715,5476828292,"true",14.9434360343407,11.2968753566824,0.0555556,63,322,1,"gps","Bos taurus","misde_cattle5middle","misde_cattle5middle","Daily cattle herd movements in the Logone Floodplain, Cameroon","2011-03-21","17:08:47"
"716",716,5476828293,"true",14.9434543605829,11.2968753601798,0.0277778,44,322,1,"gps","Bos taurus","misde_cattle5middle","misde_cattle5middle","Daily cattle herd movements in the Logone Floodplain, Cameroon","2011-03-21","17:09:10"
"717",717,5476828296,"true",14.9434635201615,11.2968934495746,0.0277778,316,321,1,"gps","Bos taurus","misde_cattle5middle","misde_cattle5middle","Daily cattle herd movements in the Logone Floodplain, Cameroon","2011-03-21","17:10:08"
"718",718,5476828297,"true",14.9434543570399,11.2968934478263,0,0,321,0,"gps","Bos taurus","misde_cattle5middle","misde_cattle5middle","Daily cattle herd movements in the Logone Floodplain, Cameroon","2011-03-21","17:11:08"
"719",719,5476828299,"true",14.9434543570399,11.2968934478263,0.0277778,44,322,2,"gps","Bos taurus","misde_cattle5middle","misde_cattle5middle","Daily cattle herd movements in the Logone Floodplain, Cameroon","2011-03-21","17:12:01"
"720",720,5476828300,"true",14.9434635183903,11.2969024933978,0.0555556,0,321,1,"gps","Bos taurus","misde_cattle5middle","misde_cattle5middle","Daily cattle herd movements in the Logone Floodplain, Cameroon","2011-03-21","17:13:01"
"721",721,5476828306,"true",14.9434360183921,11.2969567510914,0.0555556,44,322,1,"gps","Bos taurus","misde_cattle5middle","misde_cattle5middle","Daily cattle herd movements in the Logone Floodplain, Cameroon","2011-03-21","17:14:13"
"722",722,5476828312,"true",14.9434360130758,11.2969838825609,0.0277778,44,322,2,"gps","Bos taurus","misde_cattle5middle","misde_cattle5middle","Daily cattle herd movements in the Logone Floodplain, Cameroon","2011-03-21","17:15:46"
"723",723,5476828313,"true",14.9434543357819,11.2970019737047,0.1944446,63,322,1,"gps","Bos taurus","misde_cattle5middle","misde_cattle5middle","Daily cattle herd movements in the Logone Floodplain, Cameroon","2011-03-21","17:16:38"
"724",724,5476828315,"true",14.9434543357819,11.2970019737047,0.1111112,270,320,1,"gps","Bos taurus","misde_cattle5middle","misde_cattle5middle","Daily cattle herd movements in the Logone Floodplain, Cameroon","2011-03-21","17:17:02"
"725",725,5476828323,"true",14.9433901743974,11.2971014435131,0.555556,26,323,1,"gps","Bos taurus","misde_cattle5middle","misde_cattle5middle","Daily cattle herd movements in the Logone Floodplain, Cameroon","2011-03-21","17:18:44"
"726",726,5476828325,"true",14.9433993322059,11.2971285767327,0,270,323,1,"gps","Bos taurus","misde_cattle5middle","misde_cattle5middle","Daily cattle herd movements in the Logone Floodplain, Cameroon","2011-03-21","17:19:18"
"727",727,5476828326,"true",14.9433901690768,11.2971285749824,0.0555556,270,323,1,"gps","Bos taurus","misde_cattle5middle","misde_cattle5middle","Daily cattle herd movements in the Logone Floodplain, Cameroon","2011-03-21","17:20:05"
"728",728,5476828329,"true",14.9433810041738,11.2971376170548,0.1111112,180,323,1,"gps","Bos taurus","misde_cattle5middle","misde_cattle5middle","Daily cattle herd movements in the Logone Floodplain, Cameroon","2011-03-21","17:21:10"
"729",729,5476828334,"true",14.9433993375256,11.2971014452634,0.0277778,90,320,1,"gps","Bos taurus","misde_cattle5middle","misde_cattle5middle","Daily cattle herd movements in the Logone Floodplain, Cameroon","2011-03-21","17:22:31"
"730",730,5476828335,"true",14.9434085006539,11.2971014470134,0.0555556,224,320,1,"gps","Bos taurus","misde_cattle5middle","misde_cattle5middle","Daily cattle herd movements in the Logone Floodplain, Cameroon","2011-03-21","17:23:03"
"731",731,5476828338,"true",14.9433901779444,11.2970833558669,0.1944446,180,322,1,"gps","Bos taurus","misde_cattle5middle","misde_cattle5middle","Daily cattle herd movements in the Logone Floodplain, Cameroon","2011-03-21","17:24:24"
"732",732,5476828343,"true",14.9433810183644,11.2970652664701,0.555556,198,322,2,"gps","Bos taurus","misde_cattle5middle","misde_cattle5middle","Daily cattle herd movements in the Logone Floodplain, Cameroon","2011-03-21","17:25:16"
"733",733,5476828345,"true",14.943362695659,11.2970471753218,0,0,322,0,"gps","Bos taurus","misde_cattle5middle","misde_cattle5middle","Daily cattle herd movements in the Logone Floodplain, Cameroon","2011-03-21","17:26:06"
"734",734,5476828350,"true",14.9433901868121,11.2970381367513,0.0277778,270,322,2,"gps","Bos taurus","misde_cattle5middle","misde_cattle5middle","Daily cattle herd movements in the Logone Floodplain, Cameroon","2011-03-21","17:27:04"
"735",735,5476828351,"true",14.9433626974333,11.2970381314987,0,0,321,0,"gps","Bos taurus","misde_cattle5middle","misde_cattle5middle","Daily cattle herd movements in the Logone Floodplain, Cameroon","2011-03-21","17:28:04"
"736",736,5476828352,"true",14.9433626974333,11.2970381314987,0.0277778,44,320,1,"gps","Bos taurus","misde_cattle5middle","misde_cattle5middle","Daily cattle herd movements in the Logone Floodplain, Cameroon","2011-03-21","17:29:04"
"737",737,5476828353,"true",14.9433718587855,11.297047177073,0.1666668,224,320,1,"gps","Bos taurus","misde_cattle5middle","misde_cattle5middle","Daily cattle herd movements in the Logone Floodplain, Cameroon","2011-03-21","17:30:04"
"738",738,5476828363,"true",14.9432802044195,11.2971647292488,0.3888892,0,323,1,"gps","Bos taurus","misde_cattle5middle","misde_cattle5middle","Daily cattle herd movements in the Logone Floodplain, Cameroon","2011-03-21","17:31:11"
"739",739,5476828375,"true",14.9431518885378,11.2973274934806,0.0277778,63,323,1,"gps","Bos taurus","misde_cattle5middle","misde_cattle5middle","Daily cattle herd movements in the Logone Floodplain, Cameroon","2011-03-21","17:32:48"
"740",740,5476828376,"true",14.9431702130281,11.2973365408186,0,0,323,0,"gps","Bos taurus","misde_cattle5middle","misde_cattle5middle","Daily cattle herd movements in the Logone Floodplain, Cameroon","2011-03-21","17:33:48"
"741",741,5476828377,"true",14.9431702130281,11.2973365408186,0.0277778,0,323,1,"gps","Bos taurus","misde_cattle5middle","misde_cattle5middle","Daily cattle herd movements in the Logone Floodplain, Cameroon","2011-03-21","17:34:38"
"742",742,5476828380,"true",14.9431793743836,11.2973455863987,0,270,321,1,"gps","Bos taurus","misde_cattle5middle","misde_cattle5middle","Daily cattle herd movements in the Logone Floodplain, Cameroon","2011-03-21","17:35:58"
"743",743,5476828381,"true",14.9431793743836,11.2973455863987,0.555556,206,321,1,"gps","Bos taurus","misde_cattle5middle","misde_cattle5middle","Daily cattle herd movements in the Logone Floodplain, Cameroon","2011-03-21","17:36:52"
"744",744,5476828383,"true",14.9431702148086,11.2973274969957,0.3888892,90,321,1,"gps","Bos taurus","misde_cattle5middle","misde_cattle5middle","Daily cattle herd movements in the Logone Floodplain, Cameroon","2011-03-21","17:37:00"
"745",745,5476828385,"true",14.9431885410794,11.2973275005097,0,0,321,0,"gps","Bos taurus","misde_cattle5middle","misde_cattle5middle","Daily cattle herd movements in the Logone Floodplain, Cameroon","2011-03-21","17:38:03"
"746",746,5476828386,"true",14.9431885410794,11.2973275005097,0.0277778,90,320,1,"gps","Bos taurus","misde_cattle5middle","misde_cattle5middle","Daily cattle herd movements in the Logone Floodplain, Cameroon","2011-03-21","17:39:03"
"747",747,5476828388,"true",14.9432068673502,11.2973275040225,0,0,320,0,"gps","Bos taurus","misde_cattle5middle","misde_cattle5middle","Daily cattle herd movements in the Logone Floodplain, Cameroon","2011-03-21","17:40:22"
"748",748,5476828389,"true",14.9432068673502,11.2973275040225,0.0277778,316,320,1,"gps","Bos taurus","misde_cattle5middle","misde_cattle5middle","Daily cattle herd movements in the Logone Floodplain, Cameroon","2011-03-21","17:41:22"
"749",749,5476828390,"true",14.9432068655709,11.2973365478455,0,0,320,0,"gps","Bos taurus","misde_cattle5middle","misde_cattle5middle","Daily cattle herd movements in the Logone Floodplain, Cameroon","2011-03-21","17:42:03"
"750",750,5476828392,"true",14.9431977024352,11.2973365460892,0,0,319,0,"gps","Bos taurus","misde_cattle5middle","misde_cattle5middle","Daily cattle herd movements in the Logone Floodplain, Cameroon","2011-03-21","17:43:08"
"751",751,5476828393,"true",14.9431977024352,11.2973365460892,0,90,319,1,"gps","Bos taurus","misde_cattle5middle","misde_cattle5middle","Daily cattle herd movements in the Logone Floodplain, Cameroon","2011-03-21","17:44:08"
"752",752,5476828394,"true",14.9432068655709,11.2973365478455,0,0,319,0,"gps","Bos taurus","misde_cattle5middle","misde_cattle5middle","Daily cattle herd movements in the Logone Floodplain, Cameroon","2011-03-21","17:45:08"
"753",753,5476813845,"true",14.9436100806427,11.2971467045577,0.3055558,286,357,19,"gps","Bos taurus","misde_cattle3front","misde_cattle3front","Daily cattle herd movements in the Logone Floodplain, Cameroon","2011-03-21","05:12:29"
"754",754,5476813846,"true",14.9434359723176,11.2971918904925,0.0277778,316,316,1,"gps","Bos taurus","misde_cattle3front","misde_cattle3front","Daily cattle herd movements in the Logone Floodplain, Cameroon","2011-03-21","05:13:29"
"755",755,5476813847,"true",14.9434359705455,11.2972009343156,0.0277778,224,316,1,"gps","Bos taurus","misde_cattle3front","misde_cattle3front","Daily cattle herd movements in the Logone Floodplain, Cameroon","2011-03-21","05:14:29"
"756",756,5476813848,"true",14.9434268091865,11.2971918887433,0.1111112,270,316,1,"gps","Bos taurus","misde_cattle3front","misde_cattle3front","Daily cattle herd movements in the Logone Floodplain, Cameroon","2011-03-21","05:15:02"
"757",757,5476813863,"true",14.9431794188876,11.2971194908241,0.555556,63,316,1,"gps","Bos taurus","misde_cattle3front","misde_cattle3front","Daily cattle herd movements in the Logone Floodplain, Cameroon","2011-03-21","05:16:02"
"758",758,5476813873,"true",14.9432985324564,11.2971556889329,0.833334,56,316,2,"gps","Bos taurus","misde_cattle3front","misde_cattle3front","Daily cattle herd movements in the Logone Floodplain, Cameroon","2011-03-21","05:17:27"
"759",759,5476813884,"true",14.9433351796505,11.2971828274129,0.0277778,270,315,1,"gps","Bos taurus","misde_cattle3front","misde_cattle3front","Daily cattle herd movements in the Logone Floodplain, Cameroon","2011-03-21","05:18:00"
"760",760,5476813887,"true",14.9433168533888,11.297182823908,0.1944446,180,310,1,"gps","Bos taurus","misde_cattle3front","misde_cattle3front","Daily cattle herd movements in the Logone Floodplain, Cameroon","2011-03-21","05:19:36"
"761",761,5476813895,"true",14.9431152894611,11.2970561717569,1.38889,236,312,4,"gps","Bos taurus","misde_cattle3front","misde_cattle3front","Daily cattle herd movements in the Logone Floodplain, Cameroon","2011-03-21","05:20:00"
"762",762,5476813909,"true",14.9430694720437,11.2970652067818,1.666668,84,316,5,"gps","Bos taurus","misde_cattle3front","misde_cattle3front","Daily cattle herd movements in the Logone Floodplain, Cameroon","2011-03-21","05:21:40"
"763",763,5476813913,"true",14.9431794384691,11.2970200087701,0.555556,180,317,2,"gps","Bos taurus","misde_cattle3front","misde_cattle3front","Daily cattle herd movements in the Logone Floodplain, Cameroon","2011-03-21","05:22:01"
"764",764,5476813922,"true",14.943298566208,11.2969838562939,0.138889,304,321,2,"gps","Bos taurus","misde_cattle3front","misde_cattle3front","Daily cattle herd movements in the Logone Floodplain, Cameroon","2011-03-21","05:23:21"
"765",765,5476813926,"true",14.9432802435129,11.2969657651405,0,0,316,1,"gps","Bos taurus","misde_cattle3front","misde_cattle3front","Daily cattle herd movements in the Logone Floodplain, Cameroon","2011-03-21","05:24:30"
"766",766,5476813927,"true",14.943280241736,11.2969748089637,0.0277778,136,315,1,"gps","Bos taurus","misde_cattle3front","misde_cattle3front","Daily cattle herd movements in the Logone Floodplain, Cameroon","2011-03-21","05:25:30"
"767",767,5476813928,"true",14.9432802435129,11.2969657651405,0.0833334,270,314,1,"gps","Bos taurus","misde_cattle3front","misde_cattle3front","Daily cattle herd movements in the Logone Floodplain, Cameroon","2011-03-21","05:26:30"
"768",768,5476813933,"true",14.9433077257803,11.2970019456934,0.833334,63,315,3,"gps","Bos taurus","misde_cattle3front","misde_cattle3front","Daily cattle herd movements in the Logone Floodplain, Cameroon","2011-03-21","05:27:01"
"769",769,5476813942,"true",14.9433168853538,11.2970200350925,0.555556,180,315,2,"gps","Bos taurus","misde_cattle3front","misde_cattle3front","Daily cattle herd movements in the Logone Floodplain, Cameroon","2011-03-21","05:28:00"
"770",770,5476813951,"true",14.9432985804191,11.2969115057085,1.111112,216,315,3,"gps","Bos taurus","misde_cattle3front","misde_cattle3front","Daily cattle herd movements in the Logone Floodplain, Cameroon","2011-03-21","05:29:02"
"771",771,5476813971,"true",14.9430145718331,11.2966672679946,0,0,312,0,"gps","Bos taurus","misde_cattle3front","misde_cattle3front","Daily cattle herd movements in the Logone Floodplain, Cameroon","2011-03-21","05:30:04"
"772",772,5476813985,"true",14.9431428073417,11.2969114758624,0.0555556,0,316,1,"gps","Bos taurus","misde_cattle3front","misde_cattle3front","Daily cattle herd movements in the Logone Floodplain, Cameroon","2011-03-21","05:31:22"
"773",773,5476813992,"true",14.9431336281856,11.2969928685125,0.555556,297,316,1,"gps","Bos taurus","misde_cattle3front","misde_cattle3front","Daily cattle herd movements in the Logone Floodplain, Cameroon","2011-03-21","05:32:01"
"774",774,5476814010,"true",14.9428036732664,11.2974088208834,0,0,312,0,"gps","Bos taurus","misde_cattle3front","misde_cattle3front","Daily cattle herd movements in the Logone Floodplain, Cameroon","2011-03-21","05:33:05"
"775",775,5476814025,"true",14.942922862011,11.2970651785798,0.833334,147,314,2,"gps","Bos taurus","misde_cattle3front","misde_cattle3front","Daily cattle herd movements in the Logone Floodplain, Cameroon","2011-03-21","05:34:01"
"776",776,5476814041,"true",14.9429962241745,11.2967757903492,0.555556,117,313,1,"gps","Bos taurus","misde_cattle3front","misde_cattle3front","Daily cattle herd movements in the Logone Floodplain, Cameroon","2011-03-21","05:35:01"
"777",777,5476814047,"true",14.9430603659995,11.2967758026803,0.0555556,180,318,1,"gps","Bos taurus","misde_cattle3front","misde_cattle3front","Daily cattle herd movements in the Logone Floodplain, Cameroon","2011-03-21","05:36:51"
"778",778,5476814048,"true",14.9430603659995,11.2967758026803,0.833334,297,318,3,"gps","Bos taurus","misde_cattle3front","misde_cattle3front","Daily cattle herd movements in the Logone Floodplain, Cameroon","2011-03-21","05:37:05"
"779",779,5476814052,"true",14.9430328712919,11.2968029288669,0,0,315,0,"gps","Bos taurus","misde_cattle3front","misde_cattle3front","Daily cattle herd movements in the Logone Floodplain, Cameroon","2011-03-21","05:38:05"
"780",780,5476814060,"true",14.9429504175215,11.2967305624166,0.833334,256,312,2,"gps","Bos taurus","misde_cattle3front","misde_cattle3front","Daily cattle herd movements in the Logone Floodplain, Cameroon","2011-03-21","05:39:01"
"781",781,5476814069,"true",14.9428404619153,11.2967214974051,0.555556,26,311,1,"gps","Bos taurus","misde_cattle3front","misde_cattle3front","Daily cattle herd movements in the Logone Floodplain, Cameroon","2011-03-21","05:40:01"
"782",782,5476814087,"true",14.9427670780934,11.2971194114738,0.833334,346,312,2,"gps","Bos taurus","misde_cattle3front","misde_cattle3front","Daily cattle herd movements in the Logone Floodplain, Cameroon","2011-03-21","05:41:01"
"783",783,5476814093,"true",14.942739570768,11.297209844393,0.555556,316,312,2,"gps","Bos taurus","misde_cattle3front","misde_cattle3front","Daily cattle herd movements in the Logone Floodplain, Cameroon","2011-03-21","05:42:01"
"784",784,5476814101,"true",14.9426662549379,11.2972640931567,0.833334,236,312,2,"gps","Bos taurus","misde_cattle3front","misde_cattle3front","Daily cattle herd movements in the Logone Floodplain, Cameroon","2011-03-21","05:43:01"
"785",785,5476814120,"true",14.9424280351169,11.2971555210922,0.3888892,180,311,1,"gps","Bos taurus","misde_cattle3front","misde_cattle3front","Daily cattle herd movements in the Logone Floodplain, Cameroon","2011-03-21","05:44:01"
"786",786,5476814131,"true",14.9422997639535,11.2970921893812,0.0555556,0,311,1,"gps","Bos taurus","misde_cattle3front","misde_cattle3front","Daily cattle herd movements in the Logone Floodplain, Cameroon","2011-03-21","05:45:09"
"787",787,5476814137,"true",14.942235622059,11.2970921768852,0.3888892,270,312,1,"gps","Bos taurus","misde_cattle3front","misde_cattle3front","Daily cattle herd movements in the Logone Floodplain, Cameroon","2011-03-21","05:46:05"
"788",788,5476814145,"true",14.9421714747295,11.2971192958439,0.1944446,270,312,1,"gps","Bos taurus","misde_cattle3front","misde_cattle3front","Daily cattle herd movements in the Logone Floodplain, Cameroon","2011-03-21","05:47:02"
"789",789,5476814156,"true",14.9420706803147,11.2971192761573,0.555556,289,313,2,"gps","Bos taurus","misde_cattle3front","misde_cattle3front","Daily cattle herd movements in the Logone Floodplain, Cameroon","2011-03-21","05:48:13"
"790",790,5476814164,"true",14.9419973643828,11.2971735247554,0.555556,342,313,2,"gps","Bos taurus","misde_cattle3front","misde_cattle3front","Daily cattle herd movements in the Logone Floodplain, Cameroon","2011-03-21","05:49:01"
"791",791,5476814177,"true",14.9418507215057,11.2973362848324,0.0833334,270,312,1,"gps","Bos taurus","misde_cattle3front","misde_cattle3front","Daily cattle herd movements in the Logone Floodplain, Cameroon","2011-03-21","05:50:04"
"792",792,5476814185,"true",14.9417132763,11.2973272140066,0.0277778,224,313,1,"gps","Bos taurus","misde_cattle3front","misde_cattle3front","Daily cattle herd movements in the Logone Floodplain, Cameroon","2011-03-21","05:51:16"
"793",793,5476814191,"true",14.9416399712189,11.2973271995789,0.0833334,270,312,1,"gps","Bos taurus","misde_cattle3front","misde_cattle3front","Daily cattle herd movements in the Logone Floodplain, Cameroon","2011-03-21","05:52:01"
"794",794,5476814199,"true",14.9415208449658,11.2973543075632,0.3888892,270,315,1,"gps","Bos taurus","misde_cattle3front","misde_cattle3front","Daily cattle herd movements in the Logone Floodplain, Cameroon","2011-03-21","05:53:01"
"795",795,5476814212,"true",14.9413833924169,11.2973814118749,0.138889,270,314,2,"gps","Bos taurus","misde_cattle3front","misde_cattle3front","Daily cattle herd movements in the Logone Floodplain, Cameroon","2011-03-21","05:54:01"
"796",796,5476814222,"true",14.941273438455,11.2973633024588,0.555556,224,313,2,"gps","Bos taurus","misde_cattle3front","misde_cattle3front","Daily cattle herd movements in the Logone Floodplain, Cameroon","2011-03-21","05:55:18"
"797",797,5476814236,"true",14.9411452024892,11.297128137619,0.833334,194,314,2,"gps","Bos taurus","misde_cattle3front","misde_cattle3front","Daily cattle herd movements in the Logone Floodplain, Cameroon","2011-03-21","05:56:00"
"798",798,5476814254,"true",14.941007825788,11.2967844450226,0.833334,224,313,3,"gps","Bos taurus","misde_cattle3front","misde_cattle3front","Daily cattle herd movements in the Logone Floodplain, Cameroon","2011-03-21","05:57:02"
"799",799,5476814263,"true",14.9409711918094,11.2966939994948,0.277778,224,313,1,"gps","Bos taurus","misde_cattle3front","misde_cattle3front","Daily cattle herd movements in the Logone Floodplain, Cameroon","2011-03-21","05:58:15"
"800",800,5476814272,"true",14.9408978979993,11.2966397219465,0.833334,213,314,2,"gps","Bos taurus","misde_cattle3front","misde_cattle3front","Daily cattle herd movements in the Logone Floodplain, Cameroon","2011-03-21","05:59:20"
"801",801,5476814284,"true",14.9407513123179,11.2965221229724,0.833334,243,314,3,"gps","Bos taurus","misde_cattle3front","misde_cattle3front","Daily cattle herd movements in the Logone Floodplain, Cameroon","2011-03-21","06:00:00"
"802",802,5476814288,"true",14.9407055060585,11.296476894694,0.0555556,270,314,1,"gps","Bos taurus","misde_cattle3front","misde_cattle3front","Daily cattle herd movements in the Logone Floodplain, Cameroon","2011-03-21","06:01:05"
"803",803,5476814294,"true",14.9406413680216,11.2964587942075,0.2222224,224,314,1,"gps","Bos taurus","misde_cattle3front","misde_cattle3front","Daily cattle herd movements in the Logone Floodplain, Cameroon","2011-03-21","06:02:03"
"804",804,5476814307,"true",14.9405222532153,11.296431638855,0.555556,289,314,2,"gps","Bos taurus","misde_cattle3front","misde_cattle3front","Daily cattle herd movements in the Logone Floodplain, Cameroon","2011-03-21","06:03:02"
"805",805,5476814320,"true",14.9403206648721,11.2964315983281,0.1944446,180,316,1,"gps","Bos taurus","misde_cattle3front","misde_cattle3front","Daily cattle herd movements in the Logone Floodplain, Cameroon","2011-03-21","06:04:16"
"806",806,5476814329,"true",14.9402382137632,11.2963501873022,1.111112,233,315,3,"gps","Bos taurus","misde_cattle3front","misde_cattle3front","Daily cattle herd movements in the Logone Floodplain, Cameroon","2011-03-21","06:05:00"
"807",807,5476814344,"true",14.9400732985438,11.2962506719426,0.833334,236,314,2,"gps","Bos taurus","misde_cattle3front","misde_cattle3front","Daily cattle herd movements in the Logone Floodplain, Cameroon","2011-03-21","06:06:03"
"808",808,5476814353,"true",14.939954200807,11.2961421219543,0.277778,224,315,2,"gps","Bos taurus","misde_cattle3front","misde_cattle3front","Daily cattle herd movements in the Logone Floodplain, Cameroon","2011-03-21","06:07:00"
"809",809,5476814363,"true",14.9399083853209,11.2961421126681,0.555556,334,313,1,"gps","Bos taurus","misde_cattle3front","misde_cattle3front","Daily cattle herd movements in the Logone Floodplain, Cameroon","2011-03-21","06:08:02"
"810",810,5476814377,"true",14.9397892311054,11.2963048773057,0.1111112,316,312,1,"gps","Bos taurus","misde_cattle3front","misde_cattle3front","Daily cattle herd movements in the Logone Floodplain, Cameroon","2011-03-21","06:09:00"
"811",811,5476814393,"true",14.9395693128625,11.2963229201902,0.138889,224,314,1,"gps","Bos taurus","misde_cattle3front","misde_cattle3front","Daily cattle herd movements in the Logone Floodplain, Cameroon","2011-03-21","06:10:04"
"812",812,5476814397,"true",14.9395326604508,11.2963229127141,0.138889,180,314,1,"gps","Bos taurus","misde_cattle3front","misde_cattle3front","Daily cattle herd movements in the Logone Floodplain, Cameroon","2011-03-21","06:11:03"
"813",813,5476814407,"true",14.9395509677198,11.2964133546819,0,0,314,0,"gps","Bos taurus","misde_cattle3front","misde_cattle3front","Daily cattle herd movements in the Logone Floodplain, Cameroon","2011-03-21","06:12:25"
"814",814,5476814417,"true",14.9396608985256,11.2965399906103,0.833334,33,314,2,"gps","Bos taurus","misde_cattle3front","misde_cattle3front","Daily cattle herd movements in the Logone Floodplain, Cameroon","2011-03-21","06:13:06"
"815",815,5476814424,"true",14.939706698964,11.2966123505176,0.2222224,44,314,1,"gps","Bos taurus","misde_cattle3front","misde_cattle3front","Daily cattle herd movements in the Logone Floodplain, Cameroon","2011-03-21","06:14:04"
"816",816,5476814434,"true",14.9397341656444,11.2967208819824,0,0,314,0,"gps","Bos taurus","misde_cattle3front","misde_cattle3front","Daily cattle herd movements in the Logone Floodplain, Cameroon","2011-03-21","06:15:11"
"817",817,5476814443,"true",14.9397066611866,11.2967932269725,0.0277778,316,315,1,"gps","Bos taurus","misde_cattle3front","misde_cattle3front","Daily cattle herd movements in the Logone Floodplain, Cameroon","2011-03-21","06:16:17"
"818",818,5476814445,"true",14.9396974961796,11.2968022689308,0.0555556,44,314,1,"gps","Bos taurus","misde_cattle3front","misde_cattle3front","Daily cattle herd movements in the Logone Floodplain, Cameroon","2011-03-21","06:17:04"
"819",819,5476814455,"true",14.939660821023,11.2969107873419,0.555556,18,314,2,"gps","Bos taurus","misde_cattle3front","misde_cattle3front","Daily cattle herd movements in the Logone Floodplain, Cameroon","2011-03-21","06:18:01"
"820",820,5476814464,"true",14.9396608002292,11.2970102693903,0.138889,0,314,2,"gps","Bos taurus","misde_cattle3front","misde_cattle3front","Daily cattle herd movements in the Logone Floodplain, Cameroon","2011-03-21","06:19:18"
"821",821,5476814469,"true",14.9396516276512,11.297055486637,0.1944446,0,314,1,"gps","Bos taurus","misde_cattle3front","misde_cattle3front","Daily cattle herd movements in the Logone Floodplain, Cameroon","2011-03-21","06:20:05"
"822",822,5476814484,"true",14.9396149297428,11.2972725309094,0.138889,334,313,3,"gps","Bos taurus","misde_cattle3front","misde_cattle3front","Daily cattle herd movements in the Logone Floodplain, Cameroon","2011-03-21","06:21:02"
"823",823,5476814491,"true",14.9395782601736,11.2973539178394,0.2500002,0,313,2,"gps","Bos taurus","misde_cattle3front","misde_cattle3front","Daily cattle herd movements in the Logone Floodplain, Cameroon","2011-03-21","06:22:02"
"824",824,5476814497,"true",14.9395690856782,11.2974081789048,0.833334,0,314,2,"gps","Bos taurus","misde_cattle3front","misde_cattle3front","Daily cattle herd movements in the Logone Floodplain, Cameroon","2011-03-21","06:23:02"
"825",825,5476814510,"true",14.9395690440252,11.2976071429938,0.1944446,0,314,1,"gps","Bos taurus","misde_cattle3front","misde_cattle3front","Daily cattle herd movements in the Logone Floodplain, Cameroon","2011-03-21","06:24:01"
"826",826,5476814515,"true",14.9395690250918,11.2976975812153,0.0833334,316,314,1,"gps","Bos taurus","misde_cattle3front","misde_cattle3front","Daily cattle herd movements in the Logone Floodplain, Cameroon","2011-03-21","06:25:10"
"827",827,5476814522,"true",14.9395690118383,11.2977608879699,0,0,313,0,"gps","Bos taurus","misde_cattle3front","misde_cattle3front","Daily cattle herd movements in the Logone Floodplain, Cameroon","2011-03-21","06:26:01"
"828",828,5476814532,"true",14.9395781579491,11.297842284237,0.0277778,0,313,1,"gps","Bos taurus","misde_cattle3front","misde_cattle3front","Daily cattle herd movements in the Logone Floodplain, Cameroon","2011-03-21","06:27:00"
"829",829,5476814544,"true",14.939504824309,11.29797792661,0.1944446,26,313,1,"gps","Bos taurus","misde_cattle3front","misde_cattle3front","Daily cattle herd movements in the Logone Floodplain, Cameroon","2011-03-21","06:28:02"
"830",830,5476814549,"true",14.9394773215688,11.2980412277499,0.1944446,324,314,3,"gps","Bos taurus","misde_cattle3front","misde_cattle3front","Daily cattle herd movements in the Logone Floodplain, Cameroon","2011-03-21","06:29:00"
"831",831,5476814559,"true",14.9394131756701,11.2980593022856,0.555556,180,315,2,"gps","Bos taurus","misde_cattle3front","misde_cattle3front","Daily cattle herd movements in the Logone Floodplain, Cameroon","2011-03-21","06:30:01"
"832",832,5476814568,"true",14.9392940603222,11.2980321464397,0.833334,236,313,2,"gps","Bos taurus","misde_cattle3front","misde_cattle3front","Daily cattle herd movements in the Logone Floodplain, Cameroon","2011-03-21","06:31:04"
"833",833,5476814576,"true",14.9391841157751,11.2979688171392,0.555556,224,313,2,"gps","Bos taurus","misde_cattle3front","misde_cattle3front","Daily cattle herd movements in the Logone Floodplain, Cameroon","2011-03-21","06:32:31"
"834",834,5476814582,"true",14.9391383152547,11.2978964571572,0.1111112,270,313,1,"gps","Bos taurus","misde_cattle3front","misde_cattle3front","Daily cattle herd movements in the Logone Floodplain, Cameroon","2011-03-21","06:33:00"
"835",835,5476814590,"true",14.9390833535154,11.2978150514624,0.0277778,224,313,1,"gps","Bos taurus","misde_cattle3front","misde_cattle3front","Daily cattle herd movements in the Logone Floodplain, Cameroon","2011-03-21","06:34:06"
"836",836,5476814596,"true",14.939055873612,11.2977698267001,0.138889,224,313,2,"gps","Bos taurus","misde_cattle3front","misde_cattle3front","Daily cattle herd movements in the Logone Floodplain, Cameroon","2011-03-21","06:35:01"
"837",837,5476814608,"true",14.938964270809,11.29763415051,0.1944446,270,313,1,"gps","Bos taurus","misde_cattle3front","misde_cattle3front","Daily cattle herd movements in the Logone Floodplain, Cameroon","2011-03-21","06:36:05"
"838",838,5476814619,"true",14.9388634819667,11.2976069982655,0.555556,0,313,2,"gps","Bos taurus","misde_cattle3front","misde_cattle3front","Daily cattle herd movements in the Logone Floodplain, Cameroon","2011-03-21","06:37:10"
"839",839,5476814626,"true",14.9388176528308,11.2976702955636,0.1111112,289,314,2,"gps","Bos taurus","misde_cattle3front","misde_cattle3front","Daily cattle herd movements in the Logone Floodplain, Cameroon","2011-03-21","06:38:03"
"840",840,5476814634,"true",14.9387718332664,11.2976883737444,0.138889,270,315,1,"gps","Bos taurus","misde_cattle3front","misde_cattle3front","Daily cattle herd movements in the Logone Floodplain, Cameroon","2011-03-21","06:39:04"
"841",841,5476814640,"true",14.9386985242562,11.2977064462325,0.555556,284,314,2,"gps","Bos taurus","misde_cattle3front","misde_cattle3front","Daily cattle herd movements in the Logone Floodplain, Cameroon","2011-03-21","06:40:06"
"842",842,5476814645,"true",14.9386527046787,11.2977245243948,0.277778,316,314,1,"gps","Bos taurus","misde_cattle3front","misde_cattle3front","Daily cattle herd movements in the Logone Floodplain, Cameroon","2011-03-21","06:41:00"
"843",843,5476814655,"true",14.9385518908067,11.2978149417293,0.833334,327,314,2,"gps","Bos taurus","misde_cattle3front","misde_cattle3front","Daily cattle herd movements in the Logone Floodplain, Cameroon","2011-03-21","06:42:00"
"844",844,5476814667,"true",14.9384419079326,11.2979324885905,0.0833334,316,316,1,"gps","Bos taurus","misde_cattle3front","misde_cattle3front","Daily cattle herd movements in the Logone Floodplain, Cameroon","2011-03-21","06:43:19"
"845",845,5476814673,"true",14.9383502686682,11.2979686448275,0.833334,316,314,3,"gps","Bos taurus","misde_cattle3front","misde_cattle3front","Daily cattle herd movements in the Logone Floodplain, Cameroon","2011-03-21","06:44:01"
"846",846,5476814682,"true",14.938212805857,11.2980409667727,0.0833334,289,314,2,"gps","Bos taurus","misde_cattle3front","misde_cattle3front","Daily cattle herd movements in the Logone Floodplain, Cameroon","2011-03-21","06:45:23"
"847",847,5476814687,"true",14.9381669803842,11.298086176324,0.3888892,270,314,1,"gps","Bos taurus","misde_cattle3front","misde_cattle3front","Daily cattle herd movements in the Logone Floodplain, Cameroon","2011-03-21","06:46:20"
"848",848,5476814693,"true",14.938102828577,11.2981313820403,0.833334,327,314,2,"gps","Bos taurus","misde_cattle3front","misde_cattle3front","Daily cattle herd movements in the Logone Floodplain, Cameroon","2011-03-21","06:47:07"
"849",849,5476814698,"true",14.9380295116465,11.2981856296479,0.277778,316,315,1,"gps","Bos taurus","misde_cattle3front","misde_cattle3front","Daily cattle herd movements in the Logone Floodplain, Cameroon","2011-03-21","06:48:01"
"850",850,5476814706,"true",14.9379378664169,11.2982489172205,0.555556,289,314,2,"gps","Bos taurus","misde_cattle3front","misde_cattle3front","Daily cattle herd movements in the Logone Floodplain, Cameroon","2011-03-21","06:49:22"
"851",851,5476814715,"true",14.9378279006598,11.2982850694553,0.555556,297,315,1,"gps","Bos taurus","misde_cattle3front","misde_cattle3front","Daily cattle herd movements in the Logone Floodplain, Cameroon","2011-03-21","06:50:01"
"852",852,5476814722,"true",14.9377270980413,11.2983212235749,0.138889,270,315,2,"gps","Bos taurus","misde_cattle3front","misde_cattle3front","Daily cattle herd movements in the Logone Floodplain, Cameroon","2011-03-21","06:51:09"
"853",853,5476814730,"true",14.9376537868527,11.2983483396239,0.555556,289,314,2,"gps","Bos taurus","misde_cattle3front","misde_cattle3front","Daily cattle herd movements in the Logone Floodplain, Cameroon","2011-03-21","06:52:20"
"854",854,5476814738,"true",14.9375346598118,11.2983754459997,0.833334,304,315,2,"gps","Bos taurus","misde_cattle3front","misde_cattle3front","Daily cattle herd movements in the Logone Floodplain, Cameroon","2011-03-21","06:53:01"
"855",855,5476814747,"true",14.9374338512444,11.2984387314829,0.1111112,316,315,1,"gps","Bos taurus","misde_cattle3front","misde_cattle3front","Daily cattle herd movements in the Logone Floodplain, Cameroon","2011-03-21","06:54:19"
"856",856,5476814753,"true",14.9373513768282,11.2984658455216,0.833334,297,315,3,"gps","Bos taurus","misde_cattle3front","misde_cattle3front","Daily cattle herd movements in the Logone Floodplain, Cameroon","2011-03-21","06:55:01"
"857",857,5476814764,"true",14.9372139095972,11.2985562546409,0.833334,304,315,2,"gps","Bos taurus","misde_cattle3front","misde_cattle3front","Daily cattle herd movements in the Logone Floodplain, Cameroon","2011-03-21","06:56:03"
"858",858,5476814775,"true",14.9370764541099,11.2985924007686,0.3888892,270,315,1,"gps","Bos taurus","misde_cattle3front","misde_cattle3front","Daily cattle herd movements in the Logone Floodplain, Cameroon","2011-03-21","06:57:01"
"859",859,5476814784,"true",14.9369390025404,11.2986104591901,0.555556,297,315,1,"gps","Bos taurus","misde_cattle3front","misde_cattle3front","Daily cattle herd movements in the Logone Floodplain, Cameroon","2011-03-21","06:58:04"
"860",860,5476814796,"true",14.936783222622,11.2986375574593,0.1111112,270,314,1,"gps","Bos taurus","misde_cattle3front","misde_cattle3front","Daily cattle herd movements in the Logone Floodplain, Cameroon","2011-03-21","06:59:02"
"861",861,5476814805,"true",14.9366824197513,11.2986737112213,0.3888892,270,315,1,"gps","Bos taurus","misde_cattle3front","misde_cattle3front","Daily cattle herd movements in the Logone Floodplain, Cameroon","2011-03-21","07:00:02"
"862",862,5476814813,"true",14.9365816208297,11.2986917773068,0.555556,270,315,2,"gps","Bos taurus","misde_cattle3front","misde_cattle3front","Daily cattle herd movements in the Logone Floodplain, Cameroon","2011-03-21","07:01:00"
"863",863,5476814823,"true",14.9364350079967,11.2987007897116,1.111112,292,315,3,"gps","Bos taurus","misde_cattle3front","misde_cattle3front","Daily cattle herd movements in the Logone Floodplain, Cameroon","2011-03-21","07:02:01"
"864",864,5476814832,"true",14.9362883911623,11.2987278896856,0.833334,270,314,2,"gps","Bos taurus","misde_cattle3front","misde_cattle3front","Daily cattle herd movements in the Logone Floodplain, Cameroon","2011-03-21","07:03:01"
"865",865,5476814843,"true",14.9361142847623,11.2987549836611,0.1944446,63,314,1,"gps","Bos taurus","misde_cattle3front","misde_cattle3front","Daily cattle herd movements in the Logone Floodplain, Cameroon","2011-03-21","07:04:06"
"866",866,5476814849,"true",14.9361875941974,11.2987369118159,0.1111112,180,314,1,"gps","Bos taurus","misde_cattle3front","misde_cattle3front","Daily cattle herd movements in the Logone Floodplain, Cameroon","2011-03-21","07:05:06"
"867",867,5476814854,"true",14.9361875941974,11.2987369118159,0.277778,44,315,1,"gps","Bos taurus","misde_cattle3front","misde_cattle3front","Daily cattle herd movements in the Logone Floodplain, Cameroon","2011-03-21","07:06:31"
"868",868,5476814859,"true",14.9361875901985,11.2987549994577,0.1666668,316,315,1,"gps","Bos taurus","misde_cattle3front","misde_cattle3front","Daily cattle herd movements in the Logone Floodplain, Cameroon","2011-03-21","07:07:02"
"869",869,5476814865,"true",14.9361051195807,11.2987640255061,0.0555556,0,315,1,"gps","Bos taurus","misde_cattle3front","misde_cattle3front","Daily cattle herd movements in the Logone Floodplain, Cameroon","2011-03-21","07:08:16"
"870",870,5476814868,"true",14.9361051195807,11.2987640255061,0.555556,297,315,1,"gps","Bos taurus","misde_cattle3front","misde_cattle3front","Daily cattle herd movements in the Logone Floodplain, Cameroon","2011-03-21","07:09:10"
"871",871,5476814874,"true",14.9360776260354,11.2987821072186,0.3888892,270,315,1,"gps","Bos taurus","misde_cattle3front","misde_cattle3front","Daily cattle herd movements in the Logone Floodplain, Cameroon","2011-03-21","07:10:06"
"872",872,5476814888,"true",14.9358577076972,11.2987911035135,0.555556,270,315,2,"gps","Bos taurus","misde_cattle3front","misde_cattle3front","Daily cattle herd movements in the Logone Floodplain, Cameroon","2011-03-21","07:11:00"
"873",873,5476814897,"true",14.935766069853,11.2988182151251,0.277778,316,315,1,"gps","Bos taurus","misde_cattle3front","misde_cattle3front","Daily cattle herd movements in the Logone Floodplain, Cameroon","2011-03-21","07:12:05"
"874",874,5476814906,"true",14.9356469505106,11.2988091454561,0.1944446,251,315,2,"gps","Bos taurus","misde_cattle3front","misde_cattle3front","Daily cattle herd movements in the Logone Floodplain, Cameroon","2011-03-21","07:13:06"
"875",875,5476814910,"true",14.9355919694056,11.2988181773307,0.277778,316,315,1,"gps","Bos taurus","misde_cattle3front","misde_cattle3front","Daily cattle herd movements in the Logone Floodplain, Cameroon","2011-03-21","07:14:00"
"876",876,5476814919,"true",14.935491168346,11.2988452868651,0.833334,284,315,2,"gps","Bos taurus","misde_cattle3front","misde_cattle3front","Daily cattle herd movements in the Logone Floodplain, Cameroon","2011-03-21","07:15:02"
"877",877,5476814931,"true",14.9353262189065,11.2988995138333,0.1111112,270,314,1,"gps","Bos taurus","misde_cattle3front","misde_cattle3front","Daily cattle herd movements in the Logone Floodplain, Cameroon","2011-03-21","07:16:01"
"878",878,5476814939,"true",14.9352070833034,11.2989627945523,0.1111112,270,315,2,"gps","Bos taurus","misde_cattle3front","misde_cattle3front","Daily cattle herd movements in the Logone Floodplain, Cameroon","2011-03-21","07:17:24"
"879",879,5476814944,"true",14.9351154473778,11.2989808621412,0.3888892,270,315,1,"gps","Bos taurus","misde_cattle3front","misde_cattle3front","Daily cattle herd movements in the Logone Floodplain, Cameroon","2011-03-21","07:18:08"
"880",880,5476814951,"true",14.9350604601194,11.2990170253785,0.138889,307,315,3,"gps","Bos taurus","misde_cattle3front","misde_cattle3front","Daily cattle herd movements in the Logone Floodplain, Cameroon","2011-03-21","07:19:02"
"881",881,5476814957,"true",14.9349504957529,11.2990441327194,0.1111112,243,314,1,"gps","Bos taurus","misde_cattle3front","misde_cattle3front","Daily cattle herd movements in the Logone Floodplain, Cameroon","2011-03-21","07:20:07"
"882",882,5476814965,"true",14.9348588597858,11.2990622002287,0.2222224,289,315,2,"gps","Bos taurus","misde_cattle3front","misde_cattle3front","Daily cattle herd movements in the Logone Floodplain, Cameroon","2011-03-21","07:21:04"
"883",883,5476814974,"true",14.9347305730942,11.2990712158171,0.1944446,270,316,1,"gps","Bos taurus","misde_cattle3front","misde_cattle3front","Daily cattle herd movements in the Logone Floodplain, Cameroon","2011-03-21","07:22:03"
"884",884,5476814985,"true",14.9345656295359,11.2990983108984,0.833334,327,313,2,"gps","Bos taurus","misde_cattle3front","misde_cattle3front","Daily cattle herd movements in the Logone Floodplain, Cameroon","2011-03-21","07:23:08"
"885",885,5476814995,"true",14.9343915350911,11.2990711409366,0.0833334,297,314,1,"gps","Bos taurus","misde_cattle3front","misde_cattle3front","Daily cattle herd movements in the Logone Floodplain, Cameroon","2011-03-21","07:24:03"
"886",886,5476815004,"true",14.9342998970227,11.2990982520931,0.1666668,270,314,1,"gps","Bos taurus","misde_cattle3front","misde_cattle3front","Daily cattle herd movements in the Logone Floodplain, Cameroon","2011-03-21","07:25:00"
"887",887,5476815014,"true",14.9341532839183,11.299107263367,0.0833334,224,314,2,"gps","Bos taurus","misde_cattle3front","misde_cattle3front","Daily cattle herd movements in the Logone Floodplain, Cameroon","2011-03-21","07:26:04"
"888",888,5476815026,"true",14.9339700180428,11.2991162664023,0.3888892,270,313,1,"gps","Bos taurus","misde_cattle3front","misde_cattle3front","Daily cattle herd movements in the Logone Floodplain, Cameroon","2011-03-21","07:27:00"
"889",889,5476815032,"true",14.9338875451843,11.2991343356525,0.1944446,270,314,1,"gps","Bos taurus","misde_cattle3front","misde_cattle3front","Daily cattle herd movements in the Logone Floodplain, Cameroon","2011-03-21","07:28:00"
"890",890,5476815042,"true",14.9337592605083,11.2991343069998,0.2222224,224,315,1,"gps","Bos taurus","misde_cattle3front","misde_cattle3front","Daily cattle herd movements in the Logone Floodplain, Cameroon","2011-03-21","07:29:06"
"891",891,5476815051,"true",14.9336676244401,11.29915237414,0.1111112,334,315,1,"gps","Bos taurus","misde_cattle3front","misde_cattle3front","Daily cattle herd movements in the Logone Floodplain, Cameroon","2011-03-21","07:30:04"
"892",892,5476815059,"true",14.9335759883605,11.2991704412517,0.1666668,270,316,1,"gps","Bos taurus","misde_cattle3front","misde_cattle3front","Daily cattle herd movements in the Logone Floodplain, Cameroon","2011-03-21","07:31:02"
"893",893,5476815064,"true",14.9335118480983,11.2991613830447,0.1111112,282,315,3,"gps","Bos taurus","misde_cattle3front","misde_cattle3front","Daily cattle herd movements in the Logone Floodplain, Cameroon","2011-03-21","07:32:00"
"894",894,5476815073,"true",14.9333285842598,11.2991613418627,0.1944446,282,314,3,"gps","Bos taurus","misde_cattle3front","misde_cattle3front","Daily cattle herd movements in the Logone Floodplain, Cameroon","2011-03-21","07:33:01"
"895",895,5476815080,"true",14.9332002995733,11.2991613129679,0.555556,251,314,2,"gps","Bos taurus","misde_cattle3front","misde_cattle3front","Daily cattle herd movements in the Logone Floodplain, Cameroon","2011-03-21","07:34:08"
"896",896,5476815092,"true",14.9330628454029,11.2991884134078,0.1111112,316,316,1,"gps","Bos taurus","misde_cattle3front","misde_cattle3front","Daily cattle herd movements in the Logone Floodplain, Cameroon","2011-03-21","07:35:04"
"897",897,5476815100,"true",14.9330078578498,11.2992245762619,0.2222224,270,315,2,"gps","Bos taurus","misde_cattle3front","misde_cattle3front","Daily cattle herd movements in the Logone Floodplain, Cameroon","2011-03-21","07:36:06"
"898",898,5476815111,"true",14.9328154244636,11.2992516641503,0.138889,224,315,1,"gps","Bos taurus","misde_cattle3front","misde_cattle3front","Daily cattle herd movements in the Logone Floodplain, Cameroon","2011-03-21","07:37:00"
"899",899,5476815122,"true",14.9326321542374,11.299278753997,0.555556,289,316,2,"gps","Bos taurus","misde_cattle3front","misde_cattle3front","Daily cattle herd movements in the Logone Floodplain, Cameroon","2011-03-21","07:38:01"
"900",900,5476815128,"true",14.9325221895482,11.2993058604344,0.555556,270,315,2,"gps","Bos taurus","misde_cattle3front","misde_cattle3front","Daily cattle herd movements in the Logone Floodplain, Cameroon","2011-03-21","07:39:05"
"901",901,5476815139,"true",14.9323480803384,11.2993419960116,0.555556,270,315,2,"gps","Bos taurus","misde_cattle3front","misde_cattle3front","Daily cattle herd movements in the Logone Floodplain, Cameroon","2011-03-21","07:40:00"
"902",902,5476815148,"true",14.9322564462412,11.2993510188944,0.555556,289,316,2,"gps","Bos taurus","misde_cattle3front","misde_cattle3front","Daily cattle herd movements in the Logone Floodplain, Cameroon","2011-03-21","07:41:01"
"903",903,5476815160,"true",14.9320181839287,11.299432358703,0.2500002,297,315,1,"gps","Bos taurus","misde_cattle3front","misde_cattle3front","Daily cattle herd movements in the Logone Floodplain, Cameroon","2011-03-21","07:42:12"
"904",904,5476815172,"true",14.9318807188483,11.2995046776909,0.277778,316,316,1,"gps","Bos taurus","misde_cattle3front","misde_cattle3front","Daily cattle herd movements in the Logone Floodplain, Cameroon","2011-03-21","07:43:08"
"905",905,5476815181,"true",14.9317799129319,11.2995498735973,0.3055558,270,315,1,"gps","Bos taurus","misde_cattle3front","misde_cattle3front","Daily cattle herd movements in the Logone Floodplain, Cameroon","2011-03-21","07:44:00"
"906",906,5476815190,"true",14.9316332973842,11.2995679274418,0.3055558,289,315,2,"gps","Bos taurus","misde_cattle3front","misde_cattle3front","Daily cattle herd movements in the Logone Floodplain, Cameroon","2011-03-21","07:45:00"
"907",907,5476815209,"true",14.9312484169441,11.299676364219,0.555556,270,311,2,"gps","Bos taurus","misde_cattle3front","misde_cattle3front","Daily cattle herd movements in the Logone Floodplain, Cameroon","2011-03-21","07:46:01"
"908",908,5476815219,"true",14.9311476195002,11.2996853846313,0.555556,316,314,2,"gps","Bos taurus","misde_cattle3front","misde_cattle3front","Daily cattle herd movements in the Logone Floodplain, Cameroon","2011-03-21","07:47:00"
"909",909,5476815229,"true",14.93095516833,11.2997848218623,0.833334,304,315,2,"gps","Bos taurus","misde_cattle3front","misde_cattle3front","Daily cattle herd movements in the Logone Floodplain, Cameroon","2011-03-21","07:48:06"
"910",910,5476815239,"true",14.9307902218525,11.2998209586554,0.1944446,270,314,1,"gps","Bos taurus","misde_cattle3front","misde_cattle3front","Daily cattle herd movements in the Logone Floodplain, Cameroon","2011-03-21","07:49:11"
"911",911,5476815247,"true",14.9306894265167,11.2998209350921,0.555556,251,317,2,"gps","Bos taurus","misde_cattle3front","misde_cattle3front","Daily cattle herd movements in the Logone Floodplain, Cameroon","2011-03-21","07:50:03"
"912",912,5476815258,"true",14.9305794614424,11.2998480408052,0.3055558,270,316,1,"gps","Bos taurus","misde_cattle3front","misde_cattle3front","Daily cattle herd movements in the Logone Floodplain, Cameroon","2011-03-21","07:51:02"
"913",913,5476815265,"true",14.9304786682761,11.299838973351,0.0833334,243,315,1,"gps","Bos taurus","misde_cattle3front","misde_cattle3front","Daily cattle herd movements in the Logone Floodplain, Cameroon","2011-03-21","07:52:10"
"914",914,5476815267,"true",14.9304328522117,11.2998389625964,0.1944446,90,317,1,"gps","Bos taurus","misde_cattle3front","misde_cattle3front","Daily cattle herd movements in the Logone Floodplain, Cameroon","2011-03-21","07:53:01"
"915",915,5476815281,"true",14.9303137107908,11.2999203289736,0.0833334,0,315,1,"gps","Bos taurus","misde_cattle3front","misde_cattle3front","Daily cattle herd movements in the Logone Floodplain, Cameroon","2011-03-21","07:54:08"
"916",916,5476815288,"true",14.9302678837876,11.2999655372888,0.1111112,304,315,2,"gps","Bos taurus","misde_cattle3front","misde_cattle3front","Daily cattle herd movements in the Logone Floodplain, Cameroon","2011-03-21","07:55:00"
"917",917,5476815291,"true",14.9302312287339,11.2999745724786,0.1111112,0,316,1,"gps","Bos taurus","misde_cattle3front","misde_cattle3front","Daily cattle herd movements in the Logone Floodplain, Cameroon","2011-03-21","07:56:02"
"918",918,5476815300,"true",14.9302037259591,11.3000288289178,0.0833334,206,315,1,"gps","Bos taurus","misde_cattle3front","misde_cattle3front","Daily cattle herd movements in the Logone Floodplain, Cameroon","2011-03-21","07:57:22"
"919",919,5476815305,"true",14.9301670840256,11.2999836011856,0.555556,243,315,1,"gps","Bos taurus","misde_cattle3front","misde_cattle3front","Daily cattle herd movements in the Logone Floodplain, Cameroon","2011-03-21","07:58:00"
"920",920,5476815309,"true",14.9301121025311,11.2999926320403,0.138889,270,312,1,"gps","Bos taurus","misde_cattle3front","misde_cattle3front","Daily cattle herd movements in the Logone Floodplain, Cameroon","2011-03-21","07:59:21"
"921",921,5476815317,"true",14.9300021504997,11.2999654746242,0.555556,316,313,2,"gps","Bos taurus","misde_cattle3front","misde_cattle3front","Daily cattle herd movements in the Logone Floodplain, Cameroon","2011-03-21","08:00:00"
"922",922,5476815333,"true",14.9297455694222,11.3000106329889,0.1944446,297,315,1,"gps","Bos taurus","misde_cattle3front","misde_cattle3front","Daily cattle herd movements in the Logone Floodplain, Cameroon","2011-03-21","08:01:02"
"923",923,5476815340,"true",14.9296722482495,11.3000739223289,0.3611114,304,316,2,"gps","Bos taurus","misde_cattle3front","misde_cattle3front","Daily cattle herd movements in the Logone Floodplain, Cameroon","2011-03-21","08:02:07"
"924",924,5476815355,"true",14.9294706308833,11.3001824002319,0.833334,284,315,2,"gps","Bos taurus","misde_cattle3front","misde_cattle3front","Daily cattle herd movements in the Logone Floodplain, Cameroon","2011-03-21","08:03:00"
"925",925,5476815375,"true",14.92916821343,11.3003089415515,0.833334,284,315,2,"gps","Bos taurus","misde_cattle3front","misde_cattle3front","Daily cattle herd movements in the Logone Floodplain, Cameroon","2011-03-21","08:04:00"
"926",926,5476815389,"true",14.9289207929221,11.3003631452075,0.833334,327,316,2,"gps","Bos taurus","misde_cattle3front","misde_cattle3front","Daily cattle herd movements in the Logone Floodplain, Cameroon","2011-03-21","08:05:03"
"927",927,5476815407,"true",14.9286183660932,11.3005258612353,0.833334,297,315,3,"gps","Bos taurus","misde_cattle3front","misde_cattle3front","Daily cattle herd movements in the Logone Floodplain, Cameroon","2011-03-21","08:06:09"
"928",928,5476815417,"true",14.9285358633901,11.300661498628,0.1944446,0,317,1,"gps","Bos taurus","misde_cattle3front","misde_cattle3front","Daily cattle herd movements in the Logone Floodplain, Cameroon","2011-03-21","08:07:11"
"929",929,5476815432,"true",14.9283159142126,11.3007880589507,1.111112,270,315,3,"gps","Bos taurus","misde_cattle3front","misde_cattle3front","Daily cattle herd movements in the Logone Floodplain, Cameroon","2011-03-21","08:08:02"
"930",930,5476815443,"true",14.928169293327,11.3008241987106,0.555556,316,315,2,"gps","Bos taurus","misde_cattle3front","misde_cattle3front","Daily cattle herd movements in the Logone Floodplain, Cameroon","2011-03-21","08:09:00"
"931",931,5476815455,"true",14.9280226588704,11.300914601306,0.138889,316,313,3,"gps","Bos taurus","misde_cattle3front","misde_cattle3front","Daily cattle herd movements in the Logone Floodplain, Cameroon","2011-03-21","08:10:05"
"932",932,5476815469,"true",14.9277843873021,11.3010230691401,0.833334,304,315,2,"gps","Bos taurus","misde_cattle3front","misde_cattle3front","Daily cattle herd movements in the Logone Floodplain, Cameroon","2011-03-21","08:11:02"
"933",933,5476815485,"true",14.9275644352517,11.3011586727158,0.1944446,270,316,1,"gps","Bos taurus","misde_cattle3front","misde_cattle3front","Daily cattle herd movements in the Logone Floodplain, Cameroon","2011-03-21","08:12:12"
"934",934,5476815501,"true",14.9273078049006,11.3013937491277,0.833334,63,315,3,"gps","Bos taurus","misde_cattle3front","misde_cattle3front","Daily cattle herd movements in the Logone Floodplain, Cameroon","2011-03-21","08:13:01"
"935",935,5476815515,"true",14.9271245031243,11.3015384051799,0.2500002,297,311,1,"gps","Bos taurus","misde_cattle3front","misde_cattle3front","Daily cattle herd movements in the Logone Floodplain, Cameroon","2011-03-21","08:14:02"
"936",936,5476815530,"true",14.9269045480816,11.301683052074,0.833334,297,316,3,"gps","Bos taurus","misde_cattle3front","misde_cattle3front","Daily cattle herd movements in the Logone Floodplain, Cameroon","2011-03-21","08:15:02"
"937",937,5476815544,"true",14.9266937652847,11.3017915258009,0.555556,316,316,2,"gps","Bos taurus","misde_cattle3front","misde_cattle3front","Daily cattle herd movements in the Logone Floodplain, Cameroon","2011-03-21","08:16:00"
"938",938,5476815557,"true",14.9265288056259,11.3018728792919,0.1944446,297,315,1,"gps","Bos taurus","misde_cattle3front","misde_cattle3front","Daily cattle herd movements in the Logone Floodplain, Cameroon","2011-03-21","08:17:12"
"939",939,5476815567,"true",14.9264004966847,11.3019632856164,0.1666668,316,316,1,"gps","Bos taurus","misde_cattle3front","misde_cattle3front","Daily cattle herd movements in the Logone Floodplain, Cameroon","2011-03-21","08:18:05"
"940",940,5476815579,"true",14.9262996913702,11.3019994358232,0.1944446,270,315,1,"gps","Bos taurus","misde_cattle3front","misde_cattle3front","Daily cattle herd movements in the Logone Floodplain, Cameroon","2011-03-21","08:19:03"
"941",941,5476815591,"true",14.9261530742511,11.3020174869428,0.1666668,270,316,2,"gps","Bos taurus","misde_cattle3front","misde_cattle3front","Daily cattle herd movements in the Logone Floodplain, Cameroon","2011-03-21","08:20:04"
"942",942,5476815603,"true",14.9260247999078,11.3019722358484,0.1111112,224,315,1,"gps","Bos taurus","misde_cattle3front","misde_cattle3front","Daily cattle herd movements in the Logone Floodplain, Cameroon","2011-03-21","08:21:01"
"943",943,5476815609,"true",14.9259789927894,11.301936049135,0.2222224,243,316,1,"gps","Bos taurus","misde_cattle3front","misde_cattle3front","Daily cattle herd movements in the Logone Floodplain, Cameroon","2011-03-21","08:22:08"
"944",944,5476815622,"true",14.9258965209598,11.3019450723325,0.555556,289,317,2,"gps","Bos taurus","misde_cattle3front","misde_cattle3front","Daily cattle herd movements in the Logone Floodplain, Cameroon","2011-03-21","08:23:00"
"945",945,5476815637,"true",14.925658275711,11.3019450126359,0.138889,251,315,2,"gps","Bos taurus","misde_cattle3front","misde_cattle3front","Daily cattle herd movements in the Logone Floodplain, Cameroon","2011-03-21","08:24:10"
"946",946,5476815646,"true",14.9255299804719,11.3019811556798,0.555556,270,317,2,"gps","Bos taurus","misde_cattle3front","misde_cattle3front","Daily cattle herd movements in the Logone Floodplain, Cameroon","2011-03-21","08:25:17"
"947",947,5476815653,"true",14.9254658305043,11.3020082709976,0.1111112,270,318,1,"gps","Bos taurus","misde_cattle3front","misde_cattle3front","Daily cattle herd movements in the Logone Floodplain, Cameroon","2011-03-21","08:26:01"
"948",948,5476815662,"true",14.9253833563002,11.3020263378687,0.555556,316,317,2,"gps","Bos taurus","misde_cattle3front","misde_cattle3front","Daily cattle herd movements in the Logone Floodplain, Cameroon","2011-03-21","08:27:04"
"949",949,5476815668,"true",14.925300875062,11.3020715361672,0.555556,334,318,1,"gps","Bos taurus","misde_cattle3front","misde_cattle3front","Daily cattle herd movements in the Logone Floodplain, Cameroon","2011-03-21","08:28:04"
"950",950,5476815686,"true",14.9250168085983,11.3020895520299,0.833334,284,316,2,"gps","Bos taurus","misde_cattle3front","misde_cattle3front","Daily cattle herd movements in the Logone Floodplain, Cameroon","2011-03-21","08:29:00"
"951",951,5476815696,"true",14.9248793569955,11.302098561021,0.555556,251,315,2,"gps","Bos taurus","misde_cattle3front","misde_cattle3front","Daily cattle herd movements in the Logone Floodplain, Cameroon","2011-03-21","08:30:01"
"952",952,5476815706,"true",14.9247419148199,11.3020713946817,0.0833334,289,316,2,"gps","Bos taurus","misde_cattle3front","misde_cattle3front","Daily cattle herd movements in the Logone Floodplain, Cameroon","2011-03-21","08:31:00"
"953",953,5476815716,"true",14.9245952810277,11.3021527517456,0.138889,270,315,2,"gps","Bos taurus","misde_cattle3front","misde_cattle3front","Daily cattle herd movements in the Logone Floodplain, Cameroon","2011-03-21","08:32:11"
"954",954,5476815721,"true",14.9245402989516,11.3021617815613,0.3055558,270,317,1,"gps","Bos taurus","misde_cattle3front","misde_cattle3front","Daily cattle herd movements in the Logone Floodplain, Cameroon","2011-03-21","08:33:00"
"955",955,5476815727,"true",14.9244578175441,11.3022069796234,0.138889,270,318,1,"gps","Bos taurus","misde_cattle3front","misde_cattle3front","Daily cattle herd movements in the Logone Floodplain, Cameroon","2011-03-21","08:34:03"
"956",956,5476815739,"true",14.9243661585986,11.3023064382215,0.555556,316,319,2,"gps","Bos taurus","misde_cattle3front","misde_cattle3front","Daily cattle herd movements in the Logone Floodplain, Cameroon","2011-03-21","08:35:22"
"957",957,5476815743,"true",14.9243111646244,11.3023606870763,0.555556,0,317,2,"gps","Bos taurus","misde_cattle3front","misde_cattle3front","Daily cattle herd movements in the Logone Floodplain, Cameroon","2011-03-21","08:36:01"
"958",958,5476815754,"true",14.9242927953273,11.302523471087,0.555556,334,316,1,"gps","Bos taurus","misde_cattle3front","misde_cattle3front","Daily cattle herd movements in the Logone Floodplain, Cameroon","2011-03-21","08:37:00"
"959",959,5476815772,"true",14.9242744093934,11.3027495618078,0.277778,44,317,1,"gps","Bos taurus","misde_cattle3front","misde_cattle3front","Daily cattle herd movements in the Logone Floodplain, Cameroon","2011-03-21","08:38:09"
"960",960,5476815779,"true",14.9242743904042,11.3028219123368,0.833334,346,318,2,"gps","Bos taurus","misde_cattle3front","misde_cattle3front","Daily cattle herd movements in the Logone Floodplain, Cameroon","2011-03-21","08:39:04"
"961",961,5476815788,"true",14.9242010601941,11.3029123317468,0.555556,342,317,2,"gps","Bos taurus","misde_cattle3front","misde_cattle3front","Daily cattle herd movements in the Logone Floodplain, Cameroon","2011-03-21","08:40:06"
"962",962,5476815796,"true",14.924118554733,11.3030479678701,0.1944446,0,317,1,"gps","Bos taurus","misde_cattle3front","misde_cattle3front","Daily cattle herd movements in the Logone Floodplain, Cameroon","2011-03-21","08:41:04"
"963",963,5476815809,"true",14.9240452172736,11.303165518687,0.138889,324,316,3,"gps","Bos taurus","misde_cattle3front","misde_cattle3front","Daily cattle herd movements in the Logone Floodplain, Cameroon","2011-03-21","08:42:00"
"964",964,5476815812,"true",14.9239810669045,11.3031926336786,0.555556,0,319,2,"gps","Bos taurus","misde_cattle3front","misde_cattle3front","Daily cattle herd movements in the Logone Floodplain, Cameroon","2011-03-21","08:43:08"
"965",965,5476815819,"true",14.9239168950589,11.303301142998,0.3055558,0,315,1,"gps","Bos taurus","misde_cattle3front","misde_cattle3front","Daily cattle herd movements in the Logone Floodplain, Cameroon","2011-03-21","08:44:01"
"966",966,5476815829,"true",14.923834396515,11.3034096475901,0.0833334,0,318,1,"gps","Bos taurus","misde_cattle3front","misde_cattle3front","Daily cattle herd movements in the Logone Floodplain, Cameroon","2011-03-21","08:45:01"
"967",967,5476815833,"true",14.9237977336605,11.3034458134246,0.555556,316,318,2,"gps","Bos taurus","misde_cattle3front","misde_cattle3front","Daily cattle herd movements in the Logone Floodplain, Cameroon","2011-03-21","08:46:03"
"968",968,5476815845,"true",14.9237060573511,11.3036085785148,0.555556,297,318,1,"gps","Bos taurus","misde_cattle3front","misde_cattle3front","Daily cattle herd movements in the Logone Floodplain, Cameroon","2011-03-21","08:47:20"
"969",969,5476815850,"true",14.9236602239436,11.3036718734174,0.1666668,270,316,1,"gps","Bos taurus","misde_cattle3front","misde_cattle3front","Daily cattle herd movements in the Logone Floodplain, Cameroon","2011-03-21","08:48:02"
"970",970,5476815865,"true",14.923513577045,11.3037984490066,0.555556,342,315,2,"gps","Bos taurus","misde_cattle3front","misde_cattle3front","Daily cattle herd movements in the Logone Floodplain, Cameroon","2011-03-21","08:49:02"
"971",971,5476815873,"true",14.9233852759142,11.3038526787406,0.1944446,304,317,2,"gps","Bos taurus","misde_cattle3front","misde_cattle3front","Daily cattle herd movements in the Logone Floodplain, Cameroon","2011-03-21","08:50:01"
"972",972,5476815878,"true",14.9233119547789,11.3039069226597,0.3333336,297,318,1,"gps","Bos taurus","misde_cattle3front","misde_cattle3front","Daily cattle herd movements in the Logone Floodplain, Cameroon","2011-03-21","08:51:00"
"973",973,5476815893,"true",14.9232019320963,11.3041420333608,0.833334,327,316,2,"gps","Bos taurus","misde_cattle3front","misde_cattle3front","Daily cattle herd movements in the Logone Floodplain, Cameroon","2011-03-21","08:52:01"
"974",974,5476815902,"true",14.9231194378626,11.3042324501143,0.833334,327,316,2,"gps","Bos taurus","misde_cattle3front","misde_cattle3front","Daily cattle herd movements in the Logone Floodplain, Cameroon","2011-03-21","08:53:03"
"975",975,5476815911,"true",14.9230094559296,11.3043138158838,0.3333336,334,317,1,"gps","Bos taurus","misde_cattle3front","misde_cattle3front","Daily cattle herd movements in the Logone Floodplain, Cameroon","2011-03-21","08:54:00"
"976",976,5476815926,"true",14.922926956754,11.3044223202116,0.277778,316,316,1,"gps","Bos taurus","misde_cattle3front","misde_cattle3front","Daily cattle herd movements in the Logone Floodplain, Cameroon","2011-03-21","08:55:02"
"977",977,5476815934,"true",14.9228811206282,11.304494658803,0.0833334,0,318,1,"gps","Bos taurus","misde_cattle3front","misde_cattle3front","Daily cattle herd movements in the Logone Floodplain, Cameroon","2011-03-21","08:56:02"
"978",978,5476815943,"true",14.9227802849437,11.3046393335739,0.555556,316,316,2,"gps","Bos taurus","misde_cattle3front","misde_cattle3front","Daily cattle herd movements in the Logone Floodplain, Cameroon","2011-03-21","08:57:13"
"979",979,5476815954,"true",14.922679458854,11.30474783305,0.277778,342,315,2,"gps","Bos taurus","misde_cattle3front","misde_cattle3front","Daily cattle herd movements in the Logone Floodplain, Cameroon","2011-03-21","08:58:02"
"980",980,5476815961,"true",14.9226061300794,11.3048292082324,0.833334,304,317,2,"gps","Bos taurus","misde_cattle3front","misde_cattle3front","Daily cattle herd movements in the Logone Floodplain, Cameroon","2011-03-21","08:59:04"
"981",981,5476815972,"true",14.9224045043206,11.3049467250676,0.833334,284,316,2,"gps","Bos taurus","misde_cattle3front","misde_cattle3front","Daily cattle herd movements in the Logone Floodplain, Cameroon","2011-03-21","09:00:01"
"982",982,5476815981,"true",14.9222670488454,11.3049647766497,0.833334,316,317,3,"gps","Bos taurus","misde_cattle3front","misde_cattle3front","Daily cattle herd movements in the Logone Floodplain, Cameroon","2011-03-21","09:01:04"
"983",983,5476815989,"true",14.9221753907066,11.3050551907263,0.138889,316,317,1,"gps","Bos taurus","misde_cattle3front","misde_cattle3front","Daily cattle herd movements in the Logone Floodplain, Cameroon","2011-03-21","09:02:00"
"984",984,5476816000,"true",14.9220928910049,11.3051636948129,0.833334,304,317,2,"gps","Bos taurus","misde_cattle3front","misde_cattle3front","Daily cattle herd movements in the Logone Floodplain, Cameroon","2011-03-21","09:03:10"
"985",985,5476816008,"true",14.9220104132474,11.3051908045479,0.555556,334,318,1,"gps","Bos taurus","misde_cattle3front","misde_cattle3front","Daily cattle herd movements in the Logone Floodplain, Cameroon","2011-03-21","09:04:01"
"986",986,5476816021,"true",14.9218912574579,11.3053083427354,0.0833334,316,317,1,"gps","Bos taurus","misde_cattle3front","misde_cattle3front","Daily cattle herd movements in the Logone Floodplain, Cameroon","2011-03-21","09:05:02"
"987",987,5476816034,"true",14.9217537723411,11.3054349198455,0.555556,334,317,1,"gps","Bos taurus","misde_cattle3front","misde_cattle3front","Daily cattle herd movements in the Logone Floodplain, Cameroon","2011-03-21","09:06:09"
"988",988,5476816048,"true",14.9215613042877,11.3055705261456,0.833334,304,317,2,"gps","Bos taurus","misde_cattle3front","misde_cattle3front","Daily cattle herd movements in the Logone Floodplain, Cameroon","2011-03-21","09:07:19"
"989",989,5476816058,"true",14.9214421481585,11.3056880641472,0.833334,304,317,2,"gps","Bos taurus","misde_cattle3front","misde_cattle3front","Daily cattle herd movements in the Logone Floodplain, Cameroon","2011-03-21","09:08:01"
"990",990,5476816074,"true",14.9211855458677,11.3057874779205,0.277778,316,317,1,"gps","Bos taurus","misde_cattle3front","misde_cattle3front","Daily cattle herd movements in the Logone Floodplain, Cameroon","2011-03-21","09:09:00"
"991",991,5476816082,"true",14.9210939019732,11.3058236287719,0.277778,26,318,1,"gps","Bos taurus","misde_cattle3front","misde_cattle3front","Daily cattle herd movements in the Logone Floodplain, Cameroon","2011-03-21","09:10:01"
"992",992,5476816092,"true",14.9210205724784,11.305905003551,0.1111112,0,317,1,"gps","Bos taurus","misde_cattle3front","misde_cattle3front","Daily cattle herd movements in the Logone Floodplain, Cameroon","2011-03-21","09:11:01"
"993",993,5476816102,"true",14.9209930574957,11.3059954343526,0.1944446,304,317,2,"gps","Bos taurus","misde_cattle3front","misde_cattle3front","Daily cattle herd movements in the Logone Floodplain, Cameroon","2011-03-21","09:12:00"
"994",994,5476816111,"true",14.9209105719591,11.3060496752177,0.2222224,316,317,1,"gps","Bos taurus","misde_cattle3front","misde_cattle3front","Daily cattle herd movements in the Logone Floodplain, Cameroon","2011-03-21","09:13:00"
"995",995,5476816118,"true",14.9208647474747,11.3060767944171,0,0,318,0,"gps","Bos taurus","misde_cattle3front","misde_cattle3front","Daily cattle herd movements in the Logone Floodplain, Cameroon","2011-03-21","09:14:03"
"996",996,5476816128,"true",14.9207822544393,11.3061581666859,0.2222224,316,318,1,"gps","Bos taurus","misde_cattle3front","misde_cattle3front","Daily cattle herd movements in the Logone Floodplain, Cameroon","2011-03-21","09:15:00"
"997",997,5476816146,"true",14.9207730189865,11.3064204348183,0.1111112,0,319,1,"gps","Bos taurus","misde_cattle3front","misde_cattle3front","Daily cattle herd movements in the Logone Floodplain, Cameroon","2011-03-21","09:16:09"
"998",998,5476816153,"true",14.920773001597,11.3064837415103,0.1944446,0,318,1,"gps","Bos taurus","misde_cattle3front","misde_cattle3front","Daily cattle herd movements in the Logone Floodplain, Cameroon","2011-03-21","09:17:00"
"999",999,5476816167,"true",14.9208187640846,11.3066827176533,0.3888892,0,318,1,"gps","Bos taurus","misde_cattle3front","misde_cattle3front","Daily cattle herd movements in the Logone Floodplain, Cameroon","2011-03-21","09:18:08"
"1000",1000,5476816178,"true",14.9208278977221,11.3067912458594,0.3888892,0,317,1,"gps","Bos taurus","misde_cattle3front","misde_cattle3front","Daily cattle herd movements in the Logone Floodplain, Cameroon","2011-03-21","09:19:03"
"1001",1001,5476816193,"true",14.9209286260462,11.307044499555,0.555556,316,318,2,"gps","Bos taurus","misde_cattle3front","misde_cattle3front","Daily cattle herd movements in the Logone Floodplain, Cameroon","2011-03-21","09:20:02"
"1002",1002,5476816205,"true",14.9209010985217,11.307180149404,0.833334,14,316,2,"gps","Bos taurus","misde_cattle3front","misde_cattle3front","Daily cattle herd movements in the Logone Floodplain, Cameroon","2011-03-21","09:21:02"
"1003",1003,5476816218,"true",14.9209560370488,11.3073339089025,0.833334,33,319,2,"gps","Bos taurus","misde_cattle3front","misde_cattle3front","Daily cattle herd movements in the Logone Floodplain, Cameroon","2011-03-21","09:22:01"
"1004",1004,5476816233,"true",14.9210659712086,11.3074334201769,0.138889,0,319,1,"gps","Bos taurus","misde_cattle3front","misde_cattle3front","Daily cattle herd movements in the Logone Floodplain, Cameroon","2011-03-21","09:23:02"
"1005",1005,5476816247,"true",14.9211117414663,11.3076052648268,0.138889,0,318,1,"gps","Bos taurus","misde_cattle3front","misde_cattle3front","Daily cattle herd movements in the Logone Floodplain, Cameroon","2011-03-21","09:24:01"
"1006",1006,5476816261,"true",14.9211208529785,11.3077951873298,1.111112,349,319,3,"gps","Bos taurus","misde_cattle3front","misde_cattle3front","Daily cattle herd movements in the Logone Floodplain, Cameroon","2011-03-21","09:25:00"
"1007",1007,5476816276,"true",14.9211849354333,11.3080212997206,0.555556,18,318,2,"gps","Bos taurus","misde_cattle3front","misde_cattle3front","Daily cattle herd movements in the Logone Floodplain, Cameroon","2011-03-21","09:26:01"
"1008",1008,5476816287,"true",14.9212307182042,11.3081479252854,1.111112,0,319,3,"gps","Bos taurus","misde_cattle3front","misde_cattle3front","Daily cattle herd movements in the Logone Floodplain, Cameroon","2011-03-21","09:27:00"
"1009",1009,5476816301,"true",14.9212490006995,11.3083107187798,0.555556,334,319,1,"gps","Bos taurus","misde_cattle3front","misde_cattle3front","Daily cattle herd movements in the Logone Floodplain, Cameroon","2011-03-21","09:28:00"
"1010",1010,5476816316,"true",14.9212856126539,11.3084644733326,0.3888892,0,318,1,"gps","Bos taurus","misde_cattle3front","misde_cattle3front","Daily cattle herd movements in the Logone Floodplain, Cameroon","2011-03-21","09:29:01"
"1011",1011,5476816330,"true",14.9212855608129,11.3086543933839,0.833334,346,318,2,"gps","Bos taurus","misde_cattle3front","misde_cattle3front","Daily cattle herd movements in the Logone Floodplain, Cameroon","2011-03-21","09:30:01"
"1012",1012,5476816349,"true",14.9212671523457,11.3089528343005,0.555556,0,318,2,"gps","Bos taurus","misde_cattle3front","misde_cattle3front","Daily cattle herd movements in the Logone Floodplain, Cameroon","2011-03-21","09:31:02"
"1013",1013,5476816361,"true",14.9212671103675,11.309106579099,0.1944446,0,318,1,"gps","Bos taurus","misde_cattle3front","misde_cattle3front","Daily cattle herd movements in the Logone Floodplain, Cameroon","2011-03-21","09:32:00"
"1014",1014,5476816380,"true",14.9213036804699,11.3094140784376,0.277778,18,318,2,"gps","Bos taurus","misde_cattle3front","misde_cattle3front","Daily cattle herd movements in the Logone Floodplain, Cameroon","2011-03-21","09:33:17"
"1015",1015,5476816388,"true",14.9213586196295,11.3095678378426,0.555556,0,316,2,"gps","Bos taurus","misde_cattle3front","misde_cattle3front","Daily cattle herd movements in the Logone Floodplain, Cameroon","2011-03-21","09:34:20"
"1016",1016,5476816399,"true",14.9213952268665,11.3097396799928,0.555556,0,316,2,"gps","Bos taurus","misde_cattle3front","misde_cattle3front","Daily cattle herd movements in the Logone Floodplain, Cameroon","2011-03-21","09:35:21"
"1017",1017,5476816406,"true",14.9213768726892,11.3098391570494,0.833334,14,317,2,"gps","Bos taurus","misde_cattle3front","misde_cattle3front","Daily cattle herd movements in the Logone Floodplain, Cameroon","2011-03-21","09:36:01"
"1018",1018,5476816417,"true",14.9213768184358,11.3100381208946,0.555556,18,317,2,"gps","Bos taurus","misde_cattle3front","misde_cattle3front","Daily cattle herd movements in the Logone Floodplain, Cameroon","2011-03-21","09:37:00"
"1019",1019,5476816426,"true",14.921376776512,11.3101918656823,0.833334,26,318,3,"gps","Bos taurus","misde_cattle3front","misde_cattle3front","Daily cattle herd movements in the Logone Floodplain, Cameroon","2011-03-21","09:38:05"
"1020",1020,5476816435,"true",14.921395074005,11.3103003962811,0.833334,0,317,2,"gps","Bos taurus","misde_cattle3front","misde_cattle3front","Daily cattle herd movements in the Logone Floodplain, Cameroon","2011-03-21","09:39:00"
"1021",1021,5476816445,"true",14.9214316862827,11.3104541507975,0.1666668,44,318,1,"gps","Bos taurus","misde_cattle3front","misde_cattle3front","Daily cattle herd movements in the Logone Floodplain, Cameroon","2011-03-21","09:40:01"
"1022",1022,5476816459,"true",14.9214682838188,11.3106621681724,0.1944446,0,317,1,"gps","Bos taurus","misde_cattle3front","misde_cattle3front","Daily cattle herd movements in the Logone Floodplain, Cameroon","2011-03-21","09:41:01"
"1023",1023,5476816473,"true",14.9214773857962,11.3108882658699,1.111112,11,317,3,"gps","Bos taurus","misde_cattle3front","misde_cattle3front","Daily cattle herd movements in the Logone Floodplain, Cameroon","2011-03-21","09:42:01"
"1024",1024,5476816488,"true",14.9215231371399,11.3111324609053,0.833334,0,317,2,"gps","Bos taurus","misde_cattle3front","misde_cattle3front","Daily cattle herd movements in the Logone Floodplain, Cameroon","2011-03-21","09:43:06"
"1025",1025,5476816503,"true",14.9215597299036,11.3113585658811,0.555556,44,318,2,"gps","Bos taurus","misde_cattle3front","misde_cattle3front","Daily cattle herd movements in the Logone Floodplain, Cameroon","2011-03-21","09:44:00"
"1026",1026,5476816518,"true",14.9216696682553,11.3114490331056,0.1111112,0,320,1,"gps","Bos taurus","misde_cattle3front","misde_cattle3front","Daily cattle herd movements in the Logone Floodplain, Cameroon","2011-03-21","09:45:03"
"1027",1027,5476816535,"true",14.9217429498902,11.3115485344104,0.3888892,0,319,1,"gps","Bos taurus","misde_cattle3front","misde_cattle3front","Daily cattle herd movements in the Logone Floodplain, Cameroon","2011-03-21","09:46:02"
"1028",1028,5476816548,"true",14.9218162266702,11.3116661233171,0.2222224,71,318,2,"gps","Bos taurus","misde_cattle3front","misde_cattle3front","Daily cattle herd movements in the Logone Floodplain, Cameroon","2011-03-21","09:47:03"
"1029",1029,5476816559,"true",14.9218803374685,11.3117927535967,0.555556,0,316,2,"gps","Bos taurus","misde_cattle3front","misde_cattle3front","Daily cattle herd movements in the Logone Floodplain, Cameroon","2011-03-21","09:48:10"
"1030",1030,5476816568,"true",14.9219261260316,11.3119012914077,0.0833334,44,318,1,"gps","Bos taurus","misde_cattle3front","misde_cattle3front","Daily cattle herd movements in the Logone Floodplain, Cameroon","2011-03-21","09:49:04"
"1031",1031,5476816579,"true",14.9219719121811,11.312018873021,0.1944446,0,316,1,"gps","Bos taurus","misde_cattle3front","misde_cattle3front","Daily cattle herd movements in the Logone Floodplain, Cameroon","2011-03-21","09:50:01"
"1032",1032,5476816595,"true",14.9219901855364,11.3122178416711,0.555556,0,317,2,"gps","Bos taurus","misde_cattle3front","misde_cattle3front","Daily cattle herd movements in the Logone Floodplain, Cameroon","2011-03-21","09:51:09"
"1033",1033,5476816604,"true",14.9220634552507,11.3123625619425,0.555556,0,319,2,"gps","Bos taurus","misde_cattle3front","misde_cattle3front","Daily cattle herd movements in the Logone Floodplain, Cameroon","2011-03-21","09:52:14"
"1034",1034,5476816617,"true",14.9221733697261,11.3125434670751,0,0,319,0,"gps","Bos taurus","misde_cattle3front","misde_cattle3front","Daily cattle herd movements in the Logone Floodplain, Cameroon","2011-03-21","09:53:05"
"1035",1035,5476816631,"true",14.9222741182798,11.3127334135686,0.555556,63,319,1,"gps","Bos taurus","misde_cattle3front","misde_cattle3front","Daily cattle herd movements in the Logone Floodplain, Cameroon","2011-03-21","09:54:02"
"1036",1036,5476816644,"true",14.9223931990892,11.3129052772138,0.2222224,44,318,1,"gps","Bos taurus","misde_cattle3front","misde_cattle3front","Daily cattle herd movements in the Logone Floodplain, Cameroon","2011-03-21","09:55:02"
"1037",1037,5476816659,"true",14.9224939600718,11.3130500045823,0.555556,26,318,1,"gps","Bos taurus","misde_cattle3front","misde_cattle3front","Daily cattle herd movements in the Logone Floodplain, Cameroon","2011-03-21","09:56:01"
"1038",1038,5476816678,"true",14.9226129901536,11.3134117881335,0.833334,33,316,2,"gps","Bos taurus","misde_cattle3front","misde_cattle3front","Daily cattle herd movements in the Logone Floodplain, Cameroon","2011-03-21","09:57:01"
"1039",1039,5476816695,"true",14.9226953925964,11.3136740801566,0.833334,26,317,3,"gps","Bos taurus","misde_cattle3front","misde_cattle3front","Daily cattle herd movements in the Logone Floodplain, Cameroon","2011-03-21","09:58:02"
"1040",1040,5476816715,"true",14.9229426999501,11.3140901599037,0.833334,26,318,3,"gps","Bos taurus","misde_cattle3front","misde_cattle3front","Daily cattle herd movements in the Logone Floodplain, Cameroon","2011-03-21","09:59:02"
"1041",1041,5476816733,"true",14.9231533991208,11.3143343975531,0.833334,44,318,3,"gps","Bos taurus","misde_cattle3front","misde_cattle3front","Daily cattle herd movements in the Logone Floodplain, Cameroon","2011-03-21","10:00:00"
"1042",1042,5476816751,"true",14.9233732358787,11.3146781193198,0.833334,26,318,3,"gps","Bos taurus","misde_cattle3front","misde_cattle3front","Daily cattle herd movements in the Logone Floodplain, Cameroon","2011-03-21","10:01:02"
"1043",1043,5476816768,"true",14.9235564327767,11.3149675685999,0.833334,14,318,2,"gps","Bos taurus","misde_cattle3front","misde_cattle3front","Daily cattle herd movements in the Logone Floodplain, Cameroon","2011-03-21","10:02:02"
"1044",1044,5476816781,"true",14.9237030207265,11.3150851759533,0.555556,206,318,1,"gps","Bos taurus","misde_cattle3front","misde_cattle3front","Daily cattle herd movements in the Logone Floodplain, Cameroon","2011-03-21","10:03:02"
"1045",1045,5476816790,"true",14.9238313315909,11.3150128585376,0.138889,90,318,1,"gps","Bos taurus","misde_cattle3front","misde_cattle3front","Daily cattle herd movements in the Logone Floodplain, Cameroon","2011-03-21","10:04:01"
"1046",1046,5476816804,"true",14.9239321537041,11.3149314901908,0.1111112,180,319,1,"gps","Bos taurus","misde_cattle3front","misde_cattle3front","Daily cattle herd movements in the Logone Floodplain, Cameroon","2011-03-21","10:05:09"
"1047",1047,5476816815,"true",14.9239871549327,11.3148591538508,0.0833334,71,319,2,"gps","Bos taurus","misde_cattle3front","misde_cattle3front","Daily cattle herd movements in the Logone Floodplain, Cameroon","2011-03-21","10:06:13"
"1048",1048,5476816823,"true",14.9240971096711,11.3148953573139,0.833334,76,318,2,"gps","Bos taurus","misde_cattle3front","misde_cattle3front","Daily cattle herd movements in the Logone Floodplain, Cameroon","2011-03-21","10:07:00"
"1049",1049,5476816842,"true",14.9244178317057,11.3149225708392,0.277778,136,318,1,"gps","Bos taurus","misde_cattle3front","misde_cattle3front","Daily cattle herd movements in the Logone Floodplain, Cameroon","2011-03-21","10:08:01"
"1050",1050,5476816854,"true",14.9245186394114,11.3148954651437,0.0277778,117,319,1,"gps","Bos taurus","misde_cattle3front","misde_cattle3front","Daily cattle herd movements in the Logone Floodplain, Cameroon","2011-03-21","10:09:02"
"1051",1051,5476816858,"true",14.9245461328493,11.3148864283464,0.555556,117,319,1,"gps","Bos taurus","misde_cattle3front","misde_cattle3front","Daily cattle herd movements in the Logone Floodplain, Cameroon","2011-03-21","10:10:01"
"1052",1052,5476816874,"true",14.9247202358685,11.3149136041199,0.555556,63,317,1,"gps","Bos taurus","misde_cattle3front","misde_cattle3front","Daily cattle herd movements in the Logone Floodplain, Cameroon","2011-03-21","10:11:07"
"1053",1053,5476816883,"true",14.9247935501139,11.314895535144,0.277778,136,319,1,"gps","Bos taurus","misde_cattle3front","misde_cattle3front","Daily cattle herd movements in the Logone Floodplain, Cameroon","2011-03-21","10:12:00"
"1054",1054,5476816892,"true",14.924885182301,11.3149136460384,0.555556,104,319,2,"gps","Bos taurus","misde_cattle3front","misde_cattle3front","Daily cattle herd movements in the Logone Floodplain, Cameroon","2011-03-21","10:13:01"
"1055",1055,5476816900,"true",14.9249493328461,11.3148955746974,0.1944446,90,319,1,"gps","Bos taurus","misde_cattle3front","misde_cattle3front","Daily cattle herd movements in the Logone Floodplain, Cameroon","2011-03-21","10:14:13"
"1056",1056,5476816905,"true",14.925004314987,11.3148955886379,0.555556,63,319,1,"gps","Bos taurus","misde_cattle3front","misde_cattle3front","Daily cattle herd movements in the Logone Floodplain, Cameroon","2011-03-21","10:15:00"
"1057",1057,5476816920,"true",14.92516009772,11.3148956280804,0.3888892,90,319,1,"gps","Bos taurus","misde_cattle3front","misde_cattle3front","Daily cattle herd movements in the Logone Floodplain, Cameroon","2011-03-21","10:16:02"
"1058",1058,5476816932,"true",14.9252792186586,11.3149227896138,0.3888892,90,321,1,"gps","Bos taurus","misde_cattle3front","misde_cattle3front","Daily cattle herd movements in the Logone Floodplain, Cameroon","2011-03-21","10:17:02"
"1059",1059,5476816941,"true",14.9253800098943,11.3149589902869,0.2222224,63,320,1,"gps","Bos taurus","misde_cattle3front","misde_cattle3front","Daily cattle herd movements in the Logone Floodplain, Cameroon","2011-03-21","10:18:05"
"1060",1060,5476816953,"true",14.9254991191911,11.3150313707766,0.833334,33,320,2,"gps","Bos taurus","misde_cattle3front","misde_cattle3front","Daily cattle herd movements in the Logone Floodplain, Cameroon","2011-03-21","10:19:00"
"1061",1061,5476816966,"true",14.9256365466075,11.3151399310606,0.555556,90,322,2,"gps","Bos taurus","misde_cattle3front","misde_cattle3front","Daily cattle herd movements in the Logone Floodplain, Cameroon","2011-03-21","10:20:01"
"1062",1062,5476816980,"true",14.9258564800148,11.3151218986337,0.555556,90,318,2,"gps","Bos taurus","misde_cattle3front","misde_cattle3front","Daily cattle herd movements in the Logone Floodplain, Cameroon","2011-03-21","10:21:01"
"1063",1063,5476816991,"true",14.9259481239616,11.3150947901547,0.555556,109,319,2,"gps","Bos taurus","misde_cattle3front","misde_cattle3front","Daily cattle herd movements in the Logone Floodplain, Cameroon","2011-03-21","10:22:02"
"1064",1064,5476817001,"true",14.9260397655704,11.3150767254562,0.555556,71,319,2,"gps","Bos taurus","misde_cattle3front","misde_cattle3front","Daily cattle herd movements in the Logone Floodplain, Cameroon","2011-03-21","10:23:02"
"1065",1065,5476817013,"true",14.9261863962902,11.3150315430231,0.138889,117,317,1,"gps","Bos taurus","misde_cattle3front","misde_cattle3front","Daily cattle herd movements in the Logone Floodplain, Cameroon","2011-03-21","10:24:01"
"1066",1066,5476817029,"true",14.9263879675452,11.3151491627638,0.3333336,44,319,2,"gps","Bos taurus","misde_cattle3front","misde_cattle3front","Daily cattle herd movements in the Logone Floodplain, Cameroon","2011-03-21","10:25:02"
"1067",1067,5476817039,"true",14.9264979157817,11.3152124967637,0.555556,63,317,1,"gps","Bos taurus","misde_cattle3front","misde_cattle3front","Daily cattle herd movements in the Logone Floodplain, Cameroon","2011-03-21","10:26:00"
"1068",1068,5476817048,"true",14.9266170392834,11.3152306139505,0.833334,56,319,2,"gps","Bos taurus","misde_cattle3front","misde_cattle3front","Daily cattle herd movements in the Logone Floodplain, Cameroon","2011-03-21","10:27:00"
"1069",1069,5476817062,"true",14.9268186200407,11.3153120581621,0.138889,90,319,1,"gps","Bos taurus","misde_cattle3front","misde_cattle3front","Daily cattle herd movements in the Logone Floodplain, Cameroon","2011-03-21","10:28:00"
"1070",1070,5476817073,"true",14.926974398422,11.3153301842689,0.1111112,90,320,1,"gps","Bos taurus","misde_cattle3front","misde_cattle3front","Daily cattle herd movements in the Logone Floodplain, Cameroon","2011-03-21","10:29:03"
"1071",1071,5476817086,"true",14.9271210154055,11.3153392642278,0.833334,147,319,2,"gps","Bos taurus","misde_cattle3front","misde_cattle3front","Daily cattle herd movements in the Logone Floodplain, Cameroon","2011-03-21","10:30:00"
"1072",1072,5476817096,"true",14.9272126707257,11.3152669363117,0.1666668,109,318,2,"gps","Bos taurus","misde_cattle3front","misde_cattle3front","Daily cattle herd movements in the Logone Floodplain, Cameroon","2011-03-21","10:31:07"
"1073",1073,5476817103,"true",14.927295137203,11.3152940880158,0.833334,44,319,3,"gps","Bos taurus","misde_cattle3front","misde_cattle3front","Daily cattle herd movements in the Logone Floodplain, Cameroon","2011-03-21","10:32:02"
"1074",1074,5476817117,"true",14.9275059023795,11.3152941397296,0.555556,124,318,2,"gps","Bos taurus","misde_cattle3front","misde_cattle3front","Daily cattle herd movements in the Logone Floodplain, Cameroon","2011-03-21","10:33:00"
"1075",1075,5476817122,"true",14.927570048303,11.3152941554388,0.138889,117,320,1,"gps","Bos taurus","misde_cattle3front","misde_cattle3front","Daily cattle herd movements in the Logone Floodplain, Cameroon","2011-03-21","10:34:06"
"1076",1076,5476817129,"true",14.9276250373368,11.3152670374652,0.1111112,154,319,1,"gps","Bos taurus","misde_cattle3front","misde_cattle3front","Daily cattle herd movements in the Logone Floodplain, Cameroon","2011-03-21","10:35:03"
"1077",1077,5476817140,"true",14.9277166652888,11.3153032351025,0.2222224,136,319,1,"gps","Bos taurus","misde_cattle3front","misde_cattle3front","Daily cattle herd movements in the Logone Floodplain, Cameroon","2011-03-21","10:36:02"
"1078",1078,5476817150,"true",14.9278083136529,11.3152580384285,0,0,319,0,"gps","Bos taurus","misde_cattle3front","misde_cattle3front","Daily cattle herd movements in the Logone Floodplain, Cameroon","2011-03-21","10:37:04"
"1079",1079,5476817159,"true",14.9279457578815,11.3153032909798,0.0833334,44,319,1,"gps","Bos taurus","misde_cattle3front","misde_cattle3front","Daily cattle herd movements in the Logone Floodplain, Cameroon","2011-03-21","10:38:15"
"1080",1080,5476817167,"true",14.9280373791111,11.3153666199458,0.1111112,0,319,1,"gps","Bos taurus","misde_cattle3front","misde_cattle3front","Daily cattle herd movements in the Logone Floodplain, Cameroon","2011-03-21","10:39:05"
"1081",1081,5476817180,"true",14.9281381640888,11.3154299511091,0.3333336,44,320,2,"gps","Bos taurus","misde_cattle3front","misde_cattle3front","Daily cattle herd movements in the Logone Floodplain, Cameroon","2011-03-21","10:40:07"
"1082",1082,5476817193,"true",14.9282572810334,11.3154751990641,0.3055558,90,319,1,"gps","Bos taurus","misde_cattle3front","misde_cattle3front","Daily cattle herd movements in the Logone Floodplain, Cameroon","2011-03-21","10:41:10"
"1083",1083,5476817200,"true",14.92831225654,11.3155023438182,0.2222224,63,319,1,"gps","Bos taurus","misde_cattle3front","misde_cattle3front","Daily cattle herd movements in the Logone Floodplain, Cameroon","2011-03-21","10:42:02"
"1084",1084,5476817210,"true",14.9283947097075,11.3155837580715,0.277778,44,320,1,"gps","Bos taurus","misde_cattle3front","misde_cattle3front","Daily cattle herd movements in the Logone Floodplain, Cameroon","2011-03-21","10:43:00"
"1085",1085,5476817225,"true",14.9285413134141,11.3156471001825,1.111112,112,321,3,"gps","Bos taurus","misde_cattle3front","misde_cattle3front","Daily cattle herd movements in the Logone Floodplain, Cameroon","2011-03-21","10:44:02"
"1086",1086,5476817236,"true",14.9286970965657,11.3156471377653,0.138889,44,320,1,"gps","Bos taurus","misde_cattle3front","misde_cattle3front","Daily cattle herd movements in the Logone Floodplain, Cameroon","2011-03-21","10:45:06"
"1087",1087,5476817242,"true",14.9287612470406,11.3156290655984,0.3888892,0,320,1,"gps","Bos taurus","misde_cattle3front","misde_cattle3front","Daily cattle herd movements in the Logone Floodplain, Cameroon","2011-03-21","10:46:09"
"1088",1088,5476817254,"true",14.9288986893669,11.315683361517,0.833334,76,320,2,"gps","Bos taurus","misde_cattle3front","misde_cattle3front","Daily cattle herd movements in the Logone Floodplain, Cameroon","2011-03-21","10:47:40"
"1089",1089,5476817261,"true",14.9290544703129,11.315692442721,0.416667,76,321,2,"gps","Bos taurus","misde_cattle3front","misde_cattle3front","Daily cattle herd movements in the Logone Floodplain, Cameroon","2011-03-21","10:48:09"
"1090",1090,5476817269,"true",14.9291369348646,11.315728637722,0.833334,56,324,2,"gps","Bos taurus","misde_cattle3front","misde_cattle3front","Daily cattle herd movements in the Logone Floodplain, Cameroon","2011-03-21","10:49:02"
"1091",1091,5476817280,"true",14.9292835321523,11.3158191108936,0.555556,26,323,1,"gps","Bos taurus","misde_cattle3front","misde_cattle3front","Daily cattle herd movements in the Logone Floodplain, Cameroon","2011-03-21","10:50:00"
"1092",1092,5476817296,"true",14.9294667777851,11.3159367241607,0.3333336,63,323,1,"gps","Bos taurus","misde_cattle3front","misde_cattle3front","Daily cattle herd movements in the Logone Floodplain, Cameroon","2011-03-21","10:51:02"
"1093",1093,5476817309,"true",14.9296042115557,11.3160271949887,0.555556,63,325,1,"gps","Bos taurus","misde_cattle3front","misde_cattle3front","Daily cattle herd movements in the Logone Floodplain, Cameroon","2011-03-21","10:52:05"
"1094",1094,5476817322,"true",14.9297324949142,11.316063400722,0.0555556,90,325,1,"gps","Bos taurus","misde_cattle3front","misde_cattle3front","Daily cattle herd movements in the Logone Floodplain, Cameroon","2011-03-21","10:53:00"
"1095",1095,5476817336,"true",14.9298790903598,11.3161629174077,0.1111112,90,325,1,"gps","Bos taurus","misde_cattle3front","misde_cattle3front","Daily cattle herd movements in the Logone Floodplain, Cameroon","2011-03-21","10:54:01"
"1096",1096,5476817354,"true",14.9302089868835,11.3161539516005,0.833334,76,323,2,"gps","Bos taurus","misde_cattle3front","misde_cattle3front","Daily cattle herd movements in the Logone Floodplain, Cameroon","2011-03-21","10:55:02"
"1097",1097,5476817363,"true",14.9303189472848,11.3161720651378,0.277778,44,325,1,"gps","Bos taurus","misde_cattle3front","misde_cattle3front","Daily cattle herd movements in the Logone Floodplain, Cameroon","2011-03-21","10:56:11"
"1098",1098,5476817374,"true",14.9304380561508,11.3162534874532,0.1111112,117,324,1,"gps","Bos taurus","misde_cattle3front","misde_cattle3front","Daily cattle herd movements in the Logone Floodplain, Cameroon","2011-03-21","10:57:02"
"1099",1099,5476817385,"true",14.930428868399,11.3163529671989,0.3333336,63,323,1,"gps","Bos taurus","misde_cattle3front","misde_cattle3front","Daily cattle herd movements in the Logone Floodplain, Cameroon","2011-03-21","10:58:00"
"1100",1100,5476817395,"true",14.9304197155799,11.3163077459984,0.555556,224,324,2,"gps","Bos taurus","misde_cattle3front","misde_cattle3front","Daily cattle herd movements in the Logone Floodplain, Cameroon","2011-03-21","10:59:00"
"1101",1101,5476817402,"true",14.9304013946603,11.3162806102602,0.1944446,270,324,1,"gps","Bos taurus","misde_cattle3front","misde_cattle3front","Daily cattle herd movements in the Logone Floodplain, Cameroon","2011-03-21","11:00:08"
"1102",1102,5476817408,"true",14.9303739078247,11.3162625161736,0.555556,136,324,2,"gps","Bos taurus","misde_cattle3front","misde_cattle3front","Daily cattle herd movements in the Logone Floodplain, Cameroon","2011-03-21","11:01:14"
"1103",1103,5476817424,"true",14.9307221406162,11.3162173788705,0.833334,63,323,3,"gps","Bos taurus","misde_cattle3front","misde_cattle3front","Daily cattle herd movements in the Logone Floodplain, Cameroon","2011-03-21","11:02:02"
"1104",1104,5476817444,"true",14.9312444798934,11.3161903692879,1.111112,112,325,3,"gps","Bos taurus","misde_cattle3front","misde_cattle3front","Daily cattle herd movements in the Logone Floodplain, Cameroon","2011-03-21","11:03:02"
"1105",1105,5476817464,"true",14.9317943231168,11.3161091022645,0.833334,90,325,2,"gps","Bos taurus","misde_cattle3front","misde_cattle3front","Daily cattle herd movements in the Logone Floodplain, Cameroon","2011-03-21","11:04:02"
"1106",1106,5476817484,"true",14.9322708689682,11.3159735545863,1.111112,112,324,3,"gps","Bos taurus","misde_cattle3front","misde_cattle3front","Daily cattle herd movements in the Logone Floodplain, Cameroon","2011-03-21","11:05:02"
"1107",1107,5476817504,"true",14.9327565717664,11.315865139649,1.111112,100,323,4,"gps","Bos taurus","misde_cattle3front","misde_cattle3front","Daily cattle herd movements in the Logone Floodplain, Cameroon","2011-03-21","11:06:02"
"1108",1108,5476817520,"true",14.9331048016215,11.3158290433452,0.0555556,180,323,1,"gps","Bos taurus","misde_cattle3front","misde_cattle3front","Daily cattle herd movements in the Logone Floodplain, Cameroon","2011-03-21","11:07:25"
"1109",1109,5476817528,"true",14.9332422679186,11.3157838553414,0.555556,109,321,2,"gps","Bos taurus","misde_cattle3front","misde_cattle3front","Daily cattle herd movements in the Logone Floodplain, Cameroon","2011-03-21","11:08:00"
"1110",1110,5476817548,"true",14.9336180158563,11.3156301951028,1.111112,102,323,3,"gps","Bos taurus","misde_cattle3front","misde_cattle3front","Daily cattle herd movements in the Logone Floodplain, Cameroon","2011-03-21","11:09:00"
"1111",1111,5476817563,"true",14.9338379678614,11.3155307624511,0.833334,124,324,2,"gps","Bos taurus","misde_cattle3front","misde_cattle3front","Daily cattle herd movements in the Logone Floodplain, Cameroon","2011-03-21","11:10:02"
"1112",1112,5476817583,"true",14.9342412124678,11.3153499761295,0.833334,124,324,2,"gps","Bos taurus","misde_cattle3front","misde_cattle3front","Daily cattle herd movements in the Logone Floodplain, Cameroon","2011-03-21","11:11:02"
"1113",1113,5476817603,"true",14.9345894825766,11.3151330018613,0.555556,136,324,2,"gps","Bos taurus","misde_cattle3front","misde_cattle3front","Daily cattle herd movements in the Logone Floodplain, Cameroon","2011-03-21","11:12:02"
"1114",1114,5476817623,"true",14.9349285905117,11.3149069813513,0.555556,109,321,2,"gps","Bos taurus","misde_cattle3front","misde_cattle3front","Daily cattle herd movements in the Logone Floodplain, Cameroon","2011-03-21","11:13:02"
"1115",1115,5476817642,"true",14.9352951706986,11.314762360758,0.833334,117,323,3,"gps","Bos taurus","misde_cattle3front","misde_cattle3front","Daily cattle herd movements in the Logone Floodplain, Cameroon","2011-03-21","11:14:00"
"1116",1116,5476817662,"true",14.9357442458495,11.3145182757049,1.111112,112,323,3,"gps","Bos taurus","misde_cattle3front","misde_cattle3front","Daily cattle herd movements in the Logone Floodplain, Cameroon","2011-03-21","11:15:02"
"1117",1117,5476817682,"true",14.9362391185985,11.3143646379523,1.111112,127,324,3,"gps","Bos taurus","misde_cattle3front","misde_cattle3front","Daily cattle herd movements in the Logone Floodplain, Cameroon","2011-03-21","11:16:02"
"1118",1118,5476817702,"true",14.936761503663,11.3141115233163,1.111112,112,325,3,"gps","Bos taurus","misde_cattle3front","misde_cattle3front","Daily cattle herd movements in the Logone Floodplain, Cameroon","2011-03-21","11:17:02"
"1119",1119,5476817722,"true",14.9373388658391,11.3138765070201,1.38889,114,324,4,"gps","Bos taurus","misde_cattle3front","misde_cattle3front","Daily cattle herd movements in the Logone Floodplain, Cameroon","2011-03-21","11:18:02"
"1120",1120,5476817742,"true",14.9379070809601,11.3135600933568,1.111112,109,322,4,"gps","Bos taurus","misde_cattle3front","misde_cattle3front","Daily cattle herd movements in the Logone Floodplain, Cameroon","2011-03-21","11:19:02"
"1121",1121,5476817762,"true",14.9384569636953,11.3132617624033,0.833334,44,321,3,"gps","Bos taurus","misde_cattle3front","misde_cattle3front","Daily cattle herd movements in the Logone Floodplain, Cameroon","2011-03-21","11:20:02"
"1122",1122,5476817782,"true",14.9389610118186,11.3130357714711,1.944446,151,322,6,"gps","Bos taurus","misde_cattle3front","misde_cattle3front","Daily cattle herd movements in the Logone Floodplain, Cameroon","2011-03-21","11:21:02"
"1123",1123,5476817799,"true",14.9392634631815,11.3127916507421,0.277778,136,322,2,"gps","Bos taurus","misde_cattle3front","misde_cattle3front","Daily cattle herd movements in the Logone Floodplain, Cameroon","2011-03-21","11:22:11"
"1124",1124,5476817814,"true",14.9395384042091,11.3126379622127,0.833334,136,321,3,"gps","Bos taurus","misde_cattle3front","misde_cattle3front","Daily cattle herd movements in the Logone Floodplain, Cameroon","2011-03-21","11:23:01"
"1125",1125,5476817834,"true",14.9399599910599,11.3123486460071,0.833334,117,321,3,"gps","Bos taurus","misde_cattle3front","misde_cattle3front","Daily cattle herd movements in the Logone Floodplain, Cameroon","2011-03-21","11:24:01"
"1126",1126,5476817850,"true",14.9401707897994,11.3121768562352,0.833334,136,322,3,"gps","Bos taurus","misde_cattle3front","misde_cattle3front","Daily cattle herd movements in the Logone Floodplain, Cameroon","2011-03-21","11:25:02"
"1127",1127,5476817870,"true",14.9405465424351,11.3119598804217,1.111112,127,322,3,"gps","Bos taurus","misde_cattle3front","misde_cattle3front","Daily cattle herd movements in the Logone Floodplain, Cameroon","2011-03-21","11:26:02"
"1128",1128,5476817886,"true",14.9408581437903,11.3117700227559,1.111112,112,321,3,"gps","Bos taurus","misde_cattle3front","misde_cattle3front","Daily cattle herd movements in the Logone Floodplain, Cameroon","2011-03-21","11:27:01"
"1129",1129,5476817904,"true",14.9411147669038,11.3115620661962,0.833334,136,322,3,"gps","Bos taurus","misde_cattle3front","misde_cattle3front","Daily cattle herd movements in the Logone Floodplain, Cameroon","2011-03-21","11:28:00"
"1130",1130,5476817923,"true",14.9413988987724,11.3112636767121,0.833334,117,320,3,"gps","Bos taurus","misde_cattle3front","misde_cattle3front","Daily cattle herd movements in the Logone Floodplain, Cameroon","2011-03-21","11:29:02"
"1131",1131,5476817943,"true",14.9418479742829,11.3109653193978,1.111112,121,320,3,"gps","Bos taurus","misde_cattle3front","misde_cattle3front","Daily cattle herd movements in the Logone Floodplain, Cameroon","2011-03-21","11:30:02"
"1132",1132,5476817963,"true",14.9423336958663,11.3107031437934,1.111112,112,319,3,"gps","Bos taurus","misde_cattle3front","misde_cattle3front","Daily cattle herd movements in the Logone Floodplain, Cameroon","2011-03-21","11:31:02"
"1133",1133,5476817983,"true",14.9428102458418,11.3104771408721,1.111112,112,319,3,"gps","Bos taurus","misde_cattle3front","misde_cattle3front","Daily cattle herd movements in the Logone Floodplain, Cameroon","2011-03-21","11:32:02"
"1134",1134,5476818003,"true",14.9432776315272,11.3102511354207,1.111112,121,320,3,"gps","Bos taurus","misde_cattle3front","misde_cattle3front","Daily cattle herd movements in the Logone Floodplain, Cameroon","2011-03-21","11:33:02"
"1135",1135,5476818023,"true",14.9437542029559,11.3099075613666,1.111112,136,319,3,"gps","Bos taurus","misde_cattle3front","misde_cattle3front","Daily cattle herd movements in the Logone Floodplain, Cameroon","2011-03-21","11:34:02"
"1136",1136,5476818043,"true",14.9441299937601,11.309464485553,1.111112,121,318,3,"gps","Bos taurus","misde_cattle3front","misde_cattle3front","Daily cattle herd movements in the Logone Floodplain, Cameroon","2011-03-21","11:35:02"
"1137",1137,5476818063,"true",14.9445790810354,11.3090756858724,1.38889,162,319,4,"gps","Bos taurus","misde_cattle3front","misde_cattle3front","Daily cattle herd movements in the Logone Floodplain, Cameroon","2011-03-21","11:36:02"
"1138",1138,5476818083,"true",14.9449548453182,11.3087592224035,1.111112,121,320,3,"gps","Bos taurus","misde_cattle3front","misde_cattle3front","Daily cattle herd movements in the Logone Floodplain, Cameroon","2011-03-21","11:37:02"
"1139",1139,5476818103,"true",14.9453947514857,11.3084518141014,1.111112,112,320,3,"gps","Bos taurus","misde_cattle3front","misde_cattle3front","Daily cattle herd movements in the Logone Floodplain, Cameroon","2011-03-21","11:38:02"
"1140",1140,5476818121,"true",14.9457613301715,11.3082438736978,1.111112,112,319,3,"gps","Bos taurus","misde_cattle3front","misde_cattle3front","Daily cattle herd movements in the Logone Floodplain, Cameroon","2011-03-21","11:39:01"
"1141",1141,5476818141,"true",14.9462012195119,11.3080178585312,0.833334,104,319,2,"gps","Bos taurus","misde_cattle3front","misde_cattle3front","Daily cattle herd movements in the Logone Floodplain, Cameroon","2011-03-21","11:40:01"
"1142",1142,5476818161,"true",14.9466960939895,11.3077647211568,1.111112,127,319,3,"gps","Bos taurus","misde_cattle3front","misde_cattle3front","Daily cattle herd movements in the Logone Floodplain, Cameroon","2011-03-21","11:41:01"
"1143",1143,5476818181,"true",14.9470993413013,11.3074663475022,1.111112,159,320,3,"gps","Bos taurus","misde_cattle3front","misde_cattle3front","Daily cattle herd movements in the Logone Floodplain, Cameroon","2011-03-21","11:42:01"
"1144",1144,5476818201,"true",14.947383472848,11.3071136892378,0.833334,117,318,3,"gps","Bos taurus","misde_cattle3front","misde_cattle3front","Daily cattle herd movements in the Logone Floodplain, Cameroon","2011-03-21","11:43:01"
"1145",1145,5476818221,"true",14.9477042640011,11.3067248618938,1.111112,159,318,3,"gps","Bos taurus","misde_cattle3front","misde_cattle3front","Daily cattle herd movements in the Logone Floodplain, Cameroon","2011-03-21","11:44:01"
"1146",1146,5476818241,"true",14.9480708795408,11.3062908231358,0.833334,147,318,2,"gps","Bos taurus","misde_cattle3front","misde_cattle3front","Daily cattle herd movements in the Logone Floodplain, Cameroon","2011-03-21","11:45:01"
"1147",1147,5476818261,"true",14.9483825135339,11.3058567743276,1.111112,136,316,3,"gps","Bos taurus","misde_cattle3front","misde_cattle3front","Daily cattle herd movements in the Logone Floodplain, Cameroon","2011-03-21","11:46:01"
"1148",1148,5476818281,"true",14.9487949326761,11.3054860493528,0.833334,124,317,2,"gps","Bos taurus","misde_cattle3front","misde_cattle3front","Daily cattle herd movements in the Logone Floodplain, Cameroon","2011-03-21","11:47:01"
"1149",1149,5476818301,"true",14.9492714785395,11.305205772975,1.111112,112,317,3,"gps","Bos taurus","misde_cattle3front","misde_cattle3front","Daily cattle herd movements in the Logone Floodplain, Cameroon","2011-03-21","11:48:01"
"1150",1150,5476818321,"true",14.9497296998758,11.3049074050721,0.555556,117,316,1,"gps","Bos taurus","misde_cattle3front","misde_cattle3front","Daily cattle herd movements in the Logone Floodplain, Cameroon","2011-03-21","11:49:01"
"1151",1151,5476818341,"true",14.9500779739397,11.3045276235589,1.38889,129,316,4,"gps","Bos taurus","misde_cattle3front","misde_cattle3front","Daily cattle herd movements in the Logone Floodplain, Cameroon","2011-03-21","11:50:01"
"1152",1152,5476818361,"true",14.9505362119749,11.3041207285483,1.111112,127,317,3,"gps","Bos taurus","misde_cattle3front","misde_cattle3front","Daily cattle herd movements in the Logone Floodplain, Cameroon","2011-03-21","11:51:01"
"1153",1153,5476818376,"true",14.9508294777819,11.303894681877,0.0277778,206,318,1,"gps","Bos taurus","misde_cattle3front","misde_cattle3front","Daily cattle herd movements in the Logone Floodplain, Cameroon","2011-03-21","11:52:43"
"1154",1154,5476818377,"true",14.9508203175203,11.3038765927154,0.0277778,243,318,1,"gps","Bos taurus","misde_cattle3front","misde_cattle3front","Daily cattle herd movements in the Logone Floodplain, Cameroon","2011-03-21","11:53:43"
"1155",1155,5476818378,"true",14.9508111541758,11.3038765911937,0.1111112,206,316,1,"gps","Bos taurus","misde_cattle3front","misde_cattle3front","Daily cattle herd movements in the Logone Floodplain, Cameroon","2011-03-21","11:54:22"
"1156",1156,5476818381,"true",14.9507836687709,11.3038494551666,0.3888892,270,318,1,"gps","Bos taurus","misde_cattle3front","misde_cattle3front","Daily cattle herd movements in the Logone Floodplain, Cameroon","2011-03-21","11:55:27"
"1157",1157,5476818387,"true",14.9507103635671,11.3038403991557,0,0,321,0,"gps","Bos taurus","misde_cattle3front","misde_cattle3front","Daily cattle herd movements in the Logone Floodplain, Cameroon","2011-03-21","11:56:42"
"1158",1158,5476818388,"true",14.9507103635671,11.3038403991557,0.555556,316,321,2,"gps","Bos taurus","misde_cattle3front","misde_cattle3front","Daily cattle herd movements in the Logone Floodplain, Cameroon","2011-03-21","11:57:05"
"1159",1159,5476818401,"true",14.9506095311793,11.3040483902234,0.555556,342,322,2,"gps","Bos taurus","misde_cattle3front","misde_cattle3front","Daily cattle herd movements in the Logone Floodplain, Cameroon","2011-03-21","11:58:28"
"1160",1160,5476818412,"true",14.9506094971156,11.3042473542604,0.833334,0,321,2,"gps","Bos taurus","misde_cattle3front","misde_cattle3front","Daily cattle herd movements in the Logone Floodplain, Cameroon","2011-03-21","11:59:01"
"1161",1161,5476818427,"true",14.9507102569489,11.3044644227271,0.0833334,44,319,3,"gps","Bos taurus","misde_cattle3front","misde_cattle3front","Daily cattle herd movements in the Logone Floodplain, Cameroon","2011-03-21","12:00:01"
"1162",1162,5476818431,"true",14.9507377393165,11.3045096463995,0.0833334,0,319,1,"gps","Bos taurus","misde_cattle3front","misde_cattle3front","Daily cattle herd movements in the Logone Floodplain, Cameroon","2011-03-21","12:01:42"
"1163",1163,5476818433,"true",14.9507560660457,11.3045096494474,0.0277778,316,318,2,"gps","Bos taurus","misde_cattle3front","misde_cattle3front","Daily cattle herd movements in the Logone Floodplain, Cameroon","2011-03-21","12:02:34"
"1164",1164,5476818434,"true",14.950746901137,11.3045186917432,0.0277778,90,318,1,"gps","Bos taurus","misde_cattle3front","misde_cattle3front","Daily cattle herd movements in the Logone Floodplain, Cameroon","2011-03-21","12:03:34"
"1165",1165,5476818435,"true",14.950746901137,11.3045186917432,0.0277778,136,320,1,"gps","Bos taurus","misde_cattle3front","misde_cattle3front","Daily cattle herd movements in the Logone Floodplain, Cameroon","2011-03-21","12:04:01"
"1166",1166,5476818436,"true",14.9507560660457,11.3045096494474,0.0277778,117,318,1,"gps","Bos taurus","misde_cattle3front","misde_cattle3front","Daily cattle herd movements in the Logone Floodplain, Cameroon","2011-03-21","12:05:01"
"1167",1167,5476818437,"true",14.9507652294102,11.3045096509709,0.0277778,289,317,2,"gps","Bos taurus","misde_cattle3front","misde_cattle3front","Daily cattle herd movements in the Logone Floodplain, Cameroon","2011-03-21","12:06:01"
"1168",1168,5476818438,"true",14.9507469026811,11.3045096479236,0.0277778,136,317,1,"gps","Bos taurus","misde_cattle3front","misde_cattle3front","Daily cattle herd movements in the Logone Floodplain, Cameroon","2011-03-21","12:07:01"
"1169",1169,5476818439,"true",14.9507560660457,11.3045096494474,0.0277778,316,318,1,"gps","Bos taurus","misde_cattle3front","misde_cattle3front","Daily cattle herd movements in the Logone Floodplain, Cameroon","2011-03-21","12:08:01"
"1170",1170,5476818441,"true",14.950746901137,11.3045186917432,0,270,319,1,"gps","Bos taurus","misde_cattle3front","misde_cattle3front","Daily cattle herd movements in the Logone Floodplain, Cameroon","2011-03-21","12:09:50"
"1171",1171,5476818442,"true",14.950746901137,11.3045186917432,0,180,319,1,"gps","Bos taurus","misde_cattle3front","misde_cattle3front","Daily cattle herd movements in the Logone Floodplain, Cameroon","2011-03-21","12:10:50"
"1172",1172,5476818443,"true",14.9507469026811,11.3045096479236,0.0277778,44,319,1,"gps","Bos taurus","misde_cattle3front","misde_cattle3front","Daily cattle herd movements in the Logone Floodplain, Cameroon","2011-03-21","12:11:50"
"1173",1173,5476818444,"true",14.950746901137,11.3045186917432,0,0,318,0,"gps","Bos taurus","misde_cattle3front","misde_cattle3front","Daily cattle herd movements in the Logone Floodplain, Cameroon","2011-03-21","12:12:50"
"1174",1174,5476818445,"true",14.950746901137,11.3045186917432,0,0,318,1,"gps","Bos taurus","misde_cattle3front","misde_cattle3front","Daily cattle herd movements in the Logone Floodplain, Cameroon","2011-03-21","12:13:50"
"1175",1175,5476818446,"true",14.9507468995929,11.3045277355629,0.0277778,224,317,1,"gps","Bos taurus","misde_cattle3front","misde_cattle3front","Daily cattle herd movements in the Logone Floodplain, Cameroon","2011-03-21","12:14:50"
"1176",1176,5476818447,"true",14.950746901137,11.3045186917432,0.0277778,90,318,1,"gps","Bos taurus","misde_cattle3front","misde_cattle3front","Daily cattle herd movements in the Logone Floodplain, Cameroon","2011-03-21","12:15:50"
"1177",1177,5476818448,"true",14.950746901137,11.3045186917432,0.0277778,136,318,1,"gps","Bos taurus","misde_cattle3front","misde_cattle3front","Daily cattle herd movements in the Logone Floodplain, Cameroon","2011-03-21","12:16:14"
"1178",1178,5476818449,"true",14.9507560660457,11.3045096494474,0.0555556,90,319,1,"gps","Bos taurus","misde_cattle3front","misde_cattle3front","Daily cattle herd movements in the Logone Floodplain, Cameroon","2011-03-21","12:17:14"
"1179",1179,5476818451,"true",14.950746901137,11.3045186917432,0,0,318,0,"gps","Bos taurus","misde_cattle3front","misde_cattle3front","Daily cattle herd movements in the Logone Floodplain, Cameroon","2011-03-21","12:18:25"
"1180",1180,5476818452,"true",14.950746901137,11.3045186917432,0.0277778,334,318,1,"gps","Bos taurus","misde_cattle3front","misde_cattle3front","Daily cattle herd movements in the Logone Floodplain, Cameroon","2011-03-21","12:19:25"
"1181",1181,5476818453,"true",14.9507468995929,11.3045277355629,0,0,316,0,"gps","Bos taurus","misde_cattle3front","misde_cattle3front","Daily cattle herd movements in the Logone Floodplain, Cameroon","2011-03-21","12:20:25"
"1182",1182,5476818454,"true",14.9507468995929,11.3045277355629,0.0277778,0,316,1,"gps","Bos taurus","misde_cattle3front","misde_cattle3front","Daily cattle herd movements in the Logone Floodplain, Cameroon","2011-03-21","12:21:13"
"1183",1183,5476818455,"true",14.9507468980488,11.3045367793825,0,90,319,1,"gps","Bos taurus","misde_cattle3front","misde_cattle3front","Daily cattle herd movements in the Logone Floodplain, Cameroon","2011-03-21","12:22:13"
"1184",1184,5476818456,"true",14.9507468980488,11.3045367793825,0.0277778,180,322,1,"gps","Bos taurus","misde_cattle3front","misde_cattle3front","Daily cattle herd movements in the Logone Floodplain, Cameroon","2011-03-21","12:23:13"
"1185",1185,5476818465,"true",14.950866018719,11.3045548868093,0.555556,26,321,1,"gps","Bos taurus","misde_cattle3front","misde_cattle3front","Daily cattle herd movements in the Logone Floodplain, Cameroon","2011-03-21","12:24:02"
"1186",1186,5476818468,"true",14.9508660156382,11.3045729744486,0.277778,316,321,1,"gps","Bos taurus","misde_cattle3front","misde_cattle3front","Daily cattle herd movements in the Logone Floodplain, Cameroon","2011-03-21","12:25:16"
"1187",1187,5476818477,"true",14.9507652155185,11.3045910453477,0.555556,224,321,2,"gps","Bos taurus","misde_cattle3front","misde_cattle3front","Daily cattle herd movements in the Logone Floodplain, Cameroon","2011-03-21","12:26:07"
"1188",1188,5476818484,"true",14.9506827513985,11.3045548563472,0.833334,236,321,2,"gps","Bos taurus","misde_cattle3front","misde_cattle3front","Daily cattle herd movements in the Logone Floodplain, Cameroon","2011-03-21","12:27:01"
"1189",1189,5476818501,"true",14.9503712094018,11.3044824537444,0.0555556,0,322,1,"gps","Bos taurus","misde_cattle3front","misde_cattle3front","Daily cattle herd movements in the Logone Floodplain, Cameroon","2011-03-21","12:28:02"
"1190",1190,5476818514,"true",14.9502612225293,11.3046361802298,0.555556,334,320,1,"gps","Bos taurus","misde_cattle3front","misde_cattle3front","Daily cattle herd movements in the Logone Floodplain, Cameroon","2011-03-21","12:29:02"
"1191",1191,5476818523,"true",14.9502703781026,11.3046814008662,0.3888892,270,321,1,"gps","Bos taurus","misde_cattle3front","misde_cattle3front","Daily cattle herd movements in the Logone Floodplain, Cameroon","2011-03-21","12:30:38"
"1192",1192,5476818526,"true",14.9502520482434,11.3046994854272,0.0833334,270,321,1,"gps","Bos taurus","misde_cattle3front","misde_cattle3front","Daily cattle herd movements in the Logone Floodplain, Cameroon","2011-03-21","12:31:11"
"1193",1193,5476818532,"true",14.9501970664588,11.3047085200058,0.833334,256,321,2,"gps","Bos taurus","misde_cattle3front","misde_cattle3front","Daily cattle herd movements in the Logone Floodplain, Cameroon","2011-03-21","12:32:03"
"1194",1194,5476818547,"true",14.9500137990425,11.3047084891293,0.555556,342,320,2,"gps","Bos taurus","misde_cattle3front","misde_cattle3front","Daily cattle herd movements in the Logone Floodplain, Cameroon","2011-03-21","12:33:14"
"1195",1195,5476818559,"true",14.9498946516595,11.3048441262895,0.555556,297,321,1,"gps","Bos taurus","misde_cattle3front","misde_cattle3front","Daily cattle herd movements in the Logone Floodplain, Cameroon","2011-03-21","12:34:01"
"1196",1196,5476818565,"true",14.9498488379286,11.3048260308955,0.277778,224,320,1,"gps","Bos taurus","misde_cattle3front","misde_cattle3front","Daily cattle herd movements in the Logone Floodplain, Cameroon","2011-03-21","12:35:01"
"1197",1197,5476818573,"true",14.9497663785822,11.3047627101825,0.0277778,224,321,2,"gps","Bos taurus","misde_cattle3front","misde_cattle3front","Daily cattle herd movements in the Logone Floodplain, Cameroon","2011-03-21","12:36:26"
"1198",1198,5476818574,"true",14.9497572167849,11.3047536648087,0.0277778,0,321,1,"gps","Bos taurus","misde_cattle3front","misde_cattle3front","Daily cattle herd movements in the Logone Floodplain, Cameroon","2011-03-21","12:37:26"
"1199",1199,5476818575,"true",14.9497572152097,11.304762708628,0.1111112,136,321,1,"gps","Bos taurus","misde_cattle3front","misde_cattle3front","Daily cattle herd movements in the Logone Floodplain, Cameroon","2011-03-21","12:38:05"
"1200",1200,5476818586,"true",14.9498030462356,11.3046813220229,0.0555556,180,321,1,"gps","Bos taurus","misde_cattle3front","misde_cattle3front","Daily cattle herd movements in the Logone Floodplain, Cameroon","2011-03-21","12:39:59"
"1201",1201,5476818587,"true",14.9498030478093,11.3046722782035,0.555556,154,321,1,"gps","Bos taurus","misde_cattle3front","misde_cattle3front","Daily cattle herd movements in the Logone Floodplain, Cameroon","2011-03-21","12:40:27"
"1202",1202,5476818598,"true",14.9499222077235,11.304464290522,0.833334,154,321,3,"gps","Bos taurus","misde_cattle3front","misde_cattle3front","Daily cattle herd movements in the Logone Floodplain, Cameroon","2011-03-21","12:41:00"
"1203",1203,5476818617,"true",14.9500963695063,11.3041296985815,0.555556,206,320,1,"gps","Bos taurus","misde_cattle3front","misde_cattle3front","Daily cattle herd movements in the Logone Floodplain, Cameroon","2011-03-21","12:42:29"
"1204",1204,5476818624,"true",14.9500414081856,11.3040211634743,0.555556,154,321,1,"gps","Bos taurus","misde_cattle3front","misde_cattle3front","Daily cattle herd movements in the Logone Floodplain, Cameroon","2011-03-21","12:43:37"
"1205",1205,5476818627,"true",14.9500505777979,11.3039849897404,0.1111112,224,322,1,"gps","Bos taurus","misde_cattle3front","misde_cattle3front","Daily cattle herd movements in the Logone Floodplain, Cameroon","2011-03-21","12:44:02"
"1206",1206,5476818636,"true",14.9499772866968,11.3038945391688,0.0555556,270,321,3,"gps","Bos taurus","misde_cattle3front","misde_cattle3front","Daily cattle herd movements in the Logone Floodplain, Cameroon","2011-03-21","12:45:48"
"1207",1207,5476818637,"true",14.949949796662,11.3038945345245,0.0555556,236,319,2,"gps","Bos taurus","misde_cattle3front","misde_cattle3front","Daily cattle herd movements in the Logone Floodplain, Cameroon","2011-03-21","12:46:48"
"1208",1208,5476818638,"true",14.9499314731113,11.303876443787,0.277778,136,319,1,"gps","Bos taurus","misde_cattle3front","misde_cattle3front","Daily cattle herd movements in the Logone Floodplain, Cameroon","2011-03-21","12:47:32"
"1209",1209,5476818642,"true",14.9499406427327,11.3038402700562,0.0555556,136,321,3,"gps","Bos taurus","misde_cattle3front","misde_cattle3front","Daily cattle herd movements in the Logone Floodplain, Cameroon","2011-03-21","12:48:09"
"1210",1210,5476818643,"true",14.9499589725565,11.3038221855133,0.555556,136,321,2,"gps","Bos taurus","misde_cattle3front","misde_cattle3front","Daily cattle herd movements in the Logone Floodplain, Cameroon","2011-03-21","12:49:06"
"1211",1211,5476818656,"true",14.9500414817927,11.3035961039346,0.833334,124,320,2,"gps","Bos taurus","misde_cattle3front","misde_cattle3front","Daily cattle herd movements in the Logone Floodplain, Cameroon","2011-03-21","12:50:02"
"1212",1212,5476818661,"true",14.9500598194222,11.3035328002843,0.1944446,270,320,1,"gps","Bos taurus","misde_cattle3front","misde_cattle3front","Daily cattle herd movements in the Logone Floodplain, Cameroon","2011-03-21","12:51:08"
"1213",1213,5476818676,"true",14.9499315594355,11.3033790336822,0.555556,154,321,1,"gps","Bos taurus","misde_cattle3front","misde_cattle3front","Daily cattle herd movements in the Logone Floodplain, Cameroon","2011-03-21","12:52:21"
"1214",1214,5476818680,"true",14.9499498923682,11.3033428614986,0.1111112,180,321,1,"gps","Bos taurus","misde_cattle3front","misde_cattle3front","Daily cattle herd movements in the Logone Floodplain, Cameroon","2011-03-21","12:53:11"
"1215",1215,5476818683,"true",14.9499315704219,11.3033157269404,0.138889,180,321,1,"gps","Bos taurus","misde_cattle3front","misde_cattle3front","Daily cattle herd movements in the Logone Floodplain, Cameroon","2011-03-21","12:54:11"
"1216",1216,5476818686,"true",14.9499224133744,11.30327955011,0.1944446,180,319,1,"gps","Bos taurus","misde_cattle3front","misde_cattle3front","Daily cattle herd movements in the Logone Floodplain, Cameroon","2011-03-21","12:55:00"
"1217",1217,5476818697,"true",14.9499224384905,11.3031348489846,0.555556,90,319,2,"gps","Bos taurus","misde_cattle3front","misde_cattle3front","Daily cattle herd movements in the Logone Floodplain, Cameroon","2011-03-21","12:56:04"
"1218",1218,5476818707,"true",14.9500140685648,11.3031529521039,0.1111112,270,319,1,"gps","Bos taurus","misde_cattle3front","misde_cattle3front","Daily cattle herd movements in the Logone Floodplain, Cameroon","2011-03-21","12:57:02"
"1219",1219,5476818716,"true",14.9499132861599,11.3030715406923,0.0277778,0,319,1,"gps","Bos taurus","misde_cattle3front","misde_cattle3front","Daily cattle herd movements in the Logone Floodplain, Cameroon","2011-03-21","12:58:32"
"1220",1220,5476818718,"true",14.9498949595223,11.3030715375926,0.555556,180,319,2,"gps","Bos taurus","misde_cattle3front","misde_cattle3front","Daily cattle herd movements in the Logone Floodplain, Cameroon","2011-03-21","12:59:55"
"1221",1221,5476818720,"true",14.9498949658047,11.3030353623109,0.555556,206,319,1,"gps","Bos taurus","misde_cattle3front","misde_cattle3front","Daily cattle herd movements in the Logone Floodplain, Cameroon","2011-03-21","13:00:01"
"1222",1222,5476818737,"true",14.9498583392536,11.3028816111599,0.0555556,162,318,2,"gps","Bos taurus","misde_cattle3front","misde_cattle3front","Daily cattle herd movements in the Logone Floodplain, Cameroon","2011-03-21","13:01:00"
"1223",1223,5476818740,"true",14.9498400189172,11.3028454327747,0.277778,224,318,1,"gps","Bos taurus","misde_cattle3front","misde_cattle3front","Daily cattle herd movements in the Logone Floodplain, Cameroon","2011-03-21","13:02:07"
"1224",1224,5476818745,"true",14.9498125305556,11.3028363842976,0,0,319,0,"gps","Bos taurus","misde_cattle3front","misde_cattle3front","Daily cattle herd movements in the Logone Floodplain, Cameroon","2011-03-21","13:03:40"
"1225",1225,5476818747,"true",14.9498216907212,11.3028544734912,0,0,317,1,"gps","Bos taurus","misde_cattle3front","misde_cattle3front","Daily cattle herd movements in the Logone Floodplain, Cameroon","2011-03-21","13:04:10"
"1226",1226,5476818748,"true",14.9498216907212,11.3028544734912,0.0277778,270,319,1,"gps","Bos taurus","misde_cattle3front","misde_cattle3front","Daily cattle herd movements in the Logone Floodplain, Cameroon","2011-03-21","13:05:04"
"1227",1227,5476818750,"true",14.9497941976381,11.3028725564739,0.1944446,0,319,1,"gps","Bos taurus","misde_cattle3front","misde_cattle3front","Daily cattle herd movements in the Logone Floodplain, Cameroon","2011-03-21","13:06:15"
"1228",1228,5476818754,"true",14.9497941944906,11.3028906441149,0,0,316,0,"gps","Bos taurus","misde_cattle3front","misde_cattle3front","Daily cattle herd movements in the Logone Floodplain, Cameroon","2011-03-21","13:07:41"
"1229",1229,5476818756,"true",14.9497941944906,11.3028906441149,0,0,317,0,"gps","Bos taurus","misde_cattle3front","misde_cattle3front","Daily cattle herd movements in the Logone Floodplain, Cameroon","2011-03-21","13:08:54"
"1230",1230,5476818757,"true",14.9497941944906,11.3028906441149,0.0277778,44,317,1,"gps","Bos taurus","misde_cattle3front","misde_cattle3front","Daily cattle herd movements in the Logone Floodplain, Cameroon","2011-03-21","13:09:12"
"1231",1231,5476818762,"true",14.9497941881957,11.302926819397,0,0,318,0,"gps","Bos taurus","misde_cattle3front","misde_cattle3front","Daily cattle herd movements in the Logone Floodplain, Cameroon","2011-03-21","13:10:53"
"1232",1232,5476818763,"true",14.9497941881957,11.302926819397,0.0277778,297,318,1,"gps","Bos taurus","misde_cattle3front","misde_cattle3front","Daily cattle herd movements in the Logone Floodplain, Cameroon","2011-03-21","13:11:53"
"1233",1233,5476818764,"true",14.9497758615673,11.30292681629,0.3611114,90,318,2,"gps","Bos taurus","misde_cattle3front","misde_cattle3front","Daily cattle herd movements in the Logone Floodplain, Cameroon","2011-03-21","13:12:46"
"1234",1234,5476818768,"true",14.9498033515098,11.30292682095,0.277778,44,318,1,"gps","Bos taurus","misde_cattle3front","misde_cattle3front","Daily cattle herd movements in the Logone Floodplain, Cameroon","2011-03-21","13:13:03"
"1235",1235,5476818775,"true",14.9498949752282,11.3029810993881,0,0,318,0,"gps","Bos taurus","misde_cattle3front","misde_cattle3front","Daily cattle herd movements in the Logone Floodplain, Cameroon","2011-03-21","13:14:07"
"1236",1236,5476818778,"true",14.9499041401144,11.3029720571176,0,0,317,0,"gps","Bos taurus","misde_cattle3front","misde_cattle3front","Daily cattle herd movements in the Logone Floodplain, Cameroon","2011-03-21","13:15:35"
"1237",1237,5476818779,"true",14.9499041401144,11.3029720571176,0.0277778,90,317,2,"gps","Bos taurus","misde_cattle3front","misde_cattle3front","Daily cattle herd movements in the Logone Floodplain, Cameroon","2011-03-21","13:16:07"
"1238",1238,5476818780,"true",14.9499224667457,11.3029720602167,0.0277778,270,317,1,"gps","Bos taurus","misde_cattle3front","misde_cattle3front","Daily cattle herd movements in the Logone Floodplain, Cameroon","2011-03-21","13:17:07"
"1239",1239,5476818782,"true",14.9499133034301,11.3029720586673,0,0,318,0,"gps","Bos taurus","misde_cattle3front","misde_cattle3front","Daily cattle herd movements in the Logone Floodplain, Cameroon","2011-03-21","13:18:28"
"1240",1240,5476818783,"true",14.9499133034301,11.3029720586673,0,90,318,1,"gps","Bos taurus","misde_cattle3front","misde_cattle3front","Daily cattle herd movements in the Logone Floodplain, Cameroon","2011-03-21","13:19:28"
"1241",1241,5476818784,"true",14.9499224667457,11.3029720602167,0.555556,297,318,1,"gps","Bos taurus","misde_cattle3front","misde_cattle3front","Daily cattle herd movements in the Logone Floodplain, Cameroon","2011-03-21","13:20:27"
"1242",1242,5476818792,"true",14.9498583282515,11.3029449179035,0,0,318,0,"gps","Bos taurus","misde_cattle3front","misde_cattle3front","Daily cattle herd movements in the Logone Floodplain, Cameroon","2011-03-21","13:21:55"
"1243",1243,5476818793,"true",14.9498583282515,11.3029449179035,0,0,317,0,"gps","Bos taurus","misde_cattle3front","misde_cattle3front","Daily cattle herd movements in the Logone Floodplain, Cameroon","2011-03-21","13:22:53"
"1244",1244,5476818794,"true",14.9498583282515,11.3029449179035,0.0277778,224,317,1,"gps","Bos taurus","misde_cattle3front","misde_cattle3front","Daily cattle herd movements in the Logone Floodplain, Cameroon","2011-03-21","13:23:53"
"1245",1245,5476818795,"true",14.9498583282515,11.3029449179035,0,0,317,0,"gps","Bos taurus","misde_cattle3front","misde_cattle3front","Daily cattle herd movements in the Logone Floodplain, Cameroon","2011-03-21","13:24:53"
"1246",1246,5476818796,"true",14.9498583282515,11.3029449179035,0.0277778,0,317,1,"gps","Bos taurus","misde_cattle3front","misde_cattle3front","Daily cattle herd movements in the Logone Floodplain, Cameroon","2011-03-21","13:25:35"
"1247",1247,5476818797,"true",14.9498583282515,11.3029449179035,0.3888892,0,317,1,"gps","Bos taurus","misde_cattle3front","misde_cattle3front","Daily cattle herd movements in the Logone Floodplain, Cameroon","2011-03-21","13:26:07"
"1248",1248,5476818811,"true",14.9500049162136,11.3030896438145,0.3888892,90,319,1,"gps","Bos taurus","misde_cattle3front","misde_cattle3front","Daily cattle herd movements in the Logone Floodplain, Cameroon","2011-03-21","13:27:00"
"1249",1249,5476818821,"true",14.9500782086849,11.3031710505628,0.555556,63,319,1,"gps","Bos taurus","misde_cattle3front","misde_cattle3front","Daily cattle herd movements in the Logone Floodplain, Cameroon","2011-03-21","13:28:27"
"1250",1250,5476818832,"true",14.9502431297642,11.3032796041617,0.138889,44,319,1,"gps","Bos taurus","misde_cattle3front","misde_cattle3front","Daily cattle herd movements in the Logone Floodplain, Cameroon","2011-03-21","13:29:00"
"1251",1251,5476818851,"true",14.9505179876481,11.3035238333636,0.3888892,90,318,1,"gps","Bos taurus","misde_cattle3front","misde_cattle3front","Daily cattle herd movements in the Logone Floodplain, Cameroon","2011-03-21","13:30:00"
"1252",1252,5476818866,"true",14.9507195624418,11.3036323928175,0.555556,18,322,2,"gps","Bos taurus","misde_cattle3front","misde_cattle3front","Daily cattle herd movements in the Logone Floodplain, Cameroon","2011-03-21","13:31:00"
"1253",1253,5476818876,"true",14.9507745254879,11.3037318839824,0.3888892,270,319,1,"gps","Bos taurus","misde_cattle3front","misde_cattle3front","Daily cattle herd movements in the Logone Floodplain, Cameroon","2011-03-21","13:32:27"
"1254",1254,5476818878,"true",14.9507653606047,11.3037409262794,0,0,318,0,"gps","Bos taurus","misde_cattle3front","misde_cattle3front","Daily cattle herd movements in the Logone Floodplain, Cameroon","2011-03-21","13:33:30"
"1255",1255,5476818882,"true",14.9507470354683,11.3037318794121,0.555556,297,318,1,"gps","Bos taurus","misde_cattle3front","misde_cattle3front","Daily cattle herd movements in the Logone Floodplain, Cameroon","2011-03-21","13:34:02"
"1256",1256,5476818893,"true",14.9508295132342,11.3036866740144,0.833334,124,317,2,"gps","Bos taurus","misde_cattle3front","misde_cattle3front","Daily cattle herd movements in the Logone Floodplain, Cameroon","2011-03-21","13:35:01"
"1257",1257,5476818913,"true",14.9510494256851,11.3037319295446,0.555556,26,320,1,"gps","Bos taurus","misde_cattle3front","misde_cattle3front","Daily cattle herd movements in the Logone Floodplain, Cameroon","2011-03-21","13:36:07"
"1258",1258,5476818920,"true",14.9510860744447,11.3037590670608,0.833334,33,318,2,"gps","Bos taurus","misde_cattle3front","misde_cattle3front","Daily cattle herd movements in the Logone Floodplain, Cameroon","2011-03-21","13:37:29"
"1259",1259,5476818928,"true",14.9511043781344,11.3038947273888,0.555556,26,317,1,"gps","Bos taurus","misde_cattle3front","misde_cattle3front","Daily cattle herd movements in the Logone Floodplain, Cameroon","2011-03-21","13:38:04"
"1260",1260,5476818938,"true",14.9511226833733,11.3040213438946,0.1111112,334,318,1,"gps","Bos taurus","misde_cattle3front","misde_cattle3front","Daily cattle herd movements in the Logone Floodplain, Cameroon","2011-03-21","13:39:00"
"1261",1261,5476818946,"true",14.951095181061,11.3040936899164,0.277778,44,315,1,"gps","Bos taurus","misde_cattle3front","misde_cattle3front","Daily cattle herd movements in the Logone Floodplain, Cameroon","2011-03-21","13:40:30"
"1262",1262,5476818950,"true",14.9510951779948,11.3041117775563,0.1666668,44,316,2,"gps","Bos taurus","misde_cattle3front","misde_cattle3front","Daily cattle herd movements in the Logone Floodplain, Cameroon","2011-03-21","13:41:21"
"1263",1263,5476818954,"true",14.9511318283389,11.3041298712465,0.1944446,90,316,1,"gps","Bos taurus","misde_cattle3front","misde_cattle3front","Daily cattle herd movements in the Logone Floodplain, Cameroon","2011-03-21","13:42:01"
"1264",1264,5476818960,"true",14.9511776420407,11.3041479664428,0.277778,44,319,1,"gps","Bos taurus","misde_cattle3front","misde_cattle3front","Daily cattle herd movements in the Logone Floodplain, Cameroon","2011-03-21","13:43:08"
"1265",1265,5476818977,"true",14.9508569031126,11.304274526877,0.3055558,270,319,1,"gps","Bos taurus","misde_cattle3front","misde_cattle3front","Daily cattle herd movements in the Logone Floodplain, Cameroon","2011-03-21","13:44:01"
"1266",1266,5476818993,"true",14.9506094769867,11.3043649239174,0.833334,284,321,2,"gps","Bos taurus","misde_cattle3front","misde_cattle3front","Daily cattle herd movements in the Logone Floodplain, Cameroon","2011-03-21","13:45:00"
"1267",1267,5476819013,"true",14.9503345419339,11.3045638419763,1.111112,307,323,3,"gps","Bos taurus","misde_cattle3front","misde_cattle3front","Daily cattle herd movements in the Logone Floodplain, Cameroon","2011-03-21","13:46:02"
"1268",1268,5476819026,"true",14.9501970680201,11.3046994761863,0.833334,284,319,2,"gps","Bos taurus","misde_cattle3front","misde_cattle3front","Daily cattle herd movements in the Logone Floodplain, Cameroon","2011-03-21","13:47:04"
"1269",1269,5476819038,"true",14.9500046278347,11.3047537066797,0.0277778,270,318,1,"gps","Bos taurus","misde_cattle3front","misde_cattle3front","Daily cattle herd movements in the Logone Floodplain, Cameroon","2011-03-21","13:48:48"
"1270",1270,5476819039,"true",14.9500046278347,11.3047537066797,0.555556,243,318,1,"gps","Bos taurus","misde_cattle3front","misde_cattle3front","Daily cattle herd movements in the Logone Floodplain, Cameroon","2011-03-21","13:49:29"
"1271",1271,5476819046,"true",14.9499038354519,11.3047265581878,0.555556,334,318,1,"gps","Bos taurus","misde_cattle3front","misde_cattle3front","Daily cattle herd movements in the Logone Floodplain, Cameroon","2011-03-21","13:50:10"
"1272",1272,5476819057,"true",14.9497572136346,11.3047717524474,0.833334,256,320,2,"gps","Bos taurus","misde_cattle3front","misde_cattle3front","Daily cattle herd movements in the Logone Floodplain, Cameroon","2011-03-21","13:51:11"
"1273",1273,5476819074,"true",14.9493723456304,11.304807862181,0.1111112,236,321,2,"gps","Bos taurus","misde_cattle3front","misde_cattle3front","Daily cattle herd movements in the Logone Floodplain, Cameroon","2011-03-21","13:52:02"
"1274",1274,5476819081,"true",14.9492715469276,11.3048168887514,0.0833334,251,321,2,"gps","Bos taurus","misde_cattle3front","misde_cattle3front","Daily cattle herd movements in the Logone Floodplain, Cameroon","2011-03-21","13:53:01"
"1275",1275,5476819095,"true",14.9489325116915,11.3047625675652,0.833334,270,320,2,"gps","Bos taurus","misde_cattle3front","misde_cattle3front","Daily cattle herd movements in the Logone Floodplain, Cameroon","2011-03-21","13:54:00"
"1276",1276,5476819115,"true",14.9483918824322,11.3047082109292,1.111112,270,319,3,"gps","Bos taurus","misde_cattle3front","misde_cattle3front","Daily cattle herd movements in the Logone Floodplain, Cameroon","2011-03-21","13:55:00"
"1277",1277,5476819135,"true",14.9478879150248,11.304608640663,1.111112,258,318,3,"gps","Bos taurus","misde_cattle3front","misde_cattle3front","Daily cattle herd movements in the Logone Floodplain, Cameroon","2011-03-21","13:56:00"
"1278",1278,5476819155,"true",14.9474114446559,11.304472899146,1.111112,258,319,3,"gps","Bos taurus","misde_cattle3front","misde_cattle3front","Daily cattle herd movements in the Logone Floodplain, Cameroon","2011-03-21","13:57:00"
"1279",1279,5476819175,"true",14.94693496143,11.3044095074169,0.833334,256,320,2,"gps","Bos taurus","misde_cattle3front","misde_cattle3front","Daily cattle herd movements in the Logone Floodplain, Cameroon","2011-03-21","13:58:00"
"1280",1280,5476819195,"true",14.9464768101683,11.304318986777,1.111112,233,320,3,"gps","Bos taurus","misde_cattle3front","misde_cattle3front","Daily cattle herd movements in the Logone Floodplain, Cameroon","2011-03-21","13:59:02"
"1281",1281,5476819210,"true",14.9461377709922,11.3042917938519,1.111112,270,320,3,"gps","Bos taurus","misde_cattle3front","misde_cattle3front","Daily cattle herd movements in the Logone Floodplain, Cameroon","2011-03-21","14:00:01"
"1282",1282,5476819230,"true",14.94561547499,11.3042103040273,0.555556,270,320,2,"gps","Bos taurus","misde_cattle3front","misde_cattle3front","Daily cattle herd movements in the Logone Floodplain, Cameroon","2011-03-21","14:01:01"
"1283",1283,5476819250,"true",14.9451573244681,11.3041197813483,1.111112,270,320,3,"gps","Bos taurus","misde_cattle3front","misde_cattle3front","Daily cattle herd movements in the Logone Floodplain, Cameroon","2011-03-21","14:02:01"
"1284",1284,5476819270,"true",14.9446350238554,11.3040654212537,0.833334,256,320,2,"gps","Bos taurus","misde_cattle3front","misde_cattle3front","Daily cattle herd movements in the Logone Floodplain, Cameroon","2011-03-21","14:03:01"
"1285",1285,5476819290,"true",14.944103565353,11.3039839270523,0.833334,256,320,2,"gps","Bos taurus","misde_cattle3front","misde_cattle3front","Daily cattle herd movements in the Logone Floodplain, Cameroon","2011-03-21","14:04:01"
"1286",1286,5476819310,"true",14.9435904285389,11.3039295668464,0.833334,256,321,2,"gps","Bos taurus","misde_cattle3front","misde_cattle3front","Daily cattle herd movements in the Logone Floodplain, Cameroon","2011-03-21","14:05:01"
"1287",1287,5476819330,"true",14.9431230997239,11.3039204336489,1.111112,282,321,3,"gps","Bos taurus","misde_cattle3front","misde_cattle3front","Daily cattle herd movements in the Logone Floodplain, Cameroon","2011-03-21","14:06:01"
"1288",1288,5476819350,"true",14.942619122961,11.3038841611586,1.111112,280,321,4,"gps","Bos taurus","misde_cattle3front","misde_cattle3front","Daily cattle herd movements in the Logone Floodplain, Cameroon","2011-03-21","14:07:01"
"1289",1289,5476819370,"true",14.942087654487,11.3038569262559,1.111112,270,321,3,"gps","Bos taurus","misde_cattle3front","misde_cattle3front","Daily cattle herd movements in the Logone Floodplain, Cameroon","2011-03-21","14:08:01"
"1290",1290,5476819390,"true",14.9415928523012,11.3037663908995,0.277778,316,320,1,"gps","Bos taurus","misde_cattle3front","misde_cattle3front","Daily cattle herd movements in the Logone Floodplain, Cameroon","2011-03-21","14:09:05"
"1291",1291,5476819406,"true",14.9413179521141,11.3037663365598,1.111112,258,320,3,"gps","Bos taurus","misde_cattle3front","misde_cattle3front","Daily cattle herd movements in the Logone Floodplain, Cameroon","2011-03-21","14:10:00"
"1292",1292,5476819423,"true",14.9410064170638,11.3036758364796,0.833334,256,320,2,"gps","Bos taurus","misde_cattle3front","misde_cattle3front","Daily cattle herd movements in the Logone Floodplain, Cameroon","2011-03-21","14:11:02"
"1293",1293,5476819440,"true",14.9406765350868,11.3036848144074,0.833334,270,320,2,"gps","Bos taurus","misde_cattle3front","misde_cattle3front","Daily cattle herd movements in the Logone Floodplain, Cameroon","2011-03-21","14:12:02"
"1294",1294,5476819454,"true",14.9404382939306,11.3036576351351,0.833334,256,320,2,"gps","Bos taurus","misde_cattle3front","misde_cattle3front","Daily cattle herd movements in the Logone Floodplain, Cameroon","2011-03-21","14:13:02"
"1295",1295,5476819467,"true",14.9401725534379,11.3036756692126,1.111112,248,322,3,"gps","Bos taurus","misde_cattle3front","misde_cattle3front","Daily cattle herd movements in the Logone Floodplain, Cameroon","2011-03-21","14:14:01"
"1296",1296,5476819479,"true",14.9399709656812,11.3036484969664,0.138889,270,321,1,"gps","Bos taurus","misde_cattle3front","misde_cattle3front","Daily cattle herd movements in the Logone Floodplain, Cameroon","2011-03-21","14:15:08"
"1297",1297,5476819489,"true",14.9398243523121,11.3036484672144,0.555556,270,321,2,"gps","Bos taurus","misde_cattle3front","misde_cattle3front","Daily cattle herd movements in the Logone Floodplain, Cameroon","2011-03-21","14:16:02"
"1298",1298,5476819503,"true",14.9395677808117,11.3036393711553,0.3055558,270,321,1,"gps","Bos taurus","misde_cattle3front","misde_cattle3front","Daily cattle herd movements in the Logone Floodplain, Cameroon","2011-03-21","14:17:01"
"1299",1299,5476819517,"true",14.9393112074262,11.3036393186925,0.555556,270,320,2,"gps","Bos taurus","misde_cattle3front","misde_cattle3front","Daily cattle herd movements in the Logone Floodplain, Cameroon","2011-03-21","14:18:00"
"1300",1300,5476819530,"true",14.9390912950198,11.3036030982738,1.111112,260,319,4,"gps","Bos taurus","misde_cattle3front","misde_cattle3front","Daily cattle herd movements in the Logone Floodplain, Cameroon","2011-03-21","14:19:02"
"1301",1301,5476819541,"true",14.9389263626663,11.3035668890343,1.111112,258,320,3,"gps","Bos taurus","misde_cattle3front","misde_cattle3front","Daily cattle herd movements in the Logone Floodplain, Cameroon","2011-03-21","14:20:02"
"1302",1302,5476819555,"true",14.9387156060122,11.3035668454999,0.0833334,270,320,1,"gps","Bos taurus","misde_cattle3front","misde_cattle3front","Daily cattle herd movements in the Logone Floodplain, Cameroon","2011-03-21","14:21:02"
"1303",1303,5476819564,"true",14.9385598332073,11.3035487255893,0.0555556,0,320,1,"gps","Bos taurus","misde_cattle3front","misde_cattle3front","Daily cattle herd movements in the Logone Floodplain, Cameroon","2011-03-21","14:22:15"
"1304",1304,5476819577,"true",14.9383215769041,11.3035938951624,0.833334,284,320,2,"gps","Bos taurus","misde_cattle3front","misde_cattle3front","Daily cattle herd movements in the Logone Floodplain, Cameroon","2011-03-21","14:23:01"
"1305",1305,5476819592,"true",14.937991696897,11.3035938262816,0.3333336,316,321,2,"gps","Bos taurus","misde_cattle3front","misde_cattle3front","Daily cattle herd movements in the Logone Floodplain, Cameroon","2011-03-21","14:24:24"
"1306",1306,5476819597,"true",14.9379916832903,11.3036571330093,0.3888892,270,321,1,"gps","Bos taurus","misde_cattle3front","misde_cattle3front","Daily cattle herd movements in the Logone Floodplain, Cameroon","2011-03-21","14:25:05"
"1307",1307,5476819609,"true",14.9378359085355,11.3036480565361,0.833334,256,320,2,"gps","Bos taurus","misde_cattle3front","misde_cattle3front","Daily cattle herd movements in the Logone Floodplain, Cameroon","2011-03-21","14:26:02"
"1308",1308,5476819620,"true",14.9376892990791,11.3036299380909,0.3888892,270,320,1,"gps","Bos taurus","misde_cattle3front","misde_cattle3front","Daily cattle herd movements in the Logone Floodplain, Cameroon","2011-03-21","14:27:01"
"1309",1309,5476819629,"true",14.9375610163095,11.3036118234373,0.2500002,270,320,2,"gps","Bos taurus","misde_cattle3front","misde_cattle3front","Daily cattle herd movements in the Logone Floodplain, Cameroon","2011-03-21","14:28:03"
"1310",1310,5476819638,"true",14.9374052455184,11.3035846591015,0.555556,270,319,2,"gps","Bos taurus","misde_cattle3front","misde_cattle3front","Daily cattle herd movements in the Logone Floodplain, Cameroon","2011-03-21","14:29:02"
"1311",1311,5476819652,"true",14.9371486682515,11.3036026924018,1.111112,258,320,3,"gps","Bos taurus","misde_cattle3front","misde_cattle3front","Daily cattle herd movements in the Logone Floodplain, Cameroon","2011-03-21","14:30:00"
"1312",1312,5476819667,"true",14.9368829355339,11.3035845482548,0.833334,284,320,2,"gps","Bos taurus","misde_cattle3front","misde_cattle3front","Daily cattle herd movements in the Logone Floodplain, Cameroon","2011-03-21","14:31:00"
"1313",1313,5476819679,"true",14.9367179757025,11.3036749512393,0.1666668,297,319,1,"gps","Bos taurus","misde_cattle3front","misde_cattle3front","Daily cattle herd movements in the Logone Floodplain, Cameroon","2011-03-21","14:32:02"
"1314",1314,5476819695,"true",14.9363972569548,11.3036839263578,0.555556,270,319,2,"gps","Bos taurus","misde_cattle3front","misde_cattle3front","Daily cattle herd movements in the Logone Floodplain, Cameroon","2011-03-21","14:33:00"
"1315",1315,5476819709,"true",14.9362323229025,11.3036567594377,0.2500002,243,320,1,"gps","Bos taurus","misde_cattle3front","misde_cattle3front","Daily cattle herd movements in the Logone Floodplain, Cameroon","2011-03-21","14:34:01"
"1316",1316,5476819717,"true",14.9361315302198,11.3036386500829,0.3888892,270,320,1,"gps","Bos taurus","misde_cattle3front","misde_cattle3front","Daily cattle herd movements in the Logone Floodplain, Cameroon","2011-03-21","14:35:00"
"1317",1317,5476819729,"true",14.9360215722103,11.3036295825324,0.1111112,243,320,1,"gps","Bos taurus","misde_cattle3front","misde_cattle3front","Daily cattle herd movements in the Logone Floodplain, Cameroon","2011-03-21","14:36:00"
"1318",1318,5476819741,"true",14.9358933016071,11.3035572042496,0.1944446,270,320,1,"gps","Bos taurus","misde_cattle3front","misde_cattle3front","Daily cattle herd movements in the Logone Floodplain, Cameroon","2011-03-21","14:37:07"
"1319",1319,5476819748,"true",14.935810837656,11.3035300549341,0.0555556,224,319,1,"gps","Bos taurus","misde_cattle3front","misde_cattle3front","Daily cattle herd movements in the Logone Floodplain, Cameroon","2011-03-21","14:38:01"
"1320",1320,5476819754,"true",14.9356642344425,11.3034848040336,0.1111112,270,319,1,"gps","Bos taurus","misde_cattle3front","misde_cattle3front","Daily cattle herd movements in the Logone Floodplain, Cameroon","2011-03-21","14:39:24"
"1321",1321,5476819761,"true",14.9355359498487,11.3034757323216,0.833334,256,320,2,"gps","Bos taurus","misde_cattle3front","misde_cattle3front","Daily cattle herd movements in the Logone Floodplain, Cameroon","2011-03-21","14:40:01"
"1322",1322,5476819775,"true",14.9352610560582,11.3034485409081,0.3888892,270,320,1,"gps","Bos taurus","misde_cattle3front","misde_cattle3front","Daily cattle herd movements in the Logone Floodplain, Cameroon","2011-03-21","14:41:04"
"1323",1323,5476819790,"true",14.9350502811814,11.3035298891262,0.3888892,270,320,1,"gps","Bos taurus","misde_cattle3front","misde_cattle3front","Daily cattle herd movements in the Logone Floodplain, Cameroon","2011-03-21","14:42:09"
"1324",1324,5476819799,"true",14.934976968419,11.3035570044948,0.277778,316,318,1,"gps","Bos taurus","misde_cattle3front","misde_cattle3front","Daily cattle herd movements in the Logone Floodplain, Cameroon","2011-03-21","14:43:09"
"1325",1325,5476819809,"true",14.9348486797317,11.3035660201206,0.1111112,270,318,2,"gps","Bos taurus","misde_cattle3front","misde_cattle3front","Daily cattle herd movements in the Logone Floodplain, Cameroon","2011-03-21","14:44:01"
"1326",1326,5476819820,"true",14.9346562579523,11.3035298024578,0.1666668,270,319,2,"gps","Bos taurus","misde_cattle3front","misde_cattle3front","Daily cattle herd movements in the Logone Floodplain, Cameroon","2011-03-21","14:45:09"
"1327",1327,5476819835,"true",14.9343447252847,11.3034392953814,0.833334,243,320,3,"gps","Bos taurus","misde_cattle3front","misde_cattle3front","Daily cattle herd movements in the Logone Floodplain, Cameroon","2011-03-21","14:46:01"
"1328",1328,5476819851,"true",14.9339873906744,11.3032854710459,0.138889,270,319,1,"gps","Bos taurus","misde_cattle3front","misde_cattle3front","Daily cattle herd movements in the Logone Floodplain, Cameroon","2011-03-21","14:47:00"
"1329",1329,5476819862,"true",14.9337949733438,11.303231165189,0.0555556,256,320,2,"gps","Bos taurus","misde_cattle3front","misde_cattle3front","Daily cattle herd movements in the Logone Floodplain, Cameroon","2011-03-21","14:48:04"
"1330",1330,5476819867,"true",14.9337583221354,11.3032221131761,0.555556,243,320,1,"gps","Bos taurus","misde_cattle3front","misde_cattle3front","Daily cattle herd movements in the Logone Floodplain, Cameroon","2011-03-21","14:49:00"
"1331",1331,5476819881,"true",14.9335109395653,11.3031044881095,0.1944446,243,320,3,"gps","Bos taurus","misde_cattle3front","misde_cattle3front","Daily cattle herd movements in the Logone Floodplain, Cameroon","2011-03-21","14:50:00"
"1332",1332,5476819897,"true",14.9332727351525,11.3029235581764,0.833334,224,320,3,"gps","Bos taurus","misde_cattle3front","misde_cattle3front","Daily cattle herd movements in the Logone Floodplain, Cameroon","2011-03-21","14:51:01"
"1333",1333,5476819917,"true",14.9330254076203,11.3025707934386,0.1666668,224,320,1,"gps","Bos taurus","misde_cattle3front","misde_cattle3front","Daily cattle herd movements in the Logone Floodplain, Cameroon","2011-03-21","14:52:02"
"1334",1334,5476819926,"true",14.9329979408216,11.3024713052234,0.1666668,180,320,1,"gps","Bos taurus","misde_cattle3front","misde_cattle3front","Daily cattle herd movements in the Logone Floodplain, Cameroon","2011-03-21","14:53:20"
"1335",1335,5476819937,"true",14.9329338376835,11.3022994581635,0.2222224,198,321,2,"gps","Bos taurus","misde_cattle3front","misde_cattle3front","Daily cattle herd movements in the Logone Floodplain, Cameroon","2011-03-21","14:54:02"
"1336",1336,5476819949,"true",14.9328788810768,11.3021999637104,0.0833334,243,321,1,"gps","Bos taurus","misde_cattle3front","misde_cattle3front","Daily cattle herd movements in the Logone Floodplain, Cameroon","2011-03-21","14:55:02"
"1337",1337,5476819955,"true",14.9328330604248,11.3022180409613,0.1944446,270,321,1,"gps","Bos taurus","misde_cattle3front","misde_cattle3front","Daily cattle herd movements in the Logone Floodplain, Cameroon","2011-03-21","14:56:02"
"1338",1338,5476819969,"true",14.9327231199367,11.3021366216436,0.3333336,206,319,1,"gps","Bos taurus","misde_cattle3front","misde_cattle3front","Daily cattle herd movements in the Logone Floodplain, Cameroon","2011-03-21","14:57:01"
"1339",1339,5476819980,"true",14.9325948466054,11.3020823295699,0.1944446,270,319,1,"gps","Bos taurus","misde_cattle3front","misde_cattle3front","Daily cattle herd movements in the Logone Floodplain, Cameroon","2011-03-21","14:58:17"
"1340",1340,5476819995,"true",14.9328147043652,11.3023446502589,1.111112,78,319,3,"gps","Bos taurus","misde_cattle3front","misde_cattle3front","Daily cattle herd movements in the Logone Floodplain, Cameroon","2011-03-21","14:59:02"
"1341",1341,5476820008,"true",14.9330071167176,11.3024170443876,0.0833334,0,320,1,"gps","Bos taurus","misde_cattle3front","misde_cattle3front","Daily cattle herd movements in the Logone Floodplain, Cameroon","2011-03-21","15:00:00"
"1342",1342,5476820017,"true",14.9329704530318,11.3024622551858,0.138889,270,320,1,"gps","Bos taurus","misde_cattle3front","misde_cattle3front","Daily cattle herd movements in the Logone Floodplain, Cameroon","2011-03-21","15:01:18"
"1343",1343,5476820025,"true",14.9328788179615,11.3024712782536,1.111112,258,321,3,"gps","Bos taurus","misde_cattle3front","misde_cattle3front","Daily cattle herd movements in the Logone Floodplain, Cameroon","2011-03-21","15:02:00"
"1344",1344,5476820038,"true",14.9326222456483,11.3024712200021,0.138889,270,320,1,"gps","Bos taurus","misde_cattle3front","misde_cattle3front","Daily cattle herd movements in the Logone Floodplain, Cameroon","2011-03-21","15:03:01"
"1345",1345,5476820050,"true",14.9324573147732,11.3024350071656,1.111112,248,321,3,"gps","Bos taurus","misde_cattle3front","misde_cattle3front","Daily cattle herd movements in the Logone Floodplain, Cameroon","2011-03-21","15:04:00"
"1346",1346,5476820068,"true",14.9320816622281,11.3022540448999,0.1111112,224,321,1,"gps","Bos taurus","misde_cattle3front","misde_cattle3front","Daily cattle herd movements in the Logone Floodplain, Cameroon","2011-03-21","15:05:14"
"1347",1347,5476820080,"true",14.9319809065468,11.3020821892283,0.138889,224,320,1,"gps","Bos taurus","misde_cattle3front","misde_cattle3front","Daily cattle herd movements in the Logone Floodplain, Cameroon","2011-03-21","15:06:03"
"1348",1348,5476820085,"true",14.9319442662077,11.3020279179009,0.555556,224,320,2,"gps","Bos taurus","misde_cattle3front","misde_cattle3front","Daily cattle herd movements in the Logone Floodplain, Cameroon","2011-03-21","15:07:03"
"1349",1349,5476820100,"true",14.931825177722,11.3018831894182,0,0,320,0,"gps","Bos taurus","misde_cattle3front","misde_cattle3front","Daily cattle herd movements in the Logone Floodplain, Cameroon","2011-03-21","15:08:04"
"1350",1350,5476820108,"true",14.9317427231952,11.301819863699,0.1111112,270,320,1,"gps","Bos taurus","misde_cattle3front","misde_cattle3front","Daily cattle herd movements in the Logone Floodplain, Cameroon","2011-03-21","15:09:03"
"1351",1351,5476820122,"true",14.9316877499623,11.3017927195705,0.3055558,0,321,1,"gps","Bos taurus","misde_cattle3front","misde_cattle3front","Daily cattle herd movements in the Logone Floodplain, Cameroon","2011-03-21","15:10:05"
"1352",1352,5476820133,"true",14.9317060551076,11.3018831619782,0.1111112,243,318,1,"gps","Bos taurus","misde_cattle3front","misde_cattle3front","Daily cattle herd movements in the Logone Floodplain, Cameroon","2011-03-21","15:11:03"
"1353",1353,5476820135,"true",14.9316877349748,11.3018560262979,0.0833334,316,320,1,"gps","Bos taurus","misde_cattle3front","misde_cattle3front","Daily cattle herd movements in the Logone Floodplain, Cameroon","2011-03-21","15:12:16"
"1354",1354,5476820139,"true",14.9316602494272,11.3018379323207,0.833334,243,321,3,"gps","Bos taurus","misde_cattle3front","misde_cattle3front","Daily cattle herd movements in the Logone Floodplain, Cameroon","2011-03-21","15:13:07"
"1355",1355,5476820150,"true",14.9315136455883,11.3018017231875,0.2222224,316,321,1,"gps","Bos taurus","misde_cattle3front","misde_cattle3front","Daily cattle herd movements in the Logone Floodplain, Cameroon","2011-03-21","15:14:04"
"1356",1356,5476820157,"true",14.9314678313593,11.301792668773,0.1944446,206,319,1,"gps","Bos taurus","misde_cattle3front","misde_cattle3front","Daily cattle herd movements in the Logone Floodplain, Cameroon","2011-03-21","15:15:00"
"1357",1357,5476820171,"true",14.9312937506668,11.3017021902609,0.1666668,180,321,1,"gps","Bos taurus","misde_cattle3front","misde_cattle3front","Daily cattle herd movements in the Logone Floodplain, Cameroon","2011-03-21","15:16:15"
"1358",1358,5476820174,"true",14.9312754305844,11.301675054555,0,0,320,0,"gps","Bos taurus","misde_cattle3front","misde_cattle3front","Daily cattle herd movements in the Logone Floodplain, Cameroon","2011-03-21","15:17:03"
"1359",1359,5476820183,"true",14.931211294153,11.3016479082122,0.3333336,243,321,1,"gps","Bos taurus","misde_cattle3front","misde_cattle3front","Daily cattle herd movements in the Logone Floodplain, Cameroon","2011-03-21","15:18:06"
"1360",1360,5476820191,"true",14.9311563253188,11.3016026763488,0.555556,270,320,2,"gps","Bos taurus","misde_cattle3front","misde_cattle3front","Daily cattle herd movements in the Logone Floodplain, Cameroon","2011-03-21","15:19:00"
"1361",1361,5476820204,"true",14.9309639139797,11.3015302810197,0.0555556,256,320,2,"gps","Bos taurus","misde_cattle3front","misde_cattle3front","Daily cattle herd movements in the Logone Floodplain, Cameroon","2011-03-21","15:20:03"
"1362",1362,5476820207,"true",14.9309180998115,11.3015212265204,0.0833334,243,320,1,"gps","Bos taurus","misde_cattle3front","misde_cattle3front","Daily cattle herd movements in the Logone Floodplain, Cameroon","2011-03-21","15:21:22"
"1363",1363,5476820209,"true",14.9308814510786,11.301503130334,0.3888892,270,320,1,"gps","Bos taurus","misde_cattle3front","misde_cattle3front","Daily cattle herd movements in the Logone Floodplain, Cameroon","2011-03-21","15:22:09"
"1364",1364,5476820216,"true",14.9308264779879,11.3014759860459,0.1111112,270,320,1,"gps","Bos taurus","misde_cattle3front","misde_cattle3front","Daily cattle herd movements in the Logone Floodplain, Cameroon","2011-03-21","15:23:24"
"1365",1365,5476820223,"true",14.9307806746799,11.3014217124342,0.1111112,224,320,1,"gps","Bos taurus","misde_cattle3front","misde_cattle3front","Daily cattle herd movements in the Logone Floodplain, Cameroon","2011-03-21","15:24:03"
"1366",1366,5476820238,"true",14.9306249579117,11.3011774928992,0.1666668,213,320,2,"gps","Bos taurus","misde_cattle3front","misde_cattle3front","Daily cattle herd movements in the Logone Floodplain, Cameroon","2011-03-21","15:25:02"
"1367",1367,5476820247,"true",14.9305516866933,11.3010327746281,0.833334,206,319,3,"gps","Bos taurus","misde_cattle3front","misde_cattle3front","Daily cattle herd movements in the Logone Floodplain, Cameroon","2011-03-21","15:26:00"
"1368",1368,5476820263,"true",14.930460062903,11.3009965778585,0.1111112,0,319,1,"gps","Bos taurus","misde_cattle3front","misde_cattle3front","Daily cattle herd movements in the Logone Floodplain, Cameroon","2011-03-21","15:27:04"
"1369",1369,5476820274,"true",14.9304509345281,11.3008518746113,0.833334,166,319,2,"gps","Bos taurus","misde_cattle3front","misde_cattle3front","Daily cattle herd movements in the Logone Floodplain, Cameroon","2011-03-21","15:28:00"
"1370",1370,5476820286,"true",14.930432638561,11.300725256848,0.0833334,180,319,1,"gps","Bos taurus","misde_cattle3front","misde_cattle3front","Daily cattle herd movements in the Logone Floodplain, Cameroon","2011-03-21","15:29:00"
"1371",1371,5476820295,"true",14.9305242666165,11.300743365989,0.3055558,180,320,2,"gps","Bos taurus","misde_cattle3front","misde_cattle3front","Daily cattle herd movements in the Logone Floodplain, Cameroon","2011-03-21","15:30:18"
"1372",1372,5476820301,"true",14.9304967943172,11.3006710089917,0.555556,206,319,1,"gps","Bos taurus","misde_cattle3front","misde_cattle3front","Daily cattle herd movements in the Logone Floodplain, Cameroon","2011-03-21","15:31:05"
"1373",1373,5476820311,"true",14.9304784961623,11.3005534350484,0.277778,206,318,1,"gps","Bos taurus","misde_cattle3front","misde_cattle3front","Daily cattle herd movements in the Logone Floodplain, Cameroon","2011-03-21","15:32:00"
"1374",1374,5476820327,"true",14.9303960750307,11.3003544516707,0.1111112,270,318,1,"gps","Bos taurus","misde_cattle3front","misde_cattle3front","Daily cattle herd movements in the Logone Floodplain, Cameroon","2011-03-21","15:33:02"
"1375",1375,5476820336,"true",14.930276961791,11.3003182483844,0.555556,243,318,1,"gps","Bos taurus","misde_cattle3front","misde_cattle3front","Daily cattle herd movements in the Logone Floodplain, Cameroon","2011-03-21","15:34:04"
"1376",1376,5476820348,"true",14.9301669658506,11.3004719674049,0.138889,180,318,1,"gps","Bos taurus","misde_cattle3front","misde_cattle3front","Daily cattle herd movements in the Logone Floodplain, Cameroon","2011-03-21","15:35:11"
"1377",1377,5476820356,"true",14.9301211759649,11.3003634307765,0.3888892,180,319,1,"gps","Bos taurus","misde_cattle3front","misde_cattle3front","Daily cattle herd movements in the Logone Floodplain, Cameroon","2011-03-21","15:36:13"
"1378",1378,5476820365,"true",14.9300203979853,11.3002910564342,0.2222224,224,319,1,"gps","Bos taurus","misde_cattle3front","misde_cattle3front","Daily cattle herd movements in the Logone Floodplain, Cameroon","2011-03-21","15:37:22"
"1379",1379,5476820378,"true",14.9299838021249,11.3000559084834,0.138889,180,319,2,"gps","Bos taurus","misde_cattle3front","misde_cattle3front","Daily cattle herd movements in the Logone Floodplain, Cameroon","2011-03-21","15:38:02"
"1380",1380,5476820385,"true",14.9299654998272,11.2999564221431,0.833334,327,318,2,"gps","Bos taurus","misde_cattle3front","misde_cattle3front","Daily cattle herd movements in the Logone Floodplain, Cameroon","2011-03-21","15:39:01"
"1381",1381,5476820398,"true",14.9299562883208,11.3001553839935,0.555556,316,317,2,"gps","Bos taurus","misde_cattle3front","misde_cattle3front","Daily cattle herd movements in the Logone Floodplain, Cameroon","2011-03-21","15:40:00"
"1382",1382,5476820402,"true",14.9299104656174,11.3001825046145,0.3888892,270,318,1,"gps","Bos taurus","misde_cattle3front","misde_cattle3front","Daily cattle herd movements in the Logone Floodplain, Cameroon","2011-03-21","15:41:10"
"1383",1383,5476820413,"true",14.9298004959339,11.3002276976742,0.555556,206,319,1,"gps","Bos taurus","misde_cattle3front","misde_cattle3front","Daily cattle herd movements in the Logone Floodplain, Cameroon","2011-03-21","15:42:00"
"1384",1384,5476820421,"true",14.9296447034694,11.3003000112721,0.555556,342,317,2,"gps","Bos taurus","misde_cattle3front","misde_cattle3front","Daily cattle herd movements in the Logone Floodplain, Cameroon","2011-03-21","15:43:29"
"1385",1385,5476820426,"true",14.9296446880357,11.300363318003,0.0555556,334,317,1,"gps","Bos taurus","misde_cattle3front","misde_cattle3front","Daily cattle herd movements in the Logone Floodplain, Cameroon","2011-03-21","15:44:25"
"1386",1386,5476820428,"true",14.929635518191,11.3003904472828,0.277778,316,317,1,"gps","Bos taurus","misde_cattle3front","misde_cattle3front","Daily cattle herd movements in the Logone Floodplain, Cameroon","2011-03-21","15:45:07"
"1387",1387,5476820433,"true",14.9295896932137,11.300426611672,0.0833334,316,317,2,"gps","Bos taurus","misde_cattle3front","misde_cattle3front","Daily cattle herd movements in the Logone Floodplain, Cameroon","2011-03-21","15:46:00"
"1388",1388,5476820437,"true",14.929534709409,11.3004446862374,0.0833334,0,317,1,"gps","Bos taurus","misde_cattle3front","misde_cattle3front","Daily cattle herd movements in the Logone Floodplain, Cameroon","2011-03-21","15:47:27"
"1389",1389,5476820443,"true",14.9294522314783,11.3004808418847,0.833334,304,318,2,"gps","Bos taurus","misde_cattle3front","misde_cattle3front","Daily cattle herd movements in the Logone Floodplain, Cameroon","2011-03-21","15:48:00"
"1390",1390,5476820449,"true",14.929323939571,11.3005079427637,0.0555556,206,318,1,"gps","Bos taurus","misde_cattle3front","misde_cattle3front","Daily cattle herd movements in the Logone Floodplain, Cameroon","2011-03-21","15:49:03"
"1391",1391,5476820459,"true",14.929168166815,11.3004988617415,0.555556,270,319,2,"gps","Bos taurus","misde_cattle3front","misde_cattle3front","Daily cattle herd movements in the Logone Floodplain, Cameroon","2011-03-21","15:50:02"
"1392",1392,5476820469,"true",14.9290582169052,11.3004626601569,0.1111112,180,319,1,"gps","Bos taurus","misde_cattle3front","misde_cattle3front","Daily cattle herd movements in the Logone Floodplain, Cameroon","2011-03-21","15:51:22"
"1393",1393,5476820473,"true",14.929039894888,11.3004445681308,0.1111112,270,319,1,"gps","Bos taurus","misde_cattle3front","misde_cattle3front","Daily cattle herd movements in the Logone Floodplain, Cameroon","2011-03-21","15:52:07"
"1394",1394,5476820481,"true",14.9289482803831,11.3003721956202,0.138889,180,319,1,"gps","Bos taurus","misde_cattle3front","misde_cattle3front","Daily cattle herd movements in the Logone Floodplain, Cameroon","2011-03-21","15:53:00"
"1395",1395,5476820496,"true",14.9291040308454,11.3004717149431,0.833334,63,320,3,"gps","Bos taurus","misde_cattle3front","misde_cattle3front","Daily cattle herd movements in the Logone Floodplain, Cameroon","2011-03-21","15:54:01"
"1396",1396,5476820511,"true",14.9293056064568,11.3005350698466,0.555556,117,318,1,"gps","Bos taurus","misde_cattle3front","misde_cattle3front","Daily cattle herd movements in the Logone Floodplain, Cameroon","2011-03-21","15:55:01"
"1397",1397,5476820522,"true",14.9294430616117,11.3005079711582,0.0555556,136,319,1,"gps","Bos taurus","misde_cattle3front","misde_cattle3front","Daily cattle herd movements in the Logone Floodplain, Cameroon","2011-03-21","15:56:05"
"1398",1398,5476820525,"true",14.9294613902901,11.3004989317038,0.277778,136,319,1,"gps","Bos taurus","misde_cattle3front","misde_cattle3front","Daily cattle herd movements in the Logone Floodplain, Cameroon","2011-03-21","15:57:03"
"1399",1399,5476820531,"true",14.9295255439685,11.3004537278763,0.0277778,104,317,2,"gps","Bos taurus","misde_cattle3front","misde_cattle3front","Daily cattle herd movements in the Logone Floodplain, Cameroon","2011-03-21","15:58:02"
"1400",1400,5476820532,"true",14.9295438726409,11.3004446884167,0.0555556,154,317,1,"gps","Bos taurus","misde_cattle3front","misde_cattle3front","Daily cattle herd movements in the Logone Floodplain, Cameroon","2011-03-21","15:59:02"
"1401",1401,5476820539,"true",14.929644683626,11.3003814056404,1.111112,144,318,3,"gps","Bos taurus","misde_cattle3front","misde_cattle3front","Daily cattle herd movements in the Logone Floodplain, Cameroon","2011-03-21","16:00:01"
"1402",1402,5476820557,"true",14.9299379662664,11.3001372920224,0.833334,124,319,2,"gps","Bos taurus","misde_cattle3front","misde_cattle3front","Daily cattle herd movements in the Logone Floodplain, Cameroon","2011-03-21","16:01:31"
"1403",1403,5476820564,"true",14.9300204528106,11.3000649609623,0.2222224,136,319,1,"gps","Bos taurus","misde_cattle3front","misde_cattle3front","Daily cattle herd movements in the Logone Floodplain, Cameroon","2011-03-21","16:02:01"
"1404",1404,5476820580,"true",14.9301487707245,11.2999293339511,0.1944446,154,317,1,"gps","Bos taurus","misde_cattle3front","misde_cattle3front","Daily cattle herd movements in the Logone Floodplain, Cameroon","2011-03-21","16:03:02"
"1405",1405,5476820591,"true",14.9302129525987,11.299766560323,0.833334,56,318,2,"gps","Bos taurus","misde_cattle3front","misde_cattle3front","Daily cattle herd movements in the Logone Floodplain, Cameroon","2011-03-21","16:04:01"
"1406",1406,5476820603,"true",14.9302954127562,11.2998027550138,0.555556,162,318,2,"gps","Bos taurus","misde_cattle3front","misde_cattle3front","Daily cattle herd movements in the Logone Floodplain, Cameroon","2011-03-21","16:05:00"
"1407",1407,5476820613,"true",14.9303779078422,11.2996942485745,0.1944446,90,319,1,"gps","Bos taurus","misde_cattle3front","misde_cattle3front","Daily cattle herd movements in the Logone Floodplain, Cameroon","2011-03-21","16:06:11"
"1408",1408,5476820628,"true",14.9305886812086,11.2996129036514,0.1944446,90,319,1,"gps","Bos taurus","misde_cattle3front","misde_cattle3front","Daily cattle herd movements in the Logone Floodplain, Cameroon","2011-03-21","16:07:02"
"1409",1409,5476820643,"true",14.9308727774117,11.2994592251341,1.111112,127,321,3,"gps","Bos taurus","misde_cattle3front","misde_cattle3front","Daily cattle herd movements in the Logone Floodplain, Cameroon","2011-03-21","16:08:01"
"1410",1410,5476820659,"true",14.9310835612663,11.2993326607579,0.833334,147,319,2,"gps","Bos taurus","misde_cattle3front","misde_cattle3front","Daily cattle herd movements in the Logone Floodplain, Cameroon","2011-03-21","16:09:10"
"1411",1411,5476820674,"true",14.9313310084672,11.299160885628,0.555556,44,319,2,"gps","Bos taurus","misde_cattle3front","misde_cattle3front","Daily cattle herd movements in the Logone Floodplain, Cameroon","2011-03-21","16:10:02"
"1412",1412,5476820687,"true",14.9314317992767,11.2991789966112,0.833334,117,318,3,"gps","Bos taurus","misde_cattle3front","misde_cattle3front","Daily cattle herd movements in the Logone Floodplain, Cameroon","2011-03-21","16:11:00"
"1413",1413,5476820700,"true",14.9316334216373,11.2990433858981,0.833334,117,318,3,"gps","Bos taurus","misde_cattle3front","misde_cattle3front","Daily cattle herd movements in the Logone Floodplain, Cameroon","2011-03-21","16:12:02"
"1414",1414,5476820715,"true",14.9318717114864,11.2988444767354,0.0833334,206,317,1,"gps","Bos taurus","misde_cattle3front","misde_cattle3front","Daily cattle herd movements in the Logone Floodplain, Cameroon","2011-03-21","16:13:10"
"1415",1415,5476820726,"true",14.9320916618899,11.298699826098,0.555556,117,319,1,"gps","Bos taurus","misde_cattle3front","misde_cattle3front","Daily cattle herd movements in the Logone Floodplain, Cameroon","2011-03-21","16:14:00"
"1416",1416,5476820733,"true",14.9321558190097,11.2986365340503,0.833334,117,321,3,"gps","Bos taurus","misde_cattle3front","misde_cattle3front","Daily cattle herd movements in the Logone Floodplain, Cameroon","2011-03-21","16:15:05"
"1417",1417,5476820748,"true",14.9323207837284,11.2985190021065,0.277778,136,320,1,"gps","Bos taurus","misde_cattle3front","misde_cattle3front","Daily cattle herd movements in the Logone Floodplain, Cameroon","2011-03-21","16:16:01"
"1418",1418,5476820763,"true",14.9325224073263,11.298374346957,0.833334,147,320,2,"gps","Bos taurus","misde_cattle3front","misde_cattle3front","Daily cattle herd movements in the Logone Floodplain, Cameroon","2011-03-21","16:17:01"
"1419",1419,5476820777,"true",14.9326873633101,11.2982929900874,0.138889,63,320,1,"gps","Bos taurus","misde_cattle3front","misde_cattle3front","Daily cattle herd movements in the Logone Floodplain, Cameroon","2011-03-21","16:18:00"
"1420",1420,5476820790,"true",14.9328889129706,11.298464868404,0.277778,44,320,1,"gps","Bos taurus","misde_cattle3front","misde_cattle3front","Daily cattle herd movements in the Logone Floodplain, Cameroon","2011-03-21","16:19:15"
"1421",1421,5476820800,"true",14.9330172057418,11.2984287221499,0.1111112,90,319,1,"gps","Bos taurus","misde_cattle3front","misde_cattle3front","Daily cattle herd movements in the Logone Floodplain, Cameroon","2011-03-21","16:20:07"
"1422",1422,5476820811,"true",14.9331913205985,11.2983654547119,0.277778,136,319,1,"gps","Bos taurus","misde_cattle3front","misde_cattle3front","Daily cattle herd movements in the Logone Floodplain, Cameroon","2011-03-21","16:21:03"
"1423",1423,5476820827,"true",14.9334204414864,11.2981846298606,0.833334,136,319,3,"gps","Bos taurus","misde_cattle3front","misde_cattle3front","Daily cattle herd movements in the Logone Floodplain, Cameroon","2011-03-21","16:22:03"
"1424",1424,5476820842,"true",14.9335487673803,11.2980037822413,0.833334,154,320,3,"gps","Bos taurus","misde_cattle3front","misde_cattle3front","Daily cattle herd movements in the Logone Floodplain, Cameroon","2011-03-21","16:23:02"
"1425",1425,5476820861,"true",14.9339061946293,11.2977235037158,0.2222224,224,320,1,"gps","Bos taurus","misde_cattle3front","misde_cattle3front","Daily cattle herd movements in the Logone Floodplain, Cameroon","2011-03-21","16:24:05"
"1426",1426,5476820870,"true",14.9340253238003,11.2976873549768,0.833334,136,319,3,"gps","Bos taurus","misde_cattle3front","misde_cattle3front","Daily cattle herd movements in the Logone Floodplain, Cameroon","2011-03-21","16:25:02"
"1427",1427,5476820888,"true",14.9343644013034,11.297506553842,1.111112,127,321,3,"gps","Bos taurus","misde_cattle3front","misde_cattle3front","Daily cattle herd movements in the Logone Floodplain, Cameroon","2011-03-21","16:26:01"
"1428",1428,5476820900,"true",14.9345751596632,11.2974794689838,0.833334,44,320,3,"gps","Bos taurus","misde_cattle3front","misde_cattle3front","Daily cattle herd movements in the Logone Floodplain, Cameroon","2011-03-21","16:27:01"
"1429",1429,5476820909,"true",14.9346942968353,11.2974071446886,0.555556,117,321,1,"gps","Bos taurus","misde_cattle3front","misde_cattle3front","Daily cattle herd movements in the Logone Floodplain, Cameroon","2011-03-21","16:28:01"
"1430",1430,5476820923,"true",14.9348592557414,11.2973076989551,0.833334,124,320,2,"gps","Bos taurus","misde_cattle3front","misde_cattle3front","Daily cattle herd movements in the Logone Floodplain, Cameroon","2011-03-21","16:29:00"
"1431",1431,5476820941,"true",14.9350975297427,11.2971630500843,0.555556,117,320,1,"gps","Bos taurus","misde_cattle3front","misde_cattle3front","Daily cattle herd movements in the Logone Floodplain, Cameroon","2011-03-21","16:30:13"
"1432",1432,5476820953,"true",14.9352441600911,11.2970726439408,0.277778,136,321,1,"gps","Bos taurus","misde_cattle3front","misde_cattle3front","Daily cattle herd movements in the Logone Floodplain, Cameroon","2011-03-21","16:31:09"
"1433",1433,5476820966,"true",14.9353999514472,11.2969912835432,1.38889,98,321,4,"gps","Bos taurus","misde_cattle3front","misde_cattle3front","Daily cattle herd movements in the Logone Floodplain, Cameroon","2011-03-21","16:32:02"
"1434",1434,5476820982,"true",14.9355832300603,11.2969189728614,0.1666668,136,321,1,"gps","Bos taurus","misde_cattle3front","misde_cattle3front","Daily cattle herd movements in the Logone Floodplain, Cameroon","2011-03-21","16:33:01"
"1435",1435,5476820992,"true",14.9356473759404,11.2969008991533,0.138889,136,320,1,"gps","Bos taurus","misde_cattle3front","misde_cattle3front","Daily cattle herd movements in the Logone Floodplain, Cameroon","2011-03-21","16:34:01"
"1436",1436,5476821011,"true",14.9360139208106,11.2968105402995,0.3333336,63,320,1,"gps","Bos taurus","misde_cattle3front","misde_cattle3front","Daily cattle herd movements in the Logone Floodplain, Cameroon","2011-03-21","16:35:01"
"1437",1437,5476821023,"true",14.9361605326951,11.2968015280968,0.555556,109,320,2,"gps","Bos taurus","misde_cattle3front","misde_cattle3front","Daily cattle herd movements in the Logone Floodplain, Cameroon","2011-03-21","16:36:01"
"1438",1438,5476821036,"true",14.9363071505571,11.2967653843551,0.138889,90,320,1,"gps","Bos taurus","misde_cattle3front","misde_cattle3front","Daily cattle herd movements in the Logone Floodplain, Cameroon","2011-03-21","16:37:00"
"1439",1439,5476821050,"true",14.9364904367608,11.2966568978202,0.833334,136,320,3,"gps","Bos taurus","misde_cattle3front","misde_cattle3front","Daily cattle herd movements in the Logone Floodplain, Cameroon","2011-03-21","16:38:02"
"1440",1440,5476821065,"true",14.936627905294,11.2965574451991,0.1944446,90,321,1,"gps","Bos taurus","misde_cattle3front","misde_cattle3front","Daily cattle herd movements in the Logone Floodplain, Cameroon","2011-03-21","16:39:03"
"1441",1441,5476821079,"true",14.9367378863944,11.2964489428238,0.555556,109,321,2,"gps","Bos taurus","misde_cattle3front","misde_cattle3front","Daily cattle herd movements in the Logone Floodplain, Cameroon","2011-03-21","16:40:04"
"1442",1442,5476821094,"true",14.9369669877512,11.2963404657664,0.1944446,117,320,1,"gps","Bos taurus","misde_cattle3front","misde_cattle3front","Daily cattle herd movements in the Logone Floodplain, Cameroon","2011-03-21","16:41:02"
"1443",1443,5476821112,"true",14.9372418985367,11.2962591297036,0.833334,104,321,2,"gps","Bos taurus","misde_cattle3front","misde_cattle3front","Daily cattle herd movements in the Logone Floodplain, Cameroon","2011-03-21","16:42:00"
"1444",1444,5476821130,"true",14.9376634148305,11.296195911904,0.833334,104,320,2,"gps","Bos taurus","misde_cattle3front","misde_cattle3front","Daily cattle herd movements in the Logone Floodplain, Cameroon","2011-03-21","16:43:02"
"1445",1445,5476821149,"true",14.9380391076958,11.2961688592197,0.3888892,90,321,1,"gps","Bos taurus","misde_cattle3front","misde_cattle3front","Daily cattle herd movements in the Logone Floodplain, Cameroon","2011-03-21","16:44:09"
"1446",1446,5476821159,"true",14.9381215755757,11.29616887645,0.0555556,90,319,1,"gps","Bos taurus","misde_cattle3front","misde_cattle3front","Daily cattle herd movements in the Logone Floodplain, Cameroon","2011-03-21","16:45:00"
"1447",1447,5476821171,"true",14.9382773424375,11.2961960404019,0.277778,44,319,1,"gps","Bos taurus","misde_cattle3front","misde_cattle3front","Daily cattle herd movements in the Logone Floodplain, Cameroon","2011-03-21","16:46:03"
"1448",1448,5476821184,"true",14.9383964685098,11.2961689337185,0.555556,63,319,1,"gps","Bos taurus","misde_cattle3front","misde_cattle3front","Daily cattle herd movements in the Logone Floodplain, Cameroon","2011-03-21","16:47:03"
"1449",1449,5476821198,"true",14.9385339226794,11.2961327869656,0.833334,76,320,2,"gps","Bos taurus","misde_cattle3front","misde_cattle3front","Daily cattle herd movements in the Logone Floodplain, Cameroon","2011-03-21","16:48:02"
"1450",1450,5476821216,"true",14.9388088251657,11.2960876247367,1.111112,90,321,3,"gps","Bos taurus","misde_cattle3front","misde_cattle3front","Daily cattle herd movements in the Logone Floodplain, Cameroon","2011-03-21","16:49:02"
"1451",1451,5476821230,"true",14.9389920813389,11.2961147939877,1.111112,78,322,3,"gps","Bos taurus","misde_cattle3front","misde_cattle3front","Daily cattle herd movements in the Logone Floodplain, Cameroon","2011-03-21","16:50:02"
"1452",1452,5476821247,"true",14.9393494287927,11.2961781740982,0.3888892,90,322,1,"gps","Bos taurus","misde_cattle3front","misde_cattle3front","Daily cattle herd movements in the Logone Floodplain, Cameroon","2011-03-21","16:51:00"
"1453",1453,5476821266,"true",14.939770910561,11.2962777421128,0.555556,71,323,2,"gps","Bos taurus","misde_cattle3front","misde_cattle3front","Daily cattle herd movements in the Logone Floodplain, Cameroon","2011-03-21","16:52:26"
"1454",1454,5476821278,"true",14.9400457848254,11.2963682360823,1.111112,78,322,3,"gps","Bos taurus","misde_cattle3front","misde_cattle3front","Daily cattle herd movements in the Logone Floodplain, Cameroon","2011-03-21","16:53:02"
"1455",1455,5476821298,"true",14.9405772299929,11.2964406937071,1.111112,90,323,3,"gps","Bos taurus","misde_cattle3front","misde_cattle3front","Daily cattle herd movements in the Logone Floodplain, Cameroon","2011-03-21","16:54:02"
"1456",1456,5476821318,"true",14.9410170277099,11.2965945265642,0.833334,63,324,3,"gps","Bos taurus","misde_cattle3front","misde_cattle3front","Daily cattle herd movements in the Logone Floodplain, Cameroon","2011-03-21","16:55:02"
"1457",1457,5476821338,"true",14.9414843372469,11.2966398383221,0.833334,76,324,2,"gps","Bos taurus","misde_cattle3front","misde_cattle3front","Daily cattle herd movements in the Logone Floodplain, Cameroon","2011-03-21","16:56:02"
"1458",1458,5476821358,"true",14.9419516523899,11.2966580178743,0.833334,90,324,2,"gps","Bos taurus","misde_cattle3front","misde_cattle3front","Daily cattle herd movements in the Logone Floodplain, Cameroon","2011-03-21","16:57:02"
"1459",1459,5476821378,"true",14.9424281180848,11.2967395052324,0.833334,63,324,3,"gps","Bos taurus","misde_cattle3front","misde_cattle3front","Daily cattle herd movements in the Logone Floodplain, Cameroon","2011-03-21","16:58:03"
"1460",1460,5476821397,"true",14.9429137400181,11.2968571688833,0.833334,90,324,2,"gps","Bos taurus","misde_cattle3front","misde_cattle3front","Daily cattle herd movements in the Logone Floodplain, Cameroon","2011-03-21","16:59:00"
"1461",1461,5476821411,"true",14.9431519900544,11.296811995565,0.555556,109,323,2,"gps","Bos taurus","misde_cattle3front","misde_cattle3front","Daily cattle herd movements in the Logone Floodplain, Cameroon","2011-03-21","17:00:02"
"1462",1462,5476806303,"true",14.9434084829242,11.2971918852441,0.1944446,270,309,1,"gps","Bos taurus","misde_cattle2front","misde_cattle2front","Daily cattle herd movements in the Logone Floodplain, Cameroon","2011-03-21","05:13:22"
"1463",1463,5476806312,"true",14.9432802115275,11.2971285539566,0.0555556,109,316,2,"gps","Bos taurus","misde_cattle2front","misde_cattle2front","Daily cattle herd movements in the Logone Floodplain, Cameroon","2011-03-21","05:14:01"
"1464",1464,5476806319,"true",14.9433168658197,11.2971195171466,0.0277778,270,319,1,"gps","Bos taurus","misde_cattle2front","misde_cattle2front","Daily cattle herd movements in the Logone Floodplain, Cameroon","2011-03-21","05:15:06"
"1465",1465,5476806320,"true",14.9433077026909,11.2971195153938,0,0,316,0,"gps","Bos taurus","misde_cattle2front","misde_cattle2front","Daily cattle herd movements in the Logone Floodplain, Cameroon","2011-03-21","05:16:06"
"1466",1466,5476806324,"true",14.9432802186354,11.2970923786643,0.0555556,109,316,2,"gps","Bos taurus","misde_cattle2front","misde_cattle2front","Daily cattle herd movements in the Logone Floodplain, Cameroon","2011-03-21","05:17:01"
"1467",1467,5476806326,"true",14.9432985484441,11.2970742945252,0.0277778,90,318,1,"gps","Bos taurus","misde_cattle2front","misde_cattle2front","Daily cattle herd movements in the Logone Floodplain, Cameroon","2011-03-21","05:18:42"
"1468",1468,5476806327,"true",14.9432985484441,11.2970742945252,0.0555556,289,319,2,"gps","Bos taurus","misde_cattle2front","misde_cattle2front","Daily cattle herd movements in the Logone Floodplain, Cameroon","2011-03-21","05:19:03"
"1469",1469,5476806329,"true",14.9432802204124,11.2970833348412,0.0833334,154,319,1,"gps","Bos taurus","misde_cattle2front","misde_cattle2front","Daily cattle herd movements in the Logone Floodplain, Cameroon","2011-03-21","05:20:42"
"1470",1470,5476806331,"true",14.9432802239663,11.297065247195,0,0,319,0,"gps","Bos taurus","misde_cattle2front","misde_cattle2front","Daily cattle herd movements in the Logone Floodplain, Cameroon","2011-03-21","05:21:57"
"1471",1471,5476806332,"true",14.9432802239663,11.297065247195,0.555556,243,319,1,"gps","Bos taurus","misde_cattle2front","misde_cattle2front","Daily cattle herd movements in the Logone Floodplain, Cameroon","2011-03-21","05:22:00"
"1472",1472,5476806337,"true",14.943252745252,11.2970109789935,0.0277778,224,314,1,"gps","Bos taurus","misde_cattle2front","misde_cattle2front","Daily cattle herd movements in the Logone Floodplain, Cameroon","2011-03-21","05:23:13"
"1473",1473,5476806338,"true",14.943252745252,11.2970109789935,0.555556,117,314,1,"gps","Bos taurus","misde_cattle2front","misde_cattle2front","Daily cattle herd movements in the Logone Floodplain, Cameroon","2011-03-21","05:24:00"
"1474",1474,5476806341,"true",14.94327107328,11.2970019386792,0,270,312,1,"gps","Bos taurus","misde_cattle2front","misde_cattle2front","Daily cattle herd movements in the Logone Floodplain, Cameroon","2011-03-21","05:25:43"
"1475",1475,5476806342,"true",14.9432619101549,11.2970019369249,0.0555556,90,312,1,"gps","Bos taurus","misde_cattle2front","misde_cattle2front","Daily cattle herd movements in the Logone Floodplain, Cameroon","2011-03-21","05:26:43"
"1476",1476,5476806343,"true",14.94327107328,11.2970019386792,0.833334,124,312,2,"gps","Bos taurus","misde_cattle2front","misde_cattle2front","Daily cattle herd movements in the Logone Floodplain, Cameroon","2011-03-21","05:27:11"
"1477",1477,5476806346,"true",14.9433168942329,11.2969748159767,0.0277778,270,313,1,"gps","Bos taurus","misde_cattle2front","misde_cattle2front","Daily cattle herd movements in the Logone Floodplain, Cameroon","2011-03-21","05:28:18"
"1478",1478,5476806348,"true",14.9433077346608,11.2969567265776,1.111112,201,313,3,"gps","Bos taurus","misde_cattle2front","misde_cattle2front","Daily cattle herd movements in the Logone Floodplain, Cameroon","2011-03-21","05:29:00"
"1479",1479,5476806359,"true",14.9431794865319,11.296775825544,0.0277778,0,316,1,"gps","Bos taurus","misde_cattle2front","misde_cattle2front","Daily cattle herd movements in the Logone Floodplain, Cameroon","2011-03-21","05:30:01"
"1480",1480,5476806364,"true",14.9431611585155,11.2967848658529,0.1666668,44,314,1,"gps","Bos taurus","misde_cattle2front","misde_cattle2front","Daily cattle herd movements in the Logone Floodplain, Cameroon","2011-03-21","05:31:15"
"1481",1481,5476806366,"true",14.9431611585155,11.2967848658529,0.555556,18,314,2,"gps","Bos taurus","misde_cattle2front","misde_cattle2front","Daily cattle herd movements in the Logone Floodplain, Cameroon","2011-03-21","05:32:02"
"1482",1482,5476806376,"true",14.943051192177,11.2968300638589,0.0833334,44,313,1,"gps","Bos taurus","misde_cattle2front","misde_cattle2front","Daily cattle herd movements in the Logone Floodplain, Cameroon","2011-03-21","05:33:49"
"1483",1483,5476806378,"true",14.9430603535128,11.2968391094429,0,0,313,0,"gps","Bos taurus","misde_cattle2front","misde_cattle2front","Daily cattle herd movements in the Logone Floodplain, Cameroon","2011-03-21","05:34:59"
"1484",1484,5476806379,"true",14.9430603535128,11.2968391094429,0.0277778,206,314,1,"gps","Bos taurus","misde_cattle2front","misde_cattle2front","Daily cattle herd movements in the Logone Floodplain, Cameroon","2011-03-21","05:35:37"
"1485",1485,5476806380,"true",14.943051192177,11.2968300638589,0.0277778,0,316,1,"gps","Bos taurus","misde_cattle2front","misde_cattle2front","Daily cattle herd movements in the Logone Floodplain, Cameroon","2011-03-21","05:36:37"
"1486",1486,5476806381,"true",14.9430511903929,11.2968391076821,0.0277778,316,314,1,"gps","Bos taurus","misde_cattle2front","misde_cattle2front","Daily cattle herd movements in the Logone Floodplain, Cameroon","2011-03-21","05:37:37"
"1487",1487,5476806382,"true",14.9430511886088,11.2968481515053,0.3888892,270,314,1,"gps","Bos taurus","misde_cattle2front","misde_cattle2front","Daily cattle herd movements in the Logone Floodplain, Cameroon","2011-03-21","05:38:06"
"1488",1488,5476806390,"true",14.9429962277461,11.2967577027027,0.833334,256,313,2,"gps","Bos taurus","misde_cattle2front","misde_cattle2front","Daily cattle herd movements in the Logone Floodplain, Cameroon","2011-03-21","05:39:01"
"1489",1489,5476806398,"true",14.942840463706,11.2967124535819,0.833334,346,317,2,"gps","Bos taurus","misde_cattle2front","misde_cattle2front","Daily cattle herd movements in the Logone Floodplain, Cameroon","2011-03-21","05:40:34"
"1490",1490,5476806407,"true",14.9428404207289,11.2969295053383,0.833334,14,316,2,"gps","Bos taurus","misde_cattle2front","misde_cattle2front","Daily cattle herd movements in the Logone Floodplain, Cameroon","2011-03-21","05:41:01"
"1491",1491,5476806422,"true",14.9427395779437,11.2971736691012,0.555556,342,315,2,"gps","Bos taurus","misde_cattle2front","misde_cattle2front","Daily cattle herd movements in the Logone Floodplain, Cameroon","2011-03-21","05:42:06"
"1492",1492,5476806430,"true",14.9426845901828,11.2972188775873,0.555556,297,314,1,"gps","Bos taurus","misde_cattle2front","misde_cattle2front","Daily cattle herd movements in the Logone Floodplain, Cameroon","2011-03-21","05:43:10"
"1493",1493,5476806443,"true",14.9424830120938,11.2971645755912,0.1111112,270,316,1,"gps","Bos taurus","misde_cattle2front","misde_cattle2front","Daily cattle herd movements in the Logone Floodplain, Cameroon","2011-03-21","05:44:00"
"1494",1494,5476806454,"true",14.942363905848,11.2970922018634,0.1944446,270,316,1,"gps","Bos taurus","misde_cattle2front","misde_cattle2front","Daily cattle herd movements in the Logone Floodplain, Cameroon","2011-03-21","05:45:12"
"1495",1495,5476806462,"true",14.9423089343109,11.2970560158735,0.0833334,224,316,1,"gps","Bos taurus","misde_cattle2front","misde_cattle2front","Daily cattle herd movements in the Logone Floodplain, Cameroon","2011-03-21","05:46:04"
"1496",1496,5476806469,"true",14.9422447978527,11.2970288719106,0.3055558,270,317,1,"gps","Bos taurus","misde_cattle2front","misde_cattle2front","Daily cattle herd movements in the Logone Floodplain, Cameroon","2011-03-21","05:47:05"
"1497",1497,5476806484,"true",14.9420707020931,11.2970107502824,0.0833334,289,318,4,"gps","Bos taurus","misde_cattle2front","misde_cattle2front","Daily cattle herd movements in the Logone Floodplain, Cameroon","2011-03-21","05:48:03"
"1498",1498,5476806489,"true",14.9419790653883,11.2970378638247,0.138889,270,317,1,"gps","Bos taurus","misde_cattle2front","misde_cattle2front","Daily cattle herd movements in the Logone Floodplain, Cameroon","2011-03-21","05:49:08"
"1499",1499,5476806501,"true",14.941859935643,11.2970830595923,0.138889,270,317,1,"gps","Bos taurus","misde_cattle2front","misde_cattle2front","Daily cattle herd movements in the Logone Floodplain, Cameroon","2011-03-21","05:50:02"
"1500",1500,5476806513,"true",14.9416949902164,11.2971282463009,0.833334,236,316,2,"gps","Bos taurus","misde_cattle2front","misde_cattle2front","Daily cattle herd movements in the Logone Floodplain, Cameroon","2011-03-21","05:51:49"
"1501",1501,5476806515,"true",14.9416583395288,11.2971191952644,0.555556,289,316,2,"gps","Bos taurus","misde_cattle2front","misde_cattle2front","Daily cattle herd movements in the Logone Floodplain, Cameroon","2011-03-21","05:52:05"
"1502",1502,5476806523,"true",14.9415392133634,11.2971463032568,0.138889,301,316,3,"gps","Bos taurus","misde_cattle2front","misde_cattle2front","Daily cattle herd movements in the Logone Floodplain, Cameroon","2011-03-21","05:53:01"
"1503",1503,5476806534,"true",14.9414017554078,11.2972005390461,0.2222224,316,315,1,"gps","Bos taurus","misde_cattle2front","misde_cattle2front","Daily cattle herd movements in the Logone Floodplain, Cameroon","2011-03-21","05:54:02"
"1504",1504,5476806544,"true",14.9412551508321,11.2971733785506,0.555556,243,315,1,"gps","Bos taurus","misde_cattle2front","misde_cattle2front","Daily cattle herd movements in the Logone Floodplain, Cameroon","2011-03-21","05:55:21"
"1505",1505,5476806555,"true",14.9411910383997,11.2970286646644,0.2500002,180,312,2,"gps","Bos taurus","misde_cattle2front","misde_cattle2front","Daily cattle herd movements in the Logone Floodplain, Cameroon","2011-03-21","05:56:06"
"1506",1506,5476806566,"true",14.9410811215014,11.2968296787205,0.1666668,224,314,1,"gps","Bos taurus","misde_cattle2front","misde_cattle2front","Daily cattle herd movements in the Logone Floodplain, Cameroon","2011-03-21","05:57:27"
"1507",1507,5476806573,"true",14.9410261594138,11.2967482733784,0.138889,236,316,2,"gps","Bos taurus","misde_cattle2front","misde_cattle2front","Daily cattle herd movements in the Logone Floodplain, Cameroon","2011-03-21","05:58:05"
"1508",1508,5476806581,"true",14.940934550452,11.296639729254,0.555556,198,315,2,"gps","Bos taurus","misde_cattle2front","misde_cattle2front","Daily cattle herd movements in the Logone Floodplain, Cameroon","2011-03-21","05:59:00"
"1509",1509,5476806591,"true",14.940852097257,11.2965673622219,0.1944446,270,314,1,"gps","Bos taurus","misde_cattle2front","misde_cattle2front","Daily cattle herd movements in the Logone Floodplain, Cameroon","2011-03-21","06:00:01"
"1510",1510,5476806603,"true",14.9406963355192,11.2965130681526,0.1666668,297,315,1,"gps","Bos taurus","misde_cattle2front","misde_cattle2front","Daily cattle herd movements in the Logone Floodplain, Cameroon","2011-03-21","06:01:40"
"1511",1511,5476806605,"true",14.9406688443331,11.2965221064734,0.138889,270,316,1,"gps","Bos taurus","misde_cattle2front","misde_cattle2front","Daily cattle herd movements in the Logone Floodplain, Cameroon","2011-03-21","06:02:10"
"1512",1512,5476806617,"true",14.9405314107329,11.296458772163,0.0833334,270,316,1,"gps","Bos taurus","misde_cattle2front","misde_cattle2front","Daily cattle herd movements in the Logone Floodplain, Cameroon","2011-03-21","06:03:00"
"1513",1513,5476806628,"true",14.9404397852566,11.2964316222924,0.2500002,297,317,1,"gps","Bos taurus","misde_cattle2front","misde_cattle2front","Daily cattle herd movements in the Logone Floodplain, Cameroon","2011-03-21","06:04:01"
"1514",1514,5476806639,"true",14.9402931979979,11.2963230669146,0.277778,224,314,1,"gps","Bos taurus","misde_cattle2front","misde_cattle2front","Daily cattle herd movements in the Logone Floodplain, Cameroon","2011-03-21","06:05:02"
"1515",1515,5476806654,"true",14.9401557683249,11.2962416447839,0.555556,206,315,1,"gps","Bos taurus","misde_cattle2front","misde_cattle2front","Daily cattle herd movements in the Logone Floodplain, Cameroon","2011-03-21","06:06:09"
"1516",1516,5476806663,"true",14.9400824916766,11.2961059726253,0.1944446,224,315,2,"gps","Bos taurus","misde_cattle2front","misde_cattle2front","Daily cattle herd movements in the Logone Floodplain, Cameroon","2011-03-21","06:07:08"
"1517",1517,5476806675,"true",14.9399450433537,11.2961149886282,0.2222224,316,315,1,"gps","Bos taurus","misde_cattle2front","misde_cattle2front","Daily cattle herd movements in the Logone Floodplain, Cameroon","2011-03-21","06:08:12"
"1518",1518,5476806686,"true",14.9398992052789,11.2962235052178,0.833334,270,315,2,"gps","Bos taurus","misde_cattle2front","misde_cattle2front","Daily cattle herd movements in the Logone Floodplain, Cameroon","2011-03-21","06:09:07"
"1519",1519,5476806697,"true",14.9396884577623,11.2962053747572,0.1111112,270,316,1,"gps","Bos taurus","misde_cattle2front","misde_cattle2front","Daily cattle herd movements in the Logone Floodplain, Cameroon","2011-03-21","06:10:02"
"1520",1520,5476806704,"true",14.9396426328123,11.2962505845449,0.555556,334,315,1,"gps","Bos taurus","misde_cattle2front","misde_cattle2front","Daily cattle herd movements in the Logone Floodplain, Cameroon","2011-03-21","06:11:04"
"1521",1521,5476806709,"true",14.9396334545829,11.2963229332625,0.555556,334,315,1,"gps","Bos taurus","misde_cattle2front","misde_cattle2front","Daily cattle herd movements in the Logone Floodplain, Cameroon","2011-03-21","06:12:07"
"1522",1522,5476806723,"true",14.9396792304144,11.2965128628725,0.2222224,18,314,2,"gps","Bos taurus","misde_cattle2front","misde_cattle2front","Daily cattle herd movements in the Logone Floodplain, Cameroon","2011-03-21","06:13:01"
"1523",1523,5476806732,"true",14.9397525164121,11.2966033160126,0.3888892,90,313,1,"gps","Bos taurus","misde_cattle2front","misde_cattle2front","Daily cattle herd movements in the Logone Floodplain, Cameroon","2011-03-21","06:14:04"
"1524",1524,5476806742,"true",14.9397983149974,11.2966847197284,0.833334,14,314,2,"gps","Bos taurus","misde_cattle2front","misde_cattle2front","Daily cattle herd movements in the Logone Floodplain, Cameroon","2011-03-21","06:15:00"
"1525",1525,5476806750,"true",14.9397983017954,11.2967480264877,0.0833334,180,314,1,"gps","Bos taurus","misde_cattle2front","misde_cattle2front","Daily cattle herd movements in the Logone Floodplain, Cameroon","2011-03-21","06:16:38"
"1526",1526,5476806752,"true",14.9397983036814,11.2967389826649,0.1666668,117,314,1,"gps","Bos taurus","misde_cattle2front","misde_cattle2front","Daily cattle herd movements in the Logone Floodplain, Cameroon","2011-03-21","06:17:00"
"1527",1527,5476806761,"true",14.9398441098394,11.2967842110823,0.555556,0,314,2,"gps","Bos taurus","misde_cattle2front","misde_cattle2front","Daily cattle herd movements in the Logone Floodplain, Cameroon","2011-03-21","06:18:05"
"1528",1528,5476806770,"true",14.9398165922049,11.296919862841,0.833334,327,316,2,"gps","Bos taurus","misde_cattle2front","misde_cattle2front","Daily cattle herd movements in the Logone Floodplain, Cameroon","2011-03-21","06:19:12"
"1529",1529,5476806782,"true",14.9397340882346,11.29709167871,0.3055558,0,315,1,"gps","Bos taurus","misde_cattle2front","misde_cattle2front","Daily cattle herd movements in the Logone Floodplain, Cameroon","2011-03-21","06:20:02"
"1530",1530,5476806793,"true",14.939724908112,11.2971730712487,0.833334,316,315,3,"gps","Bos taurus","misde_cattle2front","misde_cattle2front","Daily cattle herd movements in the Logone Floodplain, Cameroon","2011-03-21","06:21:02"
"1531",1531,5476806807,"true",14.9396149127162,11.2973539253106,0.0833334,339,314,3,"gps","Bos taurus","misde_cattle2front","misde_cattle2front","Daily cattle herd movements in the Logone Floodplain, Cameroon","2011-03-21","06:22:00"
"1532",1532,5476806812,"true",14.9395874100602,11.2974172264638,0.1666668,316,315,1,"gps","Bos taurus","misde_cattle2front","misde_cattle2front","Daily cattle herd movements in the Logone Floodplain, Cameroon","2011-03-21","06:23:01"
"1533",1533,5476806824,"true",14.939550734783,11.2975257448562,0.2222224,342,315,2,"gps","Bos taurus","misde_cattle2front","misde_cattle2front","Daily cattle herd movements in the Logone Floodplain, Cameroon","2011-03-21","06:24:01"
"1534",1534,5476806836,"true",14.9395323800836,11.2976613984497,0.1111112,0,315,2,"gps","Bos taurus","misde_cattle2front","misde_cattle2front","Daily cattle herd movements in the Logone Floodplain, Cameroon","2011-03-21","06:25:00"
"1535",1535,5476806842,"true",14.9395323630331,11.2977427928487,0.555556,297,315,1,"gps","Bos taurus","misde_cattle2front","misde_cattle2front","Daily cattle herd movements in the Logone Floodplain, Cameroon","2011-03-21","06:26:03"
"1536",1536,5476806848,"true",14.9395048603215,11.2978060939923,0.1111112,0,314,2,"gps","Bos taurus","misde_cattle2front","misde_cattle2front","Daily cattle herd movements in the Logone Floodplain, Cameroon","2011-03-21","06:27:21"
"1537",1537,5476806855,"true",14.9395140064156,11.297887490261,0.1111112,0,313,1,"gps","Bos taurus","misde_cattle2front","misde_cattle2front","Daily cattle herd movements in the Logone Floodplain, Cameroon","2011-03-21","06:28:07"
"1538",1538,5476806864,"true",14.9395323099862,11.2979960198648,0.1111112,0,315,1,"gps","Bos taurus","misde_cattle2front","misde_cattle2front","Daily cattle herd movements in the Logone Floodplain, Cameroon","2011-03-21","06:29:00"
"1539",1539,5476806871,"true",14.9395048110411,11.2980412333634,0.3055558,270,315,1,"gps","Bos taurus","misde_cattle2front","misde_cattle2front","Daily cattle herd movements in the Logone Floodplain, Cameroon","2011-03-21","06:30:11"
"1540",1540,5476806882,"true",14.9393582195222,11.2979507651764,0.3333336,243,314,1,"gps","Bos taurus","misde_cattle2front","misde_cattle2front","Daily cattle herd movements in the Logone Floodplain, Cameroon","2011-03-21","06:31:01"
"1541",1541,5476806890,"true",14.9392757644494,11.2978874415341,0.1111112,270,315,1,"gps","Bos taurus","misde_cattle2front","misde_cattle2front","Daily cattle herd movements in the Logone Floodplain, Cameroon","2011-03-21","06:32:03"
"1542",1542,5476806897,"true",14.9392482730883,11.2978964797214,0.555556,224,313,2,"gps","Bos taurus","misde_cattle2front","misde_cattle2front","Daily cattle herd movements in the Logone Floodplain, Cameroon","2011-03-21","06:33:05"
"1543",1543,5476806906,"true",14.9392116452366,11.2977789025189,0.2500002,180,314,1,"gps","Bos taurus","misde_cattle2front","misde_cattle2front","Daily cattle herd movements in the Logone Floodplain, Cameroon","2011-03-21","06:34:03"
"1544",1544,5476806915,"true",14.939110869674,11.2976884436043,0.2222224,243,314,1,"gps","Bos taurus","misde_cattle2front","misde_cattle2front","Daily cattle herd movements in the Logone Floodplain, Cameroon","2011-03-21","06:35:07"
"1545",1545,5476806926,"true",14.9390375836045,11.2975979903117,0.3888892,270,314,1,"gps","Bos taurus","misde_cattle2front","misde_cattle2front","Daily cattle herd movements in the Logone Floodplain, Cameroon","2011-03-21","06:36:18"
"1546",1546,5476806930,"true",14.9390100922638,11.2976070284772,0.555556,316,315,2,"gps","Bos taurus","misde_cattle2front","misde_cattle2front","Daily cattle herd movements in the Logone Floodplain, Cameroon","2011-03-21","06:37:04"
"1547",1547,5476806936,"true",14.9389367775494,11.2976522324906,0.833334,304,314,2,"gps","Bos taurus","misde_cattle2front","misde_cattle2front","Daily cattle herd movements in the Logone Floodplain, Cameroon","2011-03-21","06:38:13"
"1548",1548,5476806947,"true",14.9388176432463,11.2977155146736,0.1944446,289,314,2,"gps","Bos taurus","misde_cattle2front","misde_cattle2front","Daily cattle herd movements in the Logone Floodplain, Cameroon","2011-03-21","06:39:03"
"1549",1549,5476806956,"true",14.938753487785,11.2977788081767,0.3333336,316,314,2,"gps","Bos taurus","misde_cattle2front","misde_cattle2front","Daily cattle herd movements in the Logone Floodplain, Cameroon","2011-03-21","06:40:00"
"1550",1550,5476806967,"true",14.938698493526,11.2978511473832,0.833334,304,314,2,"gps","Bos taurus","misde_cattle2front","misde_cattle2front","Daily cattle herd movements in the Logone Floodplain, Cameroon","2011-03-21","06:41:12"
"1551",1551,5476806977,"true",14.9385976873191,11.2979053894451,0.555556,270,314,2,"gps","Bos taurus","misde_cattle2front","misde_cattle2front","Daily cattle herd movements in the Logone Floodplain, Cameroon","2011-03-21","06:42:09"
"1552",1552,5476806986,"true",14.9384968849285,11.2979415438287,0.0833334,297,314,1,"gps","Bos taurus","misde_cattle2front","misde_cattle2front","Daily cattle herd movements in the Logone Floodplain, Cameroon","2011-03-21","06:43:03"
"1553",1553,5476806992,"true",14.9383869174271,11.2979867400944,0.2222224,304,316,2,"gps","Bos taurus","misde_cattle2front","misde_cattle2front","Daily cattle herd movements in the Logone Floodplain, Cameroon","2011-03-21","06:44:13"
"1554",1554,5476807000,"true",14.9382861169156,11.2980138505841,0.1111112,334,315,1,"gps","Bos taurus","misde_cattle2front","misde_cattle2front","Daily cattle herd movements in the Logone Floodplain, Cameroon","2011-03-21","06:45:00"
"1555",1555,5476807010,"true",14.9381761512911,11.2980500029494,0.1111112,270,314,1,"gps","Bos taurus","misde_cattle2front","misde_cattle2front","Daily cattle herd movements in the Logone Floodplain, Cameroon","2011-03-21","06:46:09"
"1556",1556,5476807013,"true",14.9381303316267,11.29806808103,0.833334,304,315,2,"gps","Bos taurus","misde_cattle2front","misde_cattle2front","Daily cattle herd movements in the Logone Floodplain, Cameroon","2011-03-21","06:47:06"
"1557",1557,5476807022,"true",14.9380203543106,11.2981584962666,0.1111112,270,312,2,"gps","Bos taurus","misde_cattle2front","misde_cattle2front","Daily cattle herd movements in the Logone Floodplain, Cameroon","2011-03-21","06:48:01"
"1558",1558,5476807029,"true",14.9379103924889,11.2981765608894,0.1666668,270,314,2,"gps","Bos taurus","misde_cattle2front","misde_cattle2front","Daily cattle herd movements in the Logone Floodplain, Cameroon","2011-03-21","06:49:13"
"1559",1559,5476807036,"true",14.9378187530812,11.2982127169606,0.555556,297,314,1,"gps","Bos taurus","misde_cattle2front","misde_cattle2front","Daily cattle herd movements in the Logone Floodplain, Cameroon","2011-03-21","06:50:04"
"1560",1560,5476807043,"true",14.9377271097483,11.2982669606462,0.1944446,270,313,1,"gps","Bos taurus","misde_cattle2front","misde_cattle2front","Daily cattle herd movements in the Logone Floodplain, Cameroon","2011-03-21","06:51:01"
"1561",1561,5476807050,"true",14.9376629597855,11.2983031224448,0.138889,0,314,1,"gps","Bos taurus","misde_cattle2front","misde_cattle2front","Daily cattle herd movements in the Logone Floodplain, Cameroon","2011-03-21","06:52:04"
"1562",1562,5476807053,"true",14.9376262993064,11.2983392900172,0.277778,316,314,1,"gps","Bos taurus","misde_cattle2front","misde_cattle2front","Daily cattle herd movements in the Logone Floodplain, Cameroon","2011-03-21","06:53:01"
"1563",1563,5476807060,"true",14.9375346578546,11.2983844898211,0.833334,284,315,2,"gps","Bos taurus","misde_cattle2front","misde_cattle2front","Daily cattle herd movements in the Logone Floodplain, Cameroon","2011-03-21","06:54:03"
"1564",1564,5476807064,"true",14.9374430202944,11.2984116019537,0.138889,270,315,1,"gps","Bos taurus","misde_cattle2front","misde_cattle2front","Daily cattle herd movements in the Logone Floodplain, Cameroon","2011-03-21","06:55:00"
"1565",1565,5476807076,"true",14.9372688945343,11.2985291348222,0.555556,297,316,1,"gps","Bos taurus","misde_cattle2front","misde_cattle2front","Daily cattle herd movements in the Logone Floodplain, Cameroon","2011-03-21","06:56:06"
"1566",1566,5476807087,"true",14.9371222758931,11.2985652790312,0.277778,224,316,1,"gps","Bos taurus","misde_cattle2front","misde_cattle2front","Daily cattle herd movements in the Logone Floodplain, Cameroon","2011-03-21","06:57:07"
"1567",1567,5476807098,"true",14.9369848282882,11.2985652498318,0.3888892,270,316,1,"gps","Bos taurus","misde_cattle2front","misde_cattle2front","Daily cattle herd movements in the Logone Floodplain, Cameroon","2011-03-21","06:58:04"
"1568",1568,5476807108,"true",14.9368198852239,11.2985923461717,0.2222224,270,316,2,"gps","Bos taurus","misde_cattle2front","misde_cattle2front","Daily cattle herd movements in the Logone Floodplain, Cameroon","2011-03-21","06:59:00"
"1569",1569,5476807117,"true",14.9367099251472,11.298601366526,0.555556,289,317,2,"gps","Bos taurus","misde_cattle2front","misde_cattle2front","Daily cattle herd movements in the Logone Floodplain, Cameroon","2011-03-21","07:00:08"
"1570",1570,5476807125,"true",14.9366274526032,11.2986194365413,0.138889,256,316,2,"gps","Bos taurus","misde_cattle2front","misde_cattle2front","Daily cattle herd movements in the Logone Floodplain, Cameroon","2011-03-21","07:01:05"
"1571",1571,5476807132,"true",14.9365174905214,11.2986375006452,0.833334,304,316,2,"gps","Bos taurus","misde_cattle2front","misde_cattle2front","Daily cattle herd movements in the Logone Floodplain, Cameroon","2011-03-21","07:02:02"
"1572",1572,5476807140,"true",14.936370871733,11.2986736444813,0.3888892,270,315,1,"gps","Bos taurus","misde_cattle2front","misde_cattle2front","Daily cattle herd movements in the Logone Floodplain, Cameroon","2011-03-21","07:03:08"
"1573",1573,5476807150,"true",14.9362425772667,11.2987188360096,0,0,316,0,"gps","Bos taurus","misde_cattle2front","misde_cattle2front","Daily cattle herd movements in the Logone Floodplain, Cameroon","2011-03-21","07:04:09"
"1574",1574,5476807158,"true",14.9362700687988,11.2987097981026,0.0277778,136,316,1,"gps","Bos taurus","misde_cattle2front","misde_cattle2front","Daily cattle herd movements in the Logone Floodplain, Cameroon","2011-03-21","07:05:02"
"1575",1575,5476807160,"true",14.9362792299803,11.2987188438943,0.0833334,90,316,1,"gps","Bos taurus","misde_cattle2front","misde_cattle2front","Daily cattle herd movements in the Logone Floodplain, Cameroon","2011-03-21","07:06:01"
"1576",1576,5476807166,"true",14.9362059065629,11.2988002225084,0.277778,334,317,1,"gps","Bos taurus","misde_cattle2front","misde_cattle2front","Daily cattle herd movements in the Logone Floodplain, Cameroon","2011-03-21","07:07:00"
"1577",1577,5476807171,"true",14.9361234319298,11.2988273362035,0.0555556,316,316,1,"gps","Bos taurus","misde_cattle2front","misde_cattle2front","Daily cattle herd movements in the Logone Floodplain, Cameroon","2011-03-21","07:08:03"
"1578",1578,5476807176,"true",14.9361051055661,11.2988273322521,0.0277778,0,314,1,"gps","Bos taurus","misde_cattle2front","misde_cattle2front","Daily cattle herd movements in the Logone Floodplain, Cameroon","2011-03-21","07:09:15"
"1579",1579,5476807182,"true",14.9360867751972,11.2988454159411,0.138889,316,317,2,"gps","Bos taurus","misde_cattle2front","misde_cattle2front","Daily cattle herd movements in the Logone Floodplain, Cameroon","2011-03-21","07:10:05"
"1580",1580,5476807191,"true",14.9359859761795,11.2988634818232,0.555556,297,316,1,"gps","Bos taurus","misde_cattle2front","misde_cattle2front","Daily cattle herd movements in the Logone Floodplain, Cameroon","2011-03-21","07:11:03"
"1581",1581,5476807202,"true",14.9358668467632,11.2988996313463,0.138889,270,316,1,"gps","Bos taurus","misde_cattle2front","misde_cattle2front","Daily cattle herd movements in the Logone Floodplain, Cameroon","2011-03-21","07:12:04"
"1582",1582,5476807214,"true",14.9357477273838,11.2988905617176,0.2222224,270,314,1,"gps","Bos taurus","misde_cattle2front","misde_cattle2front","Daily cattle herd movements in the Logone Floodplain, Cameroon","2011-03-21","07:13:04"
"1583",1583,5476807222,"true",14.9356377671622,11.2988995816731,0.1944446,270,316,1,"gps","Bos taurus","misde_cattle2front","misde_cattle2front","Daily cattle herd movements in the Logone Floodplain, Cameroon","2011-03-21","07:14:08"
"1584",1584,5476807230,"true",14.935546135322,11.2988995617542,0.1944446,270,316,1,"gps","Bos taurus","misde_cattle2front","misde_cattle2front","Daily cattle herd movements in the Logone Floodplain, Cameroon","2011-03-21","07:15:02"
"1585",1585,5476807239,"true",14.9354453342298,11.2989266712727,0.555556,289,317,2,"gps","Bos taurus","misde_cattle2front","misde_cattle2front","Daily cattle herd movements in the Logone Floodplain, Cameroon","2011-03-21","07:16:02"
"1586",1586,5476807248,"true",14.9352712276334,11.2989537647513,0.1944446,270,317,1,"gps","Bos taurus","misde_cattle2front","misde_cattle2front","Daily cattle herd movements in the Logone Floodplain, Cameroon","2011-03-21","07:17:00"
"1587",1587,5476807260,"true",14.935170422434,11.2989989618171,0.2222224,270,317,1,"gps","Bos taurus","misde_cattle2front","misde_cattle2front","Daily cattle herd movements in the Logone Floodplain, Cameroon","2011-03-21","07:18:06"
"1588",1588,5476807268,"true",14.9350879496823,11.2990170314022,0.138889,270,316,1,"gps","Bos taurus","misde_cattle2front","misde_cattle2front","Daily cattle herd movements in the Logone Floodplain, Cameroon","2011-03-21","07:19:09"
"1589",1589,5476807275,"true",14.9350146401086,11.2990351029742,0.138889,270,317,2,"gps","Bos taurus","misde_cattle2front","misde_cattle2front","Daily cattle herd movements in the Logone Floodplain, Cameroon","2011-03-21","07:20:00"
"1590",1590,5476807281,"true",14.934913842999,11.2990441246702,0.3333336,243,316,1,"gps","Bos taurus","misde_cattle2front","misde_cattle2front","Daily cattle herd movements in the Logone Floodplain, Cameroon","2011-03-21","07:21:03"
"1591",1591,5476807290,"true",14.9347763910845,11.2990621820859,0.1944446,270,316,1,"gps","Bos taurus","misde_cattle2front","misde_cattle2front","Daily cattle herd movements in the Logone Floodplain, Cameroon","2011-03-21","07:22:04"
"1592",1592,5476807297,"true",14.9346755960053,11.2990621598803,0.1944446,297,316,1,"gps","Bos taurus","misde_cattle2front","misde_cattle2front","Daily cattle herd movements in the Logone Floodplain, Cameroon","2011-03-21","07:23:01"
"1593",1593,5476807310,"true",14.9344923260675,11.2990892508797,0.1666668,256,316,2,"gps","Bos taurus","misde_cattle2front","misde_cattle2front","Daily cattle herd movements in the Logone Floodplain, Cameroon","2011-03-21","07:24:01"
"1594",1594,5476807321,"true",14.9343182275191,11.2990801685156,1.111112,258,316,3,"gps","Bos taurus","misde_cattle2front","misde_cattle2front","Daily cattle herd movements in the Logone Floodplain, Cameroon","2011-03-21","07:25:01"
"1595",1595,5476807333,"true",14.9341532901082,11.2990801319061,0.1111112,270,317,1,"gps","Bos taurus","misde_cattle2front","misde_cattle2front","Daily cattle herd movements in the Logone Floodplain, Cameroon","2011-03-21","07:26:11"
"1596",1596,5476807340,"true",14.9340799804612,11.2990982032463,0.555556,297,317,1,"gps","Bos taurus","misde_cattle2front","misde_cattle2front","Daily cattle herd movements in the Logone Floodplain, Cameroon","2011-03-21","07:27:09"
"1597",1597,5476807350,"true",14.9339242041603,11.2991072123681,0.1944446,270,316,1,"gps","Bos taurus","misde_cattle2front","misde_cattle2front","Daily cattle herd movements in the Logone Floodplain, Cameroon","2011-03-21","07:28:06"
"1598",1598,5476807356,"true",14.9338234111408,11.2990981460522,0.555556,270,316,2,"gps","Bos taurus","misde_cattle2front","misde_cattle2front","Daily cattle herd movements in the Logone Floodplain, Cameroon","2011-03-21","07:29:07"
"1599",1599,5476807362,"true",14.9336859612132,11.2991071591413,0.1111112,270,316,1,"gps","Bos taurus","misde_cattle2front","misde_cattle2front","Daily cattle herd movements in the Logone Floodplain, Cameroon","2011-03-21","07:30:27"
"1600",1600,5476807367,"true",14.9336034945815,11.2990980968518,0.1666668,270,316,1,"gps","Bos taurus","misde_cattle2front","misde_cattle2front","Daily cattle herd movements in the Logone Floodplain, Cameroon","2011-03-21","07:31:02"
"1601",1601,5476807370,"true",14.9335393522519,11.2990980824709,0.0555556,270,316,1,"gps","Bos taurus","misde_cattle2front","misde_cattle2front","Daily cattle herd movements in the Logone Floodplain, Cameroon","2011-03-21","07:32:17"
"1602",1602,5476807375,"true",14.9334477140964,11.2991251933632,0.555556,251,315,2,"gps","Bos taurus","misde_cattle2front","misde_cattle2front","Daily cattle herd movements in the Logone Floodplain, Cameroon","2011-03-21","07:33:16"
"1603",1603,5476807386,"true",14.9333011030441,11.2991251603951,0.3888892,270,315,1,"gps","Bos taurus","misde_cattle2front","misde_cattle2front","Daily cattle herd movements in the Logone Floodplain, Cameroon","2011-03-21","07:34:01"
"1604",1604,5476807394,"true",14.9331911447553,11.2991251356214,0.277778,316,315,1,"gps","Bos taurus","misde_cattle2front","misde_cattle2front","Daily cattle herd movements in the Logone Floodplain, Cameroon","2011-03-21","07:35:03"
"1605",1605,5476807407,"true",14.932989541961,11.2991793530174,0.2222224,284,316,2,"gps","Bos taurus","misde_cattle2front","misde_cattle2front","Daily cattle herd movements in the Logone Floodplain, Cameroon","2011-03-21","07:36:14"
"1606",1606,5476807416,"true",14.9328704141493,11.2992064575121,0.0833334,289,315,2,"gps","Bos taurus","misde_cattle2front","misde_cattle2front","Daily cattle herd movements in the Logone Floodplain, Cameroon","2011-03-21","07:37:01"
"1607",1607,5476807422,"true",14.932806269691,11.2992154867924,0.1944446,270,315,1,"gps","Bos taurus","misde_cattle2front","misde_cattle2front","Daily cattle herd movements in the Logone Floodplain, Cameroon","2011-03-21","07:38:06"
"1608",1608,5476807436,"true",14.9325588529,11.2992606496802,0.0833334,270,315,1,"gps","Bos taurus","misde_cattle2front","misde_cattle2front","Daily cattle herd movements in the Logone Floodplain, Cameroon","2011-03-21","07:39:01"
"1609",1609,5476807445,"true",14.9324122396638,11.2992696600918,0.138889,270,316,2,"gps","Bos taurus","misde_cattle2front","misde_cattle2front","Daily cattle herd movements in the Logone Floodplain, Cameroon","2011-03-21","07:40:03"
"1610",1610,5476807455,"true",14.9322656242963,11.2992877142505,0.833334,316,315,3,"gps","Bos taurus","misde_cattle2front","misde_cattle2front","Daily cattle herd movements in the Logone Floodplain, Cameroon","2011-03-21","07:41:04"
"1611",1611,5476807465,"true",14.9321190025297,11.2993328997961,0.833334,297,316,3,"gps","Bos taurus","misde_cattle2front","misde_cattle2front","Daily cattle herd movements in the Logone Floodplain, Cameroon","2011-03-21","07:42:00"
"1612",1612,5476807472,"true",14.9319723807175,11.2993780852686,0.555556,316,317,2,"gps","Bos taurus","misde_cattle2front","misde_cattle2front","Daily cattle herd movements in the Logone Floodplain, Cameroon","2011-03-21","07:43:02"
"1613",1613,5476807479,"true",14.9318715769944,11.2994142373873,0.833334,284,316,2,"gps","Bos taurus","misde_cattle2front","misde_cattle2front","Daily cattle herd movements in the Logone Floodplain, Cameroon","2011-03-21","07:44:00"
"1614",1614,5476807489,"true",14.9316974590787,11.2994865478595,0.833334,297,316,3,"gps","Bos taurus","misde_cattle2front","misde_cattle2front","Daily cattle herd movements in the Logone Floodplain, Cameroon","2011-03-21","07:45:00"
"1615",1615,5476807503,"true",14.931459198647,11.2995588433968,0.2500002,297,314,1,"gps","Bos taurus","misde_cattle2front","misde_cattle2front","Daily cattle herd movements in the Logone Floodplain, Cameroon","2011-03-21","07:46:03"
"1616",1616,5476807516,"true",14.9312026095283,11.2996401783059,0.3888892,270,313,1,"gps","Bos taurus","misde_cattle2front","misde_cattle2front","Daily cattle herd movements in the Logone Floodplain, Cameroon","2011-03-21","07:47:02"
"1617",1617,5476807530,"true",14.931019332425,11.2996943986102,0.416667,284,315,2,"gps","Bos taurus","misde_cattle2front","misde_cattle2front","Daily cattle herd movements in the Logone Floodplain, Cameroon","2011-03-21","07:48:07"
"1618",1618,5476807542,"true",14.9308177288332,11.2997486145216,0.1944446,0,316,1,"gps","Bos taurus","misde_cattle2front","misde_cattle2front","Daily cattle herd movements in the Logone Floodplain, Cameroon","2011-03-21","07:49:11"
"1619",1619,5476807554,"true",14.9306711152998,11.2997576240695,0.0833334,316,313,1,"gps","Bos taurus","misde_cattle2front","misde_cattle2front","Daily cattle herd movements in the Logone Floodplain, Cameroon","2011-03-21","07:50:03"
"1620",1620,5476807563,"true",14.930542817296,11.2998118569378,0.2222224,270,316,2,"gps","Bos taurus","misde_cattle2front","misde_cattle2front","Daily cattle herd movements in the Logone Floodplain, Cameroon","2011-03-21","07:51:46"
"1621",1621,5476807565,"true",14.9305153276599,11.2998118504919,0.0277778,270,314,1,"gps","Bos taurus","misde_cattle2front","misde_cattle2front","Daily cattle herd movements in the Logone Floodplain, Cameroon","2011-03-21","07:52:03"
"1622",1622,5476807573,"true",14.9304695094209,11.2998208835623,0.1666668,136,314,1,"gps","Bos taurus","misde_cattle2front","misde_cattle2front","Daily cattle herd movements in the Logone Floodplain, Cameroon","2011-03-21","07:53:00"
"1623",1623,5476807579,"true",14.9303778707528,11.2998479935008,0.2222224,243,314,1,"gps","Bos taurus","misde_cattle2front","misde_cattle2front","Daily cattle herd movements in the Logone Floodplain, Cameroon","2011-03-21","07:54:21"
"1624",1624,5476807583,"true",14.9303412135345,11.2998660725236,0.833334,284,313,2,"gps","Bos taurus","misde_cattle2front","misde_cattle2front","Daily cattle herd movements in the Logone Floodplain, Cameroon","2011-03-21","07:55:01"
"1625",1625,5476807590,"true",14.9302037522058,11.2999203030894,0.138889,292,314,3,"gps","Bos taurus","misde_cattle2front","misde_cattle2front","Daily cattle herd movements in the Logone Floodplain, Cameroon","2011-03-21","07:56:06"
"1626",1626,5476807598,"true",14.9301854170238,11.2999564740476,0,0,315,0,"gps","Bos taurus","misde_cattle2front","misde_cattle2front","Daily cattle herd movements in the Logone Floodplain, Cameroon","2011-03-21","07:57:01"
"1627",1627,5476807602,"true",14.9301395965627,11.2999745508857,0.0833334,270,314,1,"gps","Bos taurus","misde_cattle2front","misde_cattle2front","Daily cattle herd movements in the Logone Floodplain, Cameroon","2011-03-21","07:58:30"
"1628",1628,5476807606,"true",14.9301212679386,11.2999835903827,0.1111112,289,316,2,"gps","Bos taurus","misde_cattle2front","misde_cattle2front","Daily cattle herd movements in the Logone Floodplain, Cameroon","2011-03-21","07:59:08"
"1629",1629,5476807613,"true",14.9300662864427,11.299992621229,0.0833334,270,312,1,"gps","Bos taurus","misde_cattle2front","misde_cattle2front","Daily cattle herd movements in the Logone Floodplain, Cameroon","2011-03-21","08:00:10"
"1630",1630,5476807626,"true",14.9298280339879,11.3000287401715,0.1944446,270,313,1,"gps","Bos taurus","misde_cattle2front","misde_cattle2front","Daily cattle herd movements in the Logone Floodplain, Cameroon","2011-03-21","08:01:01"
"1631",1631,5476807635,"true",14.9297455606158,11.3000468082646,0.833334,327,315,2,"gps","Bos taurus","misde_cattle2front","misde_cattle2front","Daily cattle herd movements in the Logone Floodplain, Cameroon","2011-03-21","08:02:07"
"1632",1632,5476807647,"true",14.9295439410879,11.3001643300368,0.833334,284,315,2,"gps","Bos taurus","misde_cattle2front","misde_cattle2front","Daily cattle herd movements in the Logone Floodplain, Cameroon","2011-03-21","08:03:00"
"1633",1633,5476807664,"true",14.9292598545729,11.3002727881708,0.0833334,316,315,1,"gps","Bos taurus","misde_cattle2front","misde_cattle2front","Daily cattle herd movements in the Logone Floodplain, Cameroon","2011-03-21","08:04:03"
"1634",1634,5476807678,"true",14.9290582435837,11.3003541343343,0.1666668,316,316,1,"gps","Bos taurus","misde_cattle2front","misde_cattle2front","Daily cattle herd movements in the Logone Floodplain, Cameroon","2011-03-21","08:05:02"
"1635",1635,5476807694,"true",14.9287833087749,11.3005078132941,0.3055558,289,317,2,"gps","Bos taurus","misde_cattle2front","misde_cattle2front","Daily cattle herd movements in the Logone Floodplain, Cameroon","2011-03-21","08:06:11"
"1636",1636,5476807706,"true",14.9286000150109,11.3006253388209,0.555556,304,314,2,"gps","Bos taurus","misde_cattle2front","misde_cattle2front","Daily cattle herd movements in the Logone Floodplain, Cameroon","2011-03-21","08:07:00"
"1637",1637,5476807720,"true",14.9283342474357,11.3007609319301,0.555556,270,313,2,"gps","Bos taurus","misde_cattle2front","misde_cattle2front","Daily cattle herd movements in the Logone Floodplain, Cameroon","2011-03-21","08:08:02"
"1638",1638,5476807730,"true",14.9281967740569,11.3008603806472,0.3888892,270,316,1,"gps","Bos taurus","misde_cattle2front","misde_cattle2front","Daily cattle herd movements in the Logone Floodplain, Cameroon","2011-03-21","08:09:01"
"1639",1639,5476807744,"true",14.9280593073474,11.3009326978452,0.0833334,270,311,1,"gps","Bos taurus","misde_cattle2front","misde_cattle2front","Daily cattle herd movements in the Logone Floodplain, Cameroon","2011-03-21","08:10:07"
"1640",1640,5476807755,"true",14.9278760243223,11.3010050038276,0.555556,289,312,2,"gps","Bos taurus","misde_cattle2front","misde_cattle2front","Daily cattle herd movements in the Logone Floodplain, Cameroon","2011-03-21","08:11:00"
"1641",1641,5476807771,"true",14.9276743988357,11.3011406119468,1.111112,289,316,4,"gps","Bos taurus","misde_cattle2front","misde_cattle2front","Daily cattle herd movements in the Logone Floodplain, Cameroon","2011-03-21","08:12:01"
"1642",1642,5476807791,"true",14.9273261268684,11.3014118412595,0.833334,304,316,2,"gps","Bos taurus","misde_cattle2front","misde_cattle2front","Daily cattle herd movements in the Logone Floodplain, Cameroon","2011-03-21","08:13:01"
"1643",1643,5476807803,"true",14.9271520020555,11.3015022366715,0.0833334,0,316,1,"gps","Bos taurus","misde_cattle2front","misde_cattle2front","Daily cattle herd movements in the Logone Floodplain, Cameroon","2011-03-21","08:14:05"
"1644",1644,5476807818,"true",14.9269320378938,11.301683058856,0.833334,284,313,2,"gps","Bos taurus","misde_cattle2front","misde_cattle2front","Daily cattle herd movements in the Logone Floodplain, Cameroon","2011-03-21","08:15:01"
"1645",1645,5476807834,"true",14.9267579104991,11.3017824978502,0.3333336,297,314,1,"gps","Bos taurus","misde_cattle2front","misde_cattle2front","Daily cattle herd movements in the Logone Floodplain, Cameroon","2011-03-21","08:16:01"
"1646",1646,5476807845,"true",14.9266112728158,11.3018819435525,0.833334,284,316,2,"gps","Bos taurus","misde_cattle2front","misde_cattle2front","Daily cattle herd movements in the Logone Floodplain, Cameroon","2011-03-21","08:17:01"
"1647",1647,5476807862,"true",14.9264463246092,11.3019180779112,0.0833334,270,316,1,"gps","Bos taurus","misde_cattle2front","misde_cattle2front","Daily cattle herd movements in the Logone Floodplain, Cameroon","2011-03-21","08:18:02"
"1648",1648,5476807875,"true",14.9262813740512,11.3019632559947,0.0277778,270,315,1,"gps","Bos taurus","misde_cattle2front","misde_cattle2front","Daily cattle herd movements in the Logone Floodplain, Cameroon","2011-03-21","08:19:13"
"1649",1649,5476807883,"true",14.9261805756633,11.3019722747098,0.1944446,270,315,1,"gps","Bos taurus","misde_cattle2front","misde_cattle2front","Daily cattle herd movements in the Logone Floodplain, Cameroon","2011-03-21","08:20:00"
"1650",1650,5476807892,"true",14.9260980991967,11.3019993855973,0,0,314,0,"gps","Bos taurus","misde_cattle2front","misde_cattle2front","Daily cattle herd movements in the Logone Floodplain, Cameroon","2011-03-21","08:21:07"
"1651",1651,5476807897,"true",14.9260522827937,11.3019993741632,0.555556,251,317,2,"gps","Bos taurus","misde_cattle2front","misde_cattle2front","Daily cattle herd movements in the Logone Floodplain, Cameroon","2011-03-21","08:22:00"
"1652",1652,5476807910,"true",14.925942325748,11.3019903028755,0.0833334,270,317,1,"gps","Bos taurus","misde_cattle2front","misde_cattle2front","Daily cattle herd movements in the Logone Floodplain, Cameroon","2011-03-21","08:23:01"
"1653",1653,5476807925,"true",14.9257315679745,11.301999293926,0.833334,256,314,2,"gps","Bos taurus","misde_cattle2front","misde_cattle2front","Daily cattle herd movements in the Logone Floodplain, Cameroon","2011-03-21","08:24:00"
"1654",1654,5476807931,"true",14.9256582640605,11.3019902317205,0.555556,270,316,2,"gps","Bos taurus","misde_cattle2front","misde_cattle2front","Daily cattle herd movements in the Logone Floodplain, Cameroon","2011-03-21","08:25:01"
"1655",1655,5476807940,"true",14.9255391250811,11.3020535085182,0.0555556,316,316,1,"gps","Bos taurus","misde_cattle2front","misde_cattle2front","Daily cattle herd movements in the Logone Floodplain, Cameroon","2011-03-21","08:26:02"
"1656",1656,5476807947,"true",14.9254658048067,11.3021077529826,0.555556,297,318,1,"gps","Bos taurus","misde_cattle2front","misde_cattle2front","Daily cattle herd movements in the Logone Floodplain, Cameroon","2011-03-21","08:27:01"
"1657",1657,5476807958,"true",14.92531917822,11.3021619789557,0.555556,270,316,2,"gps","Bos taurus","misde_cattle2front","misde_cattle2front","Daily cattle herd movements in the Logone Floodplain, Cameroon","2011-03-21","08:28:03"
"1658",1658,5476807973,"true",14.9250992664092,11.3021347919782,0.1111112,270,314,1,"gps","Bos taurus","misde_cattle2front","misde_cattle2front","Daily cattle herd movements in the Logone Floodplain, Cameroon","2011-03-21","08:29:01"
"1659",1659,5476807987,"true",14.9248976835625,11.3020985656681,0.277778,224,314,1,"gps","Bos taurus","misde_cattle2front","misde_cattle2front","Daily cattle herd movements in the Logone Floodplain, Cameroon","2011-03-21","08:30:00"
"1660",1660,5476807995,"true",14.9247785608772,11.3020985354417,0.0277778,316,316,1,"gps","Bos taurus","misde_cattle2front","misde_cattle2front","Daily cattle herd movements in the Logone Floodplain, Cameroon","2011-03-21","08:31:10"
"1661",1661,5476808005,"true",14.9246410903674,11.3021798948549,0.3055558,327,315,2,"gps","Bos taurus","misde_cattle2front","misde_cattle2front","Daily cattle herd movements in the Logone Floodplain, Cameroon","2011-03-21","08:32:01"
"1662",1662,5476808014,"true",14.9245860941051,11.3022431875783,0.2222224,297,315,1,"gps","Bos taurus","misde_cattle2front","misde_cattle2front","Daily cattle herd movements in the Logone Floodplain, Cameroon","2011-03-21","08:33:00"
"1663",1663,5476808021,"true",14.9245219368944,11.3022974341398,0.0833334,316,315,1,"gps","Bos taurus","misde_cattle2front","misde_cattle2front","Daily cattle herd movements in the Logone Floodplain, Cameroon","2011-03-21","08:34:02"
"1664",1664,5476808027,"true",14.9244577820274,11.3023426368706,0.1944446,334,316,1,"gps","Bos taurus","misde_cattle2front","misde_cattle2front","Daily cattle herd movements in the Logone Floodplain, Cameroon","2011-03-21","08:35:10"
"1665",1665,5476808036,"true",14.9243936200308,11.3024149710364,0.138889,0,315,1,"gps","Bos taurus","misde_cattle2front","misde_cattle2front","Daily cattle herd movements in the Logone Floodplain, Cameroon","2011-03-21","08:36:00"
"1666",1666,5476808049,"true",14.9243386141831,11.3025144389775,0.277778,316,316,1,"gps","Bos taurus","misde_cattle2front","misde_cattle2front","Daily cattle herd movements in the Logone Floodplain, Cameroon","2011-03-21","08:37:01"
"1667",1667,5476808060,"true",14.9243019301513,11.302631999224,0.0555556,0,315,1,"gps","Bos taurus","misde_cattle2front","misde_cattle2front","Daily cattle herd movements in the Logone Floodplain, Cameroon","2011-03-21","08:38:02"
"1668",1668,5476808070,"true",14.9242469218558,11.3027405109623,0.833334,316,315,3,"gps","Bos taurus","misde_cattle2front","misde_cattle2front","Daily cattle herd movements in the Logone Floodplain, Cameroon","2011-03-21","08:39:02"
"1669",1669,5476808083,"true",14.9241735845275,11.3028580618143,0.555556,316,317,2,"gps","Bos taurus","misde_cattle2front","misde_cattle2front","Daily cattle herd movements in the Logone Floodplain, Cameroon","2011-03-21","08:40:03"
"1670",1670,5476808091,"true",14.9241277465858,11.3029394444259,0.0833334,297,317,1,"gps","Bos taurus","misde_cattle2front","misde_cattle2front","Daily cattle herd movements in the Logone Floodplain, Cameroon","2011-03-21","08:41:01"
"1671",1671,5476808100,"true",14.9239811002652,11.3030660202566,0.138889,289,316,2,"gps","Bos taurus","misde_cattle2front","misde_cattle2front","Daily cattle herd movements in the Logone Floodplain, Cameroon","2011-03-21","08:42:07"
"1672",1672,5476808103,"true",14.9239169451426,11.3031112228662,0.833334,327,318,2,"gps","Bos taurus","misde_cattle2front","misde_cattle2front","Daily cattle herd movements in the Logone Floodplain, Cameroon","2011-03-21","08:43:01"
"1673",1673,5476808115,"true",14.9238344371034,11.3032559027231,0.555556,297,317,1,"gps","Bos taurus","misde_cattle2front","misde_cattle2front","Daily cattle herd movements in the Logone Floodplain, Cameroon","2011-03-21","08:44:03"
"1674",1674,5476808126,"true",14.9237610899158,11.3034096287296,0.1944446,0,316,1,"gps","Bos taurus","misde_cattle2front","misde_cattle2front","Daily cattle herd movements in the Logone Floodplain, Cameroon","2011-03-21","08:45:03"
"1675",1675,5476808132,"true",14.9237335879875,11.3034548407303,0.1111112,26,318,1,"gps","Bos taurus","misde_cattle2front","misde_cattle2front","Daily cattle herd movements in the Logone Floodplain, Cameroon","2011-03-21","08:46:12"
"1676",1676,5476808141,"true",14.9236694231685,11.3035362185466,0.2222224,316,317,1,"gps","Bos taurus","misde_cattle2front","misde_cattle2front","Daily cattle herd movements in the Logone Floodplain, Cameroon","2011-03-21","08:47:02"
"1677",1677,5476808152,"true",14.9235960758211,11.3036899445082,0.3611114,289,317,2,"gps","Bos taurus","misde_cattle2front","misde_cattle2front","Daily cattle herd movements in the Logone Floodplain, Cameroon","2011-03-21","08:48:01"
"1678",1678,5476808162,"true",14.9235044256978,11.3037532275632,0.555556,334,316,1,"gps","Bos taurus","misde_cattle2front","misde_cattle2front","Daily cattle herd movements in the Logone Floodplain, Cameroon","2011-03-21","08:49:00"
"1679",1679,5476808177,"true",14.9233761005651,11.3038978954464,0.0555556,270,317,1,"gps","Bos taurus","misde_cattle2front","misde_cattle2front","Daily cattle herd movements in the Logone Floodplain, Cameroon","2011-03-21","08:50:15"
"1680",1680,5476808179,"true",14.9233486081413,11.3039069321482,0.555556,334,318,1,"gps","Bos taurus","misde_cattle2front","misde_cattle2front","Daily cattle herd movements in the Logone Floodplain, Cameroon","2011-03-21","08:51:01"
"1681",1681,5476808194,"true",14.9232660827492,11.3041149185416,0.1944446,270,317,1,"gps","Bos taurus","misde_cattle2front","misde_cattle2front","Daily cattle herd movements in the Logone Floodplain, Cameroon","2011-03-21","08:52:01"
"1682",1682,5476808204,"true",14.9231652546171,11.3042324620043,0.555556,316,317,2,"gps","Bos taurus","misde_cattle2front","misde_cattle2front","Daily cattle herd movements in the Logone Floodplain, Cameroon","2011-03-21","08:53:04"
"1683",1683,5476808214,"true",14.9230369411644,11.3043319106588,0.1666668,270,317,1,"gps","Bos taurus","misde_cattle2front","misde_cattle2front","Daily cattle herd movements in the Logone Floodplain, Cameroon","2011-03-21","08:54:05"
"1684",1684,5476808223,"true",14.9229911026664,11.3044132930828,0.555556,307,317,3,"gps","Bos taurus","misde_cattle2front","misde_cattle2front","Daily cattle herd movements in the Logone Floodplain, Cameroon","2011-03-21","08:55:00"
"1685",1685,5476808233,"true",14.9228719475971,11.3045308316758,0.1944446,0,317,1,"gps","Bos taurus","misde_cattle2front","misde_cattle2front","Daily cattle herd movements in the Logone Floodplain, Cameroon","2011-03-21","08:56:05"
"1686",1686,5476808247,"true",14.9228169359789,11.3046483869435,0.1666668,309,319,4,"gps","Bos taurus","misde_cattle2front","misde_cattle2front","Daily cattle herd movements in the Logone Floodplain, Cameroon","2011-03-21","08:57:11"
"1687",1687,5476808255,"true",14.9227252781125,11.304738801194,0.1111112,297,318,1,"gps","Bos taurus","misde_cattle2front","misde_cattle2front","Daily cattle herd movements in the Logone Floodplain, Cameroon","2011-03-21","08:58:06"
"1688",1688,5476808264,"true",14.9225786423975,11.3048201572324,0.0555556,316,317,1,"gps","Bos taurus","misde_cattle2front","misde_cattle2front","Daily cattle herd movements in the Logone Floodplain, Cameroon","2011-03-21","08:59:04"
"1689",1689,5476808275,"true",14.9224778137384,11.304937700452,0.3333336,297,319,1,"gps","Bos taurus","misde_cattle2front","misde_cattle2front","Daily cattle herd movements in the Logone Floodplain, Cameroon","2011-03-21","09:00:04"
"1690",1690,5476808287,"true",14.9223311681128,11.305055231623,0.1944446,0,319,1,"gps","Bos taurus","misde_cattle2front","misde_cattle2front","Daily cattle herd movements in the Logone Floodplain, Cameroon","2011-03-21","09:01:15"
"1691",1691,5476808298,"true",14.922239512403,11.3051366019046,0.1111112,334,319,1,"gps","Bos taurus","misde_cattle2front","misde_cattle2front","Daily cattle herd movements in the Logone Floodplain, Cameroon","2011-03-21","09:02:08"
"1692",1692,5476808306,"true",14.9221570249045,11.3051998869375,0.2500002,297,319,1,"gps","Bos taurus","misde_cattle2front","misde_cattle2front","Daily cattle herd movements in the Logone Floodplain, Cameroon","2011-03-21","09:03:04"
"1693",1693,5476808317,"true",14.9221020299625,11.3052541353653,0.555556,297,318,1,"gps","Bos taurus","misde_cattle2front","misde_cattle2front","Daily cattle herd movements in the Logone Floodplain, Cameroon","2011-03-21","09:04:00"
"1694",1694,5476808331,"true",14.9219462181892,11.3053807077445,0.277778,316,318,1,"gps","Bos taurus","misde_cattle2front","misde_cattle2front","Daily cattle herd movements in the Logone Floodplain, Cameroon","2011-03-21","09:05:06"
"1695",1695,5476808339,"true",14.9218820548858,11.3054530413429,0.1111112,294,319,4,"gps","Bos taurus","misde_cattle2front","misde_cattle2front","Daily cattle herd movements in the Logone Floodplain, Cameroon","2011-03-21","09:06:02"
"1696",1696,5476808348,"true",14.9217170844243,11.3055615235533,0.3611114,289,318,2,"gps","Bos taurus","misde_cattle2front","misde_cattle2front","Daily cattle herd movements in the Logone Floodplain, Cameroon","2011-03-21","09:07:02"
"1697",1697,5476808357,"true",14.9215979381946,11.3056428863629,0.277778,316,319,1,"gps","Bos taurus","misde_cattle2front","misde_cattle2front","Daily cattle herd movements in the Logone Floodplain, Cameroon","2011-03-21","09:08:13"
"1698",1698,5476808370,"true",14.9214971088483,11.3057604292375,0.3333336,334,318,1,"gps","Bos taurus","misde_cattle2front","misde_cattle2front","Daily cattle herd movements in the Logone Floodplain, Cameroon","2011-03-21","09:09:00"
"1699",1699,5476808384,"true",14.9213504574739,11.3058960475382,0.555556,289,317,2,"gps","Bos taurus","misde_cattle2front","misde_cattle2front","Daily cattle herd movements in the Logone Floodplain, Cameroon","2011-03-21","09:10:03"
"1700",1700,5476808398,"true",14.9212404620615,11.3060226317017,0.1666668,304,317,2,"gps","Bos taurus","misde_cattle2front","misde_cattle2front","Daily cattle herd movements in the Logone Floodplain, Cameroon","2011-03-21","09:11:01"
"1701",1701,5476808407,"true",14.9211304764443,11.306113040569,0.555556,316,317,2,"gps","Bos taurus","misde_cattle2front","misde_cattle2front","Daily cattle herd movements in the Logone Floodplain, Cameroon","2011-03-21","09:12:10"
"1702",1702,5476808417,"true",14.9210296566474,11.306194408025,0.2222224,289,319,2,"gps","Bos taurus","misde_cattle2front","misde_cattle2front","Daily cattle herd movements in the Logone Floodplain, Cameroon","2011-03-21","09:13:04"
"1703",1703,5476808422,"true",14.9209655053238,11.3062215223515,0.1111112,316,318,1,"gps","Bos taurus","misde_cattle2front","misde_cattle2front","Daily cattle herd movements in the Logone Floodplain, Cameroon","2011-03-21","09:14:09"
"1704",1704,5476808432,"true",14.920937990293,11.3063119531458,0.1111112,316,318,2,"gps","Bos taurus","misde_cattle2front","misde_cattle2front","Daily cattle herd movements in the Logone Floodplain, Cameroon","2011-03-21","09:15:00"
"1705",1705,5476808441,"true",14.9208829874675,11.3063933327798,0.2500002,297,319,1,"gps","Bos taurus","misde_cattle2front","misde_cattle2front","Daily cattle herd movements in the Logone Floodplain, Cameroon","2011-03-21","09:16:03"
"1706",1706,5476808453,"true",14.9208646234092,11.3065289850798,0.1944446,0,320,1,"gps","Bos taurus","misde_cattle2front","misde_cattle2front","Daily cattle herd movements in the Logone Floodplain, Cameroon","2011-03-21","09:17:01"
"1707",1707,5476808462,"true",14.9208737520973,11.3066556009117,0.833334,0,319,2,"gps","Bos taurus","misde_cattle2front","misde_cattle2front","Daily cattle herd movements in the Logone Floodplain, Cameroon","2011-03-21","09:18:02"
"1708",1708,5476808470,"true",14.9208462245854,11.3067912507592,0.277778,316,319,1,"gps","Bos taurus","misde_cattle2front","misde_cattle2front","Daily cattle herd movements in the Logone Floodplain, Cameroon","2011-03-21","09:19:03"
"1709",1709,5476808487,"true",14.9209286310051,11.3070264119294,0.1111112,334,321,1,"gps","Bos taurus","misde_cattle2front","misde_cattle2front","Daily cattle herd movements in the Logone Floodplain, Cameroon","2011-03-21","09:20:05"
"1710",1710,5476808490,"true",14.9209011258056,11.3070806674636,0.833334,14,320,2,"gps","Bos taurus","misde_cattle2front","misde_cattle2front","Daily cattle herd movements in the Logone Floodplain, Cameroon","2011-03-21","09:21:02"
"1711",1711,5476808505,"true",14.9209560420061,11.3073158212772,0.1944446,0,320,1,"gps","Bos taurus","misde_cattle2front","misde_cattle2front","Daily cattle herd movements in the Logone Floodplain, Cameroon","2011-03-21","09:22:00"
"1712",1712,5476808517,"true",14.9210384759,11.307451500472,0.277778,44,319,1,"gps","Bos taurus","misde_cattle2front","misde_cattle2front","Daily cattle herd movements in the Logone Floodplain, Cameroon","2011-03-21","09:23:05"
"1713",1713,5476808528,"true",14.9210567607208,11.3076052501723,0.3333336,26,319,1,"gps","Bos taurus","misde_cattle2front","misde_cattle2front","Daily cattle herd movements in the Logone Floodplain, Cameroon","2011-03-21","09:24:02"
"1714",1714,5476808542,"true",14.9210567136844,11.3077770826089,0.2222224,18,319,2,"gps","Bos taurus","misde_cattle2front","misde_cattle2front","Daily cattle herd movements in the Logone Floodplain, Cameroon","2011-03-21","09:25:01"
"1715",1715,5476808556,"true",14.9210841521031,11.3079670099967,0.555556,26,321,3,"gps","Bos taurus","misde_cattle2front","misde_cattle2front","Daily cattle herd movements in the Logone Floodplain, Cameroon","2011-03-21","09:26:01"
"1716",1716,5476808571,"true",14.921175742299,11.308129823028,0.2222224,0,320,4,"gps","Bos taurus","misde_cattle2front","misde_cattle2front","Daily cattle herd movements in the Logone Floodplain, Cameroon","2011-03-21","09:27:00"
"1717",1717,5476808582,"true",14.9211757052193,11.3082654802105,0.2222224,26,318,1,"gps","Bos taurus","misde_cattle2front","misde_cattle2front","Daily cattle herd movements in the Logone Floodplain, Cameroon","2011-03-21","09:28:00"
"1718",1718,5476808597,"true",14.921203133876,11.3084915828299,0.555556,0,318,2,"gps","Bos taurus","misde_cattle2front","misde_cattle2front","Daily cattle herd movements in the Logone Floodplain, Cameroon","2011-03-21","09:29:01"
"1719",1719,5476808610,"true",14.9212214114348,11.308672463946,0.1666668,316,319,1,"gps","Bos taurus","misde_cattle2front","misde_cattle2front","Daily cattle herd movements in the Logone Floodplain, Cameroon","2011-03-21","09:30:01"
"1720",1720,5476808626,"true",14.9212396791353,11.308889520306,0.3055558,0,317,1,"gps","Bos taurus","misde_cattle2front","misde_cattle2front","Daily cattle herd movements in the Logone Floodplain, Cameroon","2011-03-21","09:31:02"
"1721",1721,5476808640,"true",14.9212121392197,11.309070389225,0.1944446,0,320,1,"gps","Bos taurus","misde_cattle2front","misde_cattle2front","Daily cattle herd movements in the Logone Floodplain, Cameroon","2011-03-21","09:32:01"
"1722",1722,5476808657,"true",14.9212120774431,11.3092964845143,0.833334,346,320,2,"gps","Bos taurus","misde_cattle2front","misde_cattle2front","Daily cattle herd movements in the Logone Floodplain, Cameroon","2011-03-21","09:33:02"
"1723",1723,5476808672,"true",14.9212486697395,11.3095225895534,0.1944446,0,317,1,"gps","Bos taurus","misde_cattle2front","misde_cattle2front","Daily cattle herd movements in the Logone Floodplain, Cameroon","2011-03-21","09:34:01"
"1724",1724,5476808686,"true",14.9212669547962,11.3096763392209,0.2222224,0,320,2,"gps","Bos taurus","misde_cattle2front","misde_cattle2front","Daily cattle herd movements in the Logone Floodplain, Cameroon","2011-03-21","09:35:02"
"1725",1725,5476808698,"true",14.9212944009315,11.3098391351335,0.555556,0,320,2,"gps","Bos taurus","misde_cattle2front","misde_cattle2front","Daily cattle herd movements in the Logone Floodplain, Cameroon","2011-03-21","09:36:00"
"1726",1726,5476808711,"true",14.9213218421617,11.3100200186642,0.555556,26,319,1,"gps","Bos taurus","misde_cattle2front","misde_cattle2front","Daily cattle herd movements in the Logone Floodplain, Cameroon","2011-03-21","09:37:00"
"1727",1727,5476808724,"true",14.9213309711505,11.3101466344543,0.0833334,0,321,2,"gps","Bos taurus","misde_cattle2front","misde_cattle2front","Daily cattle herd movements in the Logone Floodplain, Cameroon","2011-03-21","09:38:05"
"1728",1728,5476808733,"true",14.9213584247652,11.3102822989236,0.3055558,0,320,1,"gps","Bos taurus","misde_cattle2front","misde_cattle2front","Daily cattle herd movements in the Logone Floodplain, Cameroon","2011-03-21","09:39:04"
"1729",1729,5476808749,"true",14.9213767049935,11.3104541361988,0.555556,26,318,1,"gps","Bos taurus","misde_cattle2front","misde_cattle2front","Daily cattle herd movements in the Logone Floodplain, Cameroon","2011-03-21","09:40:02"
"1730",1730,5476808764,"true",14.921431627135,11.3106712022562,0.555556,0,319,2,"gps","Bos taurus","misde_cattle2front","misde_cattle2front","Daily cattle herd movements in the Logone Floodplain, Cameroon","2011-03-21","09:41:01"
"1731",1731,5476808780,"true",14.9214590660632,11.3108611295757,0.833334,0,318,2,"gps","Bos taurus","misde_cattle2front","misde_cattle2front","Daily cattle herd movements in the Logone Floodplain, Cameroon","2011-03-21","09:42:01"
"1732",1732,5476808796,"true",14.9214681532578,11.3111414901332,0.555556,26,319,1,"gps","Bos taurus","misde_cattle2front","misde_cattle2front","Daily cattle herd movements in the Logone Floodplain, Cameroon","2011-03-21","09:43:03"
"1733",1733,5476808811,"true",14.9215047656783,11.3112952446327,1.111112,21,320,3,"gps","Bos taurus","misde_cattle2front","misde_cattle2front","Daily cattle herd movements in the Logone Floodplain, Cameroon","2011-03-21","09:44:02"
"1734",1734,5476808826,"true",14.9215871812777,11.3115032741298,0.1944446,0,320,1,"gps","Bos taurus","misde_cattle2front","misde_cattle2front","Daily cattle herd movements in the Logone Floodplain, Cameroon","2011-03-21","09:45:00"
"1735",1735,5476808838,"true",14.9216604653551,11.3115937316443,0.1944446,0,319,1,"gps","Bos taurus","misde_cattle2front","misde_cattle2front","Daily cattle herd movements in the Logone Floodplain, Cameroon","2011-03-21","09:46:01"
"1736",1736,5476808851,"true",14.9217520741985,11.3116932377964,0.2222224,26,319,1,"gps","Bos taurus","misde_cattle2front","misde_cattle2front","Daily cattle herd movements in the Logone Floodplain, Cameroon","2011-03-21","09:47:01"
"1737",1737,5476808862,"true",14.921825353471,11.3118017828898,0.1944446,90,319,1,"gps","Bos taurus","misde_cattle2front","misde_cattle2front","Daily cattle herd movements in the Logone Floodplain, Cameroon","2011-03-21","09:48:02"
"1738",1738,5476808877,"true",14.9218894643031,11.3119284131665,0.1666668,44,318,3,"gps","Bos taurus","misde_cattle2front","misde_cattle2front","Daily cattle herd movements in the Logone Floodplain, Cameroon","2011-03-21","09:49:00"
"1739",1739,5476808887,"true",14.9219077669948,11.312018856103,0.277778,44,319,3,"gps","Bos taurus","misde_cattle2front","misde_cattle2front","Daily cattle herd movements in the Logone Floodplain, Cameroon","2011-03-21","09:50:01"
"1740",1740,5476808902,"true",14.9219718607755,11.31220879303,0.555556,18,319,2,"gps","Bos taurus","misde_cattle2front","misde_cattle2front","Daily cattle herd movements in the Logone Floodplain, Cameroon","2011-03-21","09:51:01"
"1741",1741,5476808917,"true",14.9220267934761,11.3123896837173,0.833334,44,318,3,"gps","Bos taurus","misde_cattle2front","misde_cattle2front","Daily cattle herd movements in the Logone Floodplain, Cameroon","2011-03-21","09:52:00"
"1742",1742,5476808931,"true",14.9221458813243,11.3125344160349,0.833334,56,319,2,"gps","Bos taurus","misde_cattle2front","misde_cattle2front","Daily cattle herd movements in the Logone Floodplain, Cameroon","2011-03-21","09:53:01"
"1743",1743,5476808947,"true",14.9222649570978,11.3127243673522,0.555556,26,317,1,"gps","Bos taurus","misde_cattle2front","misde_cattle2front","Daily cattle herd movements in the Logone Floodplain, Cameroon","2011-03-21","09:54:02"
"1744",1744,5476808961,"true",14.9223748791428,11.3128781409785,0.555556,18,319,2,"gps","Bos taurus","misde_cattle2front","misde_cattle2front","Daily cattle herd movements in the Logone Floodplain, Cameroon","2011-03-21","09:55:01"
"1745",1745,5476808979,"true",14.9224939600718,11.3130500045823,0.833334,14,319,2,"gps","Bos taurus","misde_cattle2front","misde_cattle2front","Daily cattle herd movements in the Logone Floodplain, Cameroon","2011-03-21","09:56:01"
"1746",1746,5476808996,"true",14.9226130022938,11.313366569087,0.555556,44,320,2,"gps","Bos taurus","misde_cattle2front","misde_cattle2front","Daily cattle herd movements in the Logone Floodplain, Cameroon","2011-03-21","09:57:00"
"1747",1747,5476809014,"true",14.9227137344478,11.3136198220886,0.833334,26,318,3,"gps","Bos taurus","misde_cattle2front","misde_cattle2front","Daily cattle herd movements in the Logone Floodplain, Cameroon","2011-03-21","09:58:01"
"1748",1748,5476809034,"true",14.9229885279364,11.3140539965955,1.111112,21,319,3,"gps","Bos taurus","misde_cattle2front","misde_cattle2front","Daily cattle herd movements in the Logone Floodplain, Cameroon","2011-03-21","09:59:01"
"1749",1749,5476809051,"true",14.9231717336968,11.3143072708854,1.111112,36,319,3,"gps","Bos taurus","misde_cattle2front","misde_cattle2front","Daily cattle herd movements in the Logone Floodplain, Cameroon","2011-03-21","10:00:01"
"1750",1750,5476809068,"true",14.923345759262,11.3146238493472,1.111112,30,320,3,"gps","Bos taurus","misde_cattle2front","misde_cattle2front","Daily cattle herd movements in the Logone Floodplain, Cameroon","2011-03-21","10:01:01"
"1751",1751,5476809086,"true",14.9235564447706,11.3149223495571,0.833334,14,320,2,"gps","Bos taurus","misde_cattle2front","misde_cattle2front","Daily cattle herd movements in the Logone Floodplain, Cameroon","2011-03-21","10:02:01"
"1752",1752,5476809099,"true",14.9236297087627,11.3150942008495,0,0,319,0,"gps","Bos taurus","misde_cattle2front","misde_cattle2front","Daily cattle herd movements in the Logone Floodplain, Cameroon","2011-03-21","10:03:04"
"1753",1753,5476809114,"true",14.9237671929121,11.3149857105925,0.555556,109,321,2,"gps","Bos taurus","misde_cattle2front","misde_cattle2front","Daily cattle herd movements in the Logone Floodplain, Cameroon","2011-03-21","10:04:12"
"1754",1754,5476809127,"true",14.9238954941636,11.3149495683827,0.2500002,117,319,3,"gps","Bos taurus","misde_cattle2front","misde_cattle2front","Daily cattle herd movements in the Logone Floodplain, Cameroon","2011-03-21","10:05:00"
"1755",1755,5476809134,"true",14.923959656708,11.3148862782135,0.1944446,71,321,2,"gps","Bos taurus","misde_cattle2front","misde_cattle2front","Daily cattle herd movements in the Logone Floodplain, Cameroon","2011-03-21","10:06:01"
"1756",1756,5476809144,"true",14.9240879459811,11.3148953549631,1.111112,78,321,3,"gps","Bos taurus","misde_cattle2front","misde_cattle2front","Daily cattle herd movements in the Logone Floodplain, Cameroon","2011-03-21","10:07:01"
"1757",1757,5476809161,"true",14.9243628448134,11.3149406444073,0.138889,180,320,1,"gps","Bos taurus","misde_cattle2front","misde_cattle2front","Daily cattle herd movements in the Logone Floodplain, Cameroon","2011-03-21","10:08:03"
"1758",1758,5476809176,"true",14.9244728209611,11.3148954534522,0.1111112,90,323,2,"gps","Bos taurus","misde_cattle2front","misde_cattle2front","Daily cattle herd movements in the Logone Floodplain, Cameroon","2011-03-21","10:09:02"
"1759",1759,5476809183,"true",14.924555296539,11.314886430683,0.555556,71,320,2,"gps","Bos taurus","misde_cattle2front","misde_cattle2front","Daily cattle herd movements in the Logone Floodplain, Cameroon","2011-03-21","10:10:00"
"1760",1760,5476809199,"true",14.924720240593,11.3148955165022,0.2222224,316,319,1,"gps","Bos taurus","misde_cattle2front","misde_cattle2front","Daily cattle herd movements in the Logone Floodplain, Cameroon","2011-03-21","10:11:02"
"1761",1761,5476809212,"true",14.9247752227337,11.3148955304852,0.555556,136,316,2,"gps","Bos taurus","misde_cattle2front","misde_cattle2front","Daily cattle herd movements in the Logone Floodplain, Cameroon","2011-03-21","10:12:02"
"1762",1762,5476809222,"true",14.9248760186102,11.314913643712,0.3333336,63,322,1,"gps","Bos taurus","misde_cattle2front","misde_cattle2front","Daily cattle herd movements in the Logone Floodplain, Cameroon","2011-03-21","10:13:00"
"1763",1763,5476809235,"true",14.9249035096824,11.3149136506903,0.0833334,270,316,1,"gps","Bos taurus","misde_cattle2front","misde_cattle2front","Daily cattle herd movements in the Logone Floodplain, Cameroon","2011-03-21","10:14:04"
"1764",1764,5476809244,"true",14.9249676531629,11.314922710772,0.2500002,117,320,3,"gps","Bos taurus","misde_cattle2front","misde_cattle2front","Daily cattle herd movements in the Logone Floodplain, Cameroon","2011-03-21","10:15:01"
"1765",1765,5476809258,"true",14.9251600883262,11.314931803316,0.2222224,154,320,1,"gps","Bos taurus","misde_cattle2front","misde_cattle2front","Daily cattle herd movements in the Logone Floodplain, Cameroon","2011-03-21","10:16:01"
"1766",1766,5476809273,"true",14.9252792139691,11.3149408772316,0.3055558,90,321,1,"gps","Bos taurus","misde_cattle2front","misde_cattle2front","Daily cattle herd movements in the Logone Floodplain, Cameroon","2011-03-21","10:17:01"
"1767",1767,5476809286,"true",14.9253708391765,11.3149861194026,0.277778,18,317,2,"gps","Bos taurus","misde_cattle2front","misde_cattle2front","Daily cattle herd movements in the Logone Floodplain, Cameroon","2011-03-21","10:18:02"
"1768",1768,5476809299,"true",14.9255082805481,11.3150404168927,0,0,318,0,"gps","Bos taurus","misde_cattle2front","misde_cattle2front","Daily cattle herd movements in the Logone Floodplain, Cameroon","2011-03-21","10:19:01"
"1769",1769,5476809313,"true",14.9256640470324,11.3151037627328,0.555556,117,318,1,"gps","Bos taurus","misde_cattle2front","misde_cattle2front","Daily cattle herd movements in the Logone Floodplain, Cameroon","2011-03-21","10:20:09"
"1770",1770,5476809323,"true",14.9257648523577,11.3150857004216,0.2500002,117,319,1,"gps","Bos taurus","misde_cattle2front","misde_cattle2front","Daily cattle herd movements in the Logone Floodplain, Cameroon","2011-03-21","10:21:02"
"1771",1771,5476809331,"true",14.925847327952,11.3150766772926,0.2222224,44,318,1,"gps","Bos taurus","misde_cattle2front","misde_cattle2front","Daily cattle herd movements in the Logone Floodplain, Cameroon","2011-03-21","10:22:08"
"1772",1772,5476809340,"true",14.9259756150517,11.3150947970336,0.555556,109,319,2,"gps","Bos taurus","misde_cattle2front","misde_cattle2front","Daily cattle herd movements in the Logone Floodplain, Cameroon","2011-03-21","10:23:02"
"1773",1773,5476809358,"true",14.9261864009228,11.315013455405,0.1944446,90,323,1,"gps","Bos taurus","misde_cattle2front","misde_cattle2front","Daily cattle herd movements in the Logone Floodplain, Cameroon","2011-03-21","10:24:09"
"1774",1774,5476809372,"true",14.9263421559869,11.3151220199344,1.111112,44,320,3,"gps","Bos taurus","misde_cattle2front","misde_cattle2front","Daily cattle herd movements in the Logone Floodplain, Cameroon","2011-03-21","10:25:00"
"1775",1775,5476809381,"true",14.9264795906878,11.3152034484013,0.1944446,90,320,1,"gps","Bos taurus","misde_cattle2front","misde_cattle2front","Daily cattle herd movements in the Logone Floodplain, Cameroon","2011-03-21","10:26:07"
"1776",1776,5476809394,"true",14.9266353689879,11.3152215746863,0.0555556,90,319,1,"gps","Bos taurus","misde_cattle2front","misde_cattle2front","Daily cattle herd movements in the Logone Floodplain, Cameroon","2011-03-21","10:27:01"
"1777",1777,5476809406,"true",14.9268003018215,11.3152758783926,0.2222224,63,318,1,"gps","Bos taurus","misde_cattle2front","misde_cattle2front","Daily cattle herd movements in the Logone Floodplain, Cameroon","2011-03-21","10:28:00"
"1778",1778,5476809420,"true",14.9269011025504,11.3152759033125,0.1944446,90,320,1,"gps","Bos taurus","misde_cattle2front","misde_cattle2front","Daily cattle herd movements in the Logone Floodplain, Cameroon","2011-03-21","10:29:07"
"1779",1779,5476809434,"true",14.9270385512216,11.3153030686662,0.833334,117,319,3,"gps","Bos taurus","misde_cattle2front","misde_cattle2front","Daily cattle herd movements in the Logone Floodplain, Cameroon","2011-03-21","10:30:00"
"1780",1780,5476809446,"true",14.9272035138765,11.3152398026299,0.0833334,0,319,1,"gps","Bos taurus","misde_cattle2front","misde_cattle2front","Daily cattle herd movements in the Logone Floodplain, Cameroon","2011-03-21","10:31:00"
"1781",1781,5476809455,"true",14.9272951440476,11.3152669565884,0.2222224,63,318,1,"gps","Bos taurus","misde_cattle2front","misde_cattle2front","Daily cattle herd movements in the Logone Floodplain, Cameroon","2011-03-21","10:32:08"
"1782",1782,5476809466,"true",14.9273959424962,11.3152760251489,0.1111112,90,321,1,"gps","Bos taurus","misde_cattle2front","misde_cattle2front","Daily cattle herd movements in the Logone Floodplain, Cameroon","2011-03-21","10:33:04"
"1783",1783,5476809476,"true",14.9275059069294,11.3152760521113,0.1111112,71,321,2,"gps","Bos taurus","misde_cattle2front","misde_cattle2front","Daily cattle herd movements in the Logone Floodplain, Cameroon","2011-03-21","10:34:01"
"1784",1784,5476809482,"true",14.9275883825268,11.315267028497,0.277778,44,321,1,"gps","Bos taurus","misde_cattle2front","misde_cattle2front","Daily cattle herd movements in the Logone Floodplain, Cameroon","2011-03-21","10:35:03"
"1785",1785,5476809494,"true",14.9276708467704,11.3153032239058,0.3888892,90,317,1,"gps","Bos taurus","misde_cattle2front","misde_cattle2front","Daily cattle herd movements in the Logone Floodplain, Cameroon","2011-03-21","10:36:02"
"1786",1786,5476809504,"true",14.9277899862484,11.3152580339564,0.555556,90,318,2,"gps","Bos taurus","misde_cattle2front","misde_cattle2front","Daily cattle herd movements in the Logone Floodplain, Cameroon","2011-03-21","10:37:13"
"1787",1787,5476809515,"true",14.9278907801848,11.3152851899669,0.2222224,56,321,2,"gps","Bos taurus","misde_cattle2front","misde_cattle2front","Daily cattle herd movements in the Logone Floodplain, Cameroon","2011-03-21","10:38:00"
"1788",1788,5476809529,"true",14.9280190494407,11.315375659297,0.1111112,90,320,1,"gps","Bos taurus","misde_cattle2front","misde_cattle2front","Daily cattle herd movements in the Logone Floodplain, Cameroon","2011-03-21","10:39:02"
"1789",1789,5476809542,"true",14.9281198344175,11.3154389904665,0.0833334,0,320,1,"gps","Bos taurus","misde_cattle2front","misde_cattle2front","Daily cattle herd movements in the Logone Floodplain, Cameroon","2011-03-21","10:40:04"
"1790",1790,5476809554,"true",14.9282481173242,11.3154751968421,0,0,319,0,"gps","Bos taurus","misde_cattle2front","misde_cattle2front","Daily cattle herd movements in the Logone Floodplain, Cameroon","2011-03-21","10:41:00"
"1791",1791,5476809565,"true",14.9283122520407,11.3155204314366,0.1944446,0,319,1,"gps","Bos taurus","misde_cattle2front","misde_cattle2front","Daily cattle herd movements in the Logone Floodplain, Cameroon","2011-03-21","10:42:00"
"1792",1792,5476809577,"true",14.9284222053382,11.315565677105,0.1944446,90,320,1,"gps","Bos taurus","misde_cattle2front","misde_cattle2front","Daily cattle herd movements in the Logone Floodplain, Cameroon","2011-03-21","10:43:03"
"1793",1793,5476809589,"true",14.9285138357299,11.3155928306868,0.833334,63,321,3,"gps","Bos taurus","misde_cattle2front","misde_cattle2front","Daily cattle herd movements in the Logone Floodplain, Cameroon","2011-03-21","10:44:01"
"1794",1794,5476809600,"true",14.9286879350888,11.3156380917477,0.1944446,0,320,1,"gps","Bos taurus","misde_cattle2front","misde_cattle2front","Daily cattle herd movements in the Logone Floodplain, Cameroon","2011-03-21","10:45:01"
"1795",1795,5476809614,"true",14.928797908601,11.3156019429938,0.1111112,90,322,1,"gps","Bos taurus","misde_cattle2front","misde_cattle2front","Daily cattle herd movements in the Logone Floodplain, Cameroon","2011-03-21","10:46:00"
"1796",1796,5476809625,"true",14.9289078686999,11.3156200570544,0,0,324,0,"gps","Bos taurus","misde_cattle2front","misde_cattle2front","Daily cattle herd movements in the Logone Floodplain, Cameroon","2011-03-21","10:47:08"
"1797",1797,5476809640,"true",14.9291277933882,11.3156381974346,0.1666668,90,323,2,"gps","Bos taurus","misde_cattle2front","misde_cattle2front","Daily cattle herd movements in the Logone Floodplain, Cameroon","2011-03-21","10:48:00"
"1798",1798,5476809651,"true",14.9292835654409,11.3156834537551,0.138889,63,323,1,"gps","Bos taurus","misde_cattle2front","misde_cattle2front","Daily cattle herd movements in the Logone Floodplain, Cameroon","2011-03-21","10:49:11"
"1799",1799,5476809660,"true",14.9293843596698,11.3157106092578,0.277778,44,323,1,"gps","Bos taurus","misde_cattle2front","misde_cattle2front","Daily cattle herd movements in the Logone Floodplain, Cameroon","2011-03-21","10:50:05"
"1800",1800,5476809676,"true",14.9296134349235,11.3157830143202,0.0555556,90,322,1,"gps","Bos taurus","misde_cattle2front","misde_cattle2front","Daily cattle herd movements in the Logone Floodplain, Cameroon","2011-03-21","10:51:07"
"1801",1801,5476809688,"true",14.9297508818952,11.3158192222253,0.277778,44,323,1,"gps","Bos taurus","misde_cattle2front","misde_cattle2front","Daily cattle herd movements in the Logone Floodplain, Cameroon","2011-03-21","10:52:01"
"1802",1802,5476809701,"true",14.929869992655,11.3158916009602,0.277778,44,323,1,"gps","Bos taurus","misde_cattle2front","misde_cattle2front","Daily cattle herd movements in the Logone Floodplain, Cameroon","2011-03-21","10:53:00"
"1803",1803,5476809716,"true",14.9299982693968,11.3159549380062,0.277778,44,325,1,"gps","Bos taurus","misde_cattle2front","misde_cattle2front","Daily cattle herd movements in the Logone Floodplain, Cameroon","2011-03-21","10:54:01"
"1804",1804,5476809732,"true",14.9301906966652,11.3160002025201,1.111112,90,325,3,"gps","Bos taurus","misde_cattle2front","misde_cattle2front","Daily cattle herd movements in the Logone Floodplain, Cameroon","2011-03-21","10:55:01"
"1805",1805,5476809751,"true",14.9304930930914,11.3160274051444,0.1944446,90,327,1,"gps","Bos taurus","misde_cattle2front","misde_cattle2front","Daily cattle herd movements in the Logone Floodplain, Cameroon","2011-03-21","10:56:00"
"1806",1806,5476809759,"true",14.9305572348237,11.3160455078255,0.1944446,90,324,1,"gps","Bos taurus","misde_cattle2front","misde_cattle2front","Daily cattle herd movements in the Logone Floodplain, Cameroon","2011-03-21","10:57:03"
"1807",1807,5476809769,"true",14.9306213678548,11.31609978573,0.138889,90,322,1,"gps","Bos taurus","misde_cattle2front","misde_cattle2front","Daily cattle herd movements in the Logone Floodplain, Cameroon","2011-03-21","10:58:04"
"1808",1808,5476809781,"true",14.9307221580096,11.3161450283964,0.0555556,90,321,1,"gps","Bos taurus","misde_cattle2front","misde_cattle2front","Daily cattle herd movements in the Logone Floodplain, Cameroon","2011-03-21","10:59:05"
"1809",1809,5476809791,"true",14.9308321184408,11.3161631417432,0.555556,63,325,1,"gps","Bos taurus","misde_cattle2front","misde_cattle2front","Daily cattle herd movements in the Logone Floodplain, Cameroon","2011-03-21","11:00:06"
"1810",1810,5476809805,"true",14.9309878932157,11.3161993533587,0.555556,90,323,2,"gps","Bos taurus","misde_cattle2front","misde_cattle2front","Daily cattle herd movements in the Logone Floodplain, Cameroon","2011-03-21","11:01:05"
"1811",1811,5476809821,"true",14.9312536328384,11.316235590464,0.833334,124,325,2,"gps","Bos taurus","misde_cattle2front","misde_cattle2front","Daily cattle herd movements in the Logone Floodplain, Cameroon","2011-03-21","11:02:01"
"1812",1812,5476809840,"true",14.9316018761986,11.3161452330772,0.833334,104,324,2,"gps","Bos taurus","misde_cattle2front","misde_cattle2front","Daily cattle herd movements in the Logone Floodplain, Cameroon","2011-03-21","11:03:03"
"1813",1813,5476809856,"true",14.9319042964265,11.3160729523559,0.555556,109,326,2,"gps","Bos taurus","misde_cattle2front","misde_cattle2front","Daily cattle herd movements in the Logone Floodplain, Cameroon","2011-03-21","11:04:01"
"1814",1814,5476809874,"true",14.9322800390699,11.3159464252548,1.111112,102,324,3,"gps","Bos taurus","misde_cattle2front","misde_cattle2front","Daily cattle herd movements in the Logone Floodplain, Cameroon","2011-03-21","11:05:00"
"1815",1815,5476809894,"true",14.9327840776998,11.3158018392267,0.833334,104,322,2,"gps","Bos taurus","misde_cattle2front","misde_cattle2front","Daily cattle herd movements in the Logone Floodplain, Cameroon","2011-03-21","11:06:00"
"1816",1816,5476809910,"true",14.933113969541,11.3158109577971,0.1944446,90,322,1,"gps","Bos taurus","misde_cattle2front","misde_cattle2front","Daily cattle herd movements in the Logone Floodplain, Cameroon","2011-03-21","11:07:06"
"1817",1817,5476809923,"true",14.9332514400175,11.3157476821689,0.555556,109,324,2,"gps","Bos taurus","misde_cattle2front","misde_cattle2front","Daily cattle herd movements in the Logone Floodplain, Cameroon","2011-03-21","11:08:00"
"1818",1818,5476809942,"true",14.9336088521411,11.3156301930467,0.833334,104,327,2,"gps","Bos taurus","misde_cattle2front","misde_cattle2front","Daily cattle herd movements in the Logone Floodplain, Cameroon","2011-03-21","11:09:01"
"1819",1819,5476809956,"true",14.9338196383603,11.3155398021626,0.138889,136,324,2,"gps","Bos taurus","misde_cattle2front","misde_cattle2front","Daily cattle herd movements in the Logone Floodplain, Cameroon","2011-03-21","11:10:01"
"1820",1820,5476809972,"true",14.9341770623916,11.3153680494873,0.833334,117,322,3,"gps","Bos taurus","misde_cattle2front","misde_cattle2front","Daily cattle herd movements in the Logone Floodplain, Cameroon","2011-03-21","11:11:02"
"1821",1821,5476809992,"true",14.9345344942161,11.3151601211335,0.833334,124,325,2,"gps","Bos taurus","misde_cattle2front","misde_cattle2front","Daily cattle herd movements in the Logone Floodplain, Cameroon","2011-03-21","11:12:02"
"1822",1822,5476810012,"true",14.9349010994343,11.3149069753044,0.833334,136,319,3,"gps","Bos taurus","misde_cattle2front","misde_cattle2front","Daily cattle herd movements in the Logone Floodplain, Cameroon","2011-03-21","11:13:02"
"1823",1823,5476810032,"true",14.9352951747594,11.3147442731361,0.833334,117,321,3,"gps","Bos taurus","misde_cattle2front","misde_cattle2front","Daily cattle herd movements in the Logone Floodplain, Cameroon","2011-03-21","11:14:02"
"1824",1824,5476810052,"true",14.9356801000877,11.3145182617687,0.833334,104,323,2,"gps","Bos taurus","misde_cattle2front","misde_cattle2front","Daily cattle herd movements in the Logone Floodplain, Cameroon","2011-03-21","11:15:02"
"1825",1825,5476810072,"true",14.9361658091948,11.3143646221469,1.111112,109,320,4,"gps","Bos taurus","misde_cattle2front","misde_cattle2front","Daily cattle herd movements in the Logone Floodplain, Cameroon","2011-03-21","11:16:02"
"1826",1826,5476810092,"true",14.9366790405897,11.3140662866218,1.111112,109,322,4,"gps","Bos taurus","misde_cattle2front","misde_cattle2front","Daily cattle herd movements in the Logone Floodplain, Cameroon","2011-03-21","11:17:02"
"1827",1827,5476810112,"true",14.9373388658391,11.3138765070201,1.38889,124,322,4,"gps","Bos taurus","misde_cattle2front","misde_cattle2front","Daily cattle herd movements in the Logone Floodplain, Cameroon","2011-03-21","11:18:02"
"1828",1828,5476810132,"true",14.9378979192584,11.3135510476218,1.111112,112,323,3,"gps","Bos taurus","misde_cattle2front","misde_cattle2front","Daily cattle herd movements in the Logone Floodplain, Cameroon","2011-03-21","11:19:02"
"1829",1829,5476810152,"true",14.9384203129962,11.3132436671535,0.833334,63,323,3,"gps","Bos taurus","misde_cattle2front","misde_cattle2front","Daily cattle herd movements in the Logone Floodplain, Cameroon","2011-03-21","11:20:02"
"1830",1830,5476810168,"true",14.9387960606516,11.3130628688426,3.055558,127,324,9,"gps","Bos taurus","misde_cattle2front","misde_cattle2front","Daily cattle herd movements in the Logone Floodplain, Cameroon","2011-03-21","11:21:02"
"1831",1831,5476810188,"true",14.9392451397417,11.3127735593546,0.833334,104,320,2,"gps","Bos taurus","misde_cattle2front","misde_cattle2front","Daily cattle herd movements in the Logone Floodplain, Cameroon","2011-03-21","11:22:12"
"1832",1832,5476810204,"true",14.9395200788642,11.312628914655,0.555556,136,319,2,"gps","Bos taurus","misde_cattle2front","misde_cattle2front","Daily cattle herd movements in the Logone Floodplain, Cameroon","2011-03-21","11:23:02"
"1833",1833,5476810224,"true",14.9399508293317,11.3123396003347,0.833334,124,320,2,"gps","Bos taurus","misde_cattle2front","misde_cattle2front","Daily cattle herd movements in the Logone Floodplain, Cameroon","2011-03-21","11:24:02"
"1834",1834,5476810239,"true",14.9401616243156,11.312185898196,0.833334,136,321,3,"gps","Bos taurus","misde_cattle2front","misde_cattle2front","Daily cattle herd movements in the Logone Floodplain, Cameroon","2011-03-21","11:25:01"
"1835",1835,5476810258,"true",14.9405373751044,11.311977966208,1.111112,127,319,3,"gps","Bos taurus","misde_cattle2front","misde_cattle2front","Daily cattle herd movements in the Logone Floodplain, Cameroon","2011-03-21","11:26:01"
"1836",1836,5476810274,"true",14.9408398166027,11.3117700190932,0.833334,117,321,3,"gps","Bos taurus","misde_cattle2front","misde_cattle2front","Daily cattle herd movements in the Logone Floodplain, Cameroon","2011-03-21","11:27:01"
"1837",1837,5476810294,"true",14.9411422613582,11.3115439840364,0.833334,147,318,2,"gps","Bos taurus","misde_cattle2front","misde_cattle2front","Daily cattle herd movements in the Logone Floodplain, Cameroon","2011-03-21","11:28:02"
"1838",1838,5476810313,"true",14.9414080623501,11.3112636785263,0.555556,117,323,1,"gps","Bos taurus","misde_cattle2front","misde_cattle2front","Daily cattle herd movements in the Logone Floodplain, Cameroon","2011-03-21","11:29:01"
"1839",1839,5476810333,"true",14.9418388015924,11.3110105366693,0.833334,154,321,3,"gps","Bos taurus","misde_cattle2front","misde_cattle2front","Daily cattle herd movements in the Logone Floodplain, Cameroon","2011-03-21","11:30:01"
"1840",1840,5476810353,"true",14.9423062033763,11.3107121822511,1.111112,127,320,3,"gps","Bos taurus","misde_cattle2front","misde_cattle2front","Daily cattle herd movements in the Logone Floodplain, Cameroon","2011-03-21","11:31:01"
"1841",1841,5476810373,"true",14.942782760567,11.3104500041149,1.111112,121,318,3,"gps","Bos taurus","misde_cattle2front","misde_cattle2front","Daily cattle herd movements in the Logone Floodplain, Cameroon","2011-03-21","11:32:01"
"1842",1842,5476810393,"true",14.9432318173589,11.3102330390074,1.111112,121,319,3,"gps","Bos taurus","misde_cattle2front","misde_cattle2front","Daily cattle herd movements in the Logone Floodplain, Cameroon","2011-03-21","11:33:01"
"1843",1843,5476810413,"true",14.9437083799838,11.3099346841034,1.111112,136,318,3,"gps","Bos taurus","misde_cattle2front","misde_cattle2front","Daily cattle herd movements in the Logone Floodplain, Cameroon","2011-03-21","11:34:01"
"1844",1844,5476810433,"true",14.9440750056177,11.3095006504339,1.38889,142,319,4,"gps","Bos taurus","misde_cattle2front","misde_cattle2front","Daily cattle herd movements in the Logone Floodplain, Cameroon","2011-03-21","11:35:01"
"1845",1845,5476810453,"true",14.9445057642631,11.3091208912193,0.555556,180,318,2,"gps","Bos taurus","misde_cattle2front","misde_cattle2front","Daily cattle herd movements in the Logone Floodplain, Cameroon","2011-03-21","11:36:01"
"1846",1846,5476810473,"true",14.9448631982262,11.3088225120648,0.833334,117,318,3,"gps","Bos taurus","misde_cattle2front","misde_cattle2front","Daily cattle herd movements in the Logone Floodplain, Cameroon","2011-03-21","11:37:01"
"1847",1847,5476810493,"true",14.9453031045876,11.3085151039011,1.111112,127,320,3,"gps","Bos taurus","misde_cattle2front","misde_cattle2front","Daily cattle herd movements in the Logone Floodplain, Cameroon","2011-03-21","11:38:01"
"1848",1848,5476810513,"true",14.9457063492765,11.3082438636202,0.833334,104,320,2,"gps","Bos taurus","misde_cattle2front","misde_cattle2front","Daily cattle herd movements in the Logone Floodplain, Cameroon","2011-03-21","11:39:01"
"1849",1849,5476810533,"true",14.9461828976243,11.3079907237498,1.111112,112,318,3,"gps","Bos taurus","misde_cattle2front","misde_cattle2front","Daily cattle herd movements in the Logone Floodplain, Cameroon","2011-03-21","11:40:01"
"1850",1850,5476810553,"true",14.9466777687268,11.3077556740397,1.111112,121,321,3,"gps","Bos taurus","misde_cattle2front","misde_cattle2front","Daily cattle herd movements in the Logone Floodplain, Cameroon","2011-03-21","11:41:01"
"1851",1851,5476810573,"true",14.9470993429601,11.3074573036848,0.833334,147,319,2,"gps","Bos taurus","misde_cattle2front","misde_cattle2front","Daily cattle herd movements in the Logone Floodplain, Cameroon","2011-03-21","11:42:01"
"1852",1852,5476810593,"true",14.9473743044505,11.3071408190621,0.833334,136,319,3,"gps","Bos taurus","misde_cattle2front","misde_cattle2front","Daily cattle herd movements in the Logone Floodplain, Cameroon","2011-03-21","11:43:01"
"1853",1853,5476810613,"true",14.9476950956463,11.3067519917289,0.833334,154,318,3,"gps","Bos taurus","misde_cattle2front","misde_cattle2front","Daily cattle herd movements in the Logone Floodplain, Cameroon","2011-03-21","11:44:01"
"1854",1854,5476810633,"true",14.9480342177106,11.3063360357964,0.833334,136,317,3,"gps","Bos taurus","misde_cattle2front","misde_cattle2front","Daily cattle herd movements in the Logone Floodplain, Cameroon","2011-03-21","11:45:01"
"1855",1855,5476810653,"true",14.9483275233708,11.3059110276497,0.833334,136,316,3,"gps","Bos taurus","misde_cattle2front","misde_cattle2front","Daily cattle herd movements in the Logone Floodplain, Cameroon","2011-03-21","11:46:01"
"1856",1856,5476810673,"true",14.9487582662421,11.3055583935627,1.111112,136,317,3,"gps","Bos taurus","misde_cattle2front","misde_cattle2front","Daily cattle herd movements in the Logone Floodplain, Cameroon","2011-03-21","11:47:01"
"1857",1857,5476810693,"true",14.9492531438114,11.3052509889301,1.111112,121,317,3,"gps","Bos taurus","misde_cattle2front","misde_cattle2front","Daily cattle herd movements in the Logone Floodplain, Cameroon","2011-03-21","11:48:01"
"1858",1858,5476810713,"true",14.9497022050139,11.3049345318622,0.277778,136,320,1,"gps","Bos taurus","misde_cattle2front","misde_cattle2front","Daily cattle herd movements in the Logone Floodplain, Cameroon","2011-03-21","11:49:01"
"1859",1859,5476810733,"true",14.950068807444,11.3045457096532,1.38889,117,318,4,"gps","Bos taurus","misde_cattle2front","misde_cattle2front","Daily cattle herd movements in the Logone Floodplain, Cameroon","2011-03-21","11:50:01"
"1860",1860,5476810753,"true",14.9505362057723,11.3041569038278,1.111112,144,316,3,"gps","Bos taurus","misde_cattle2front","misde_cattle2front","Daily cattle herd movements in the Logone Floodplain, Cameroon","2011-03-21","11:51:01"
"1861",1861,5476810772,"true",14.9509027337508,11.3041931400974,0.2222224,117,319,1,"gps","Bos taurus","misde_cattle2front","misde_cattle2front","Daily cattle herd movements in the Logone Floodplain, Cameroon","2011-03-21","11:52:03"
"1862",1862,5476810778,"true",14.9509668833813,11.3041569754445,0.3888892,180,319,1,"gps","Bos taurus","misde_cattle2front","misde_cattle2front","Daily cattle herd movements in the Logone Floodplain, Cameroon","2011-03-21","11:53:05"
"1863",1863,5476810781,"true",14.9509668879927,11.3041298439847,0.1111112,180,319,1,"gps","Bos taurus","misde_cattle2front","misde_cattle2front","Daily cattle herd movements in the Logone Floodplain, Cameroon","2011-03-21","11:54:11"
"1864",1864,5476810783,"true",14.9509668879927,11.3041298439847,0.0277778,90,320,2,"gps","Bos taurus","misde_cattle2front","misde_cattle2front","Daily cattle herd movements in the Logone Floodplain, Cameroon","2011-03-21","11:55:16"
"1865",1865,5476810784,"true",14.9509852146978,11.3041298470183,0.138889,270,320,1,"gps","Bos taurus","misde_cattle2front","misde_cattle2front","Daily cattle herd movements in the Logone Floodplain, Cameroon","2011-03-21","11:56:05"
"1866",1866,5476810786,"true",14.9509668879927,11.3041298439847,0.555556,334,320,1,"gps","Bos taurus","misde_cattle2front","misde_cattle2front","Daily cattle herd movements in the Logone Floodplain, Cameroon","2011-03-21","11:57:03"
"1867",1867,5476810799,"true",14.9509577000411,11.3042745435856,0.833334,284,321,2,"gps","Bos taurus","misde_cattle2front","misde_cattle2front","Daily cattle herd movements in the Logone Floodplain, Cameroon","2011-03-21","11:58:27"
"1868",1868,5476810809,"true",14.9507744205528,11.3043468637392,0.555556,342,322,2,"gps","Bos taurus","misde_cattle2front","misde_cattle2front","Daily cattle herd movements in the Logone Floodplain, Cameroon","2011-03-21","11:59:27"
"1869",1869,5476810814,"true",14.9507560799399,11.3044282550702,0.3888892,0,321,1,"gps","Bos taurus","misde_cattle2front","misde_cattle2front","Daily cattle herd movements in the Logone Floodplain, Cameroon","2011-03-21","12:00:00"
"1870",1870,5476810817,"true",14.950737745494,11.3044734711208,0,270,320,1,"gps","Bos taurus","misde_cattle2front","misde_cattle2front","Daily cattle herd movements in the Logone Floodplain, Cameroon","2011-03-21","12:01:55"
"1871",1871,5476810818,"true",14.950737745494,11.3044734711208,0.0277778,136,319,1,"gps","Bos taurus","misde_cattle2front","misde_cattle2front","Daily cattle herd movements in the Logone Floodplain, Cameroon","2011-03-21","12:02:55"
"1872",1872,5476810819,"true",14.9507377470384,11.3044644273011,0.138889,0,317,1,"gps","Bos taurus","misde_cattle2front","misde_cattle2front","Daily cattle herd movements in the Logone Floodplain, Cameroon","2011-03-21","12:03:20"
"1873",1873,5476810821,"true",14.9507377439496,11.3044825149404,0.0555556,334,319,1,"gps","Bos taurus","misde_cattle2front","misde_cattle2front","Daily cattle herd movements in the Logone Floodplain, Cameroon","2011-03-21","12:04:29"
"1874",1874,5476810823,"true",14.9507377408609,11.3045006025798,0.0277778,44,321,1,"gps","Bos taurus","misde_cattle2front","misde_cattle2front","Daily cattle herd movements in the Logone Floodplain, Cameroon","2011-03-21","12:05:23"
"1875",1875,5476810824,"true",14.9507377408609,11.3045006025798,0.0277778,224,316,1,"gps","Bos taurus","misde_cattle2front","misde_cattle2front","Daily cattle herd movements in the Logone Floodplain, Cameroon","2011-03-21","12:06:23"
"1876",1876,5476810825,"true",14.9507377408609,11.3045006025798,0.1944446,90,316,1,"gps","Bos taurus","misde_cattle2front","misde_cattle2front","Daily cattle herd movements in the Logone Floodplain, Cameroon","2011-03-21","12:07:13"
"1877",1877,5476810830,"true",14.9507469042252,11.3045006041039,0.0277778,243,316,1,"gps","Bos taurus","misde_cattle2front","misde_cattle2front","Daily cattle herd movements in the Logone Floodplain, Cameroon","2011-03-21","12:08:05"
"1878",1878,5476810831,"true",14.9507377408609,11.3045006025798,0.0277778,117,318,1,"gps","Bos taurus","misde_cattle2front","misde_cattle2front","Daily cattle herd movements in the Logone Floodplain, Cameroon","2011-03-21","12:09:05"
"1879",1879,5476810832,"true",14.9507469057693,11.3044915602842,0,0,318,0,"gps","Bos taurus","misde_cattle2front","misde_cattle2front","Daily cattle herd movements in the Logone Floodplain, Cameroon","2011-03-21","12:10:05"
"1880",1880,5476810833,"true",14.9507469057693,11.3044915602842,0.0277778,316,318,1,"gps","Bos taurus","misde_cattle2front","misde_cattle2front","Daily cattle herd movements in the Logone Floodplain, Cameroon","2011-03-21","12:11:05"
"1881",1881,5476810835,"true",14.9507469042252,11.3045006041039,0.0277778,243,319,1,"gps","Bos taurus","misde_cattle2front","misde_cattle2front","Daily cattle herd movements in the Logone Floodplain, Cameroon","2011-03-21","12:12:43"
"1882",1882,5476810836,"true",14.9507377424052,11.3044915587601,0.0277778,109,319,2,"gps","Bos taurus","misde_cattle2front","misde_cattle2front","Daily cattle herd movements in the Logone Floodplain, Cameroon","2011-03-21","12:13:43"
"1883",1883,5476810837,"true",14.9507469073134,11.3044825164645,0.0277778,90,317,1,"gps","Bos taurus","misde_cattle2front","misde_cattle2front","Daily cattle herd movements in the Logone Floodplain, Cameroon","2011-03-21","12:14:43"
"1884",1884,5476810838,"true",14.9507652340408,11.3044825195119,0.0277778,316,318,1,"gps","Bos taurus","misde_cattle2front","misde_cattle2front","Daily cattle herd movements in the Logone Floodplain, Cameroon","2011-03-21","12:15:43"
"1885",1885,5476810839,"true",14.9507560691333,11.304491561808,0.0277778,251,319,2,"gps","Bos taurus","misde_cattle2front","misde_cattle2front","Daily cattle herd movements in the Logone Floodplain, Cameroon","2011-03-21","12:16:43"
"1886",1886,5476810840,"true",14.9507377439496,11.3044825149404,0.0277778,56,317,2,"gps","Bos taurus","misde_cattle2front","misde_cattle2front","Daily cattle herd movements in the Logone Floodplain, Cameroon","2011-03-21","12:17:43"
"1887",1887,5476810841,"true",14.9507560675895,11.3045006056277,0,0,316,0,"gps","Bos taurus","misde_cattle2front","misde_cattle2front","Daily cattle herd movements in the Logone Floodplain, Cameroon","2011-03-21","12:18:43"
"1888",1888,5476810842,"true",14.9507560675895,11.3045006056277,0.0277778,0,316,1,"gps","Bos taurus","misde_cattle2front","misde_cattle2front","Daily cattle herd movements in the Logone Floodplain, Cameroon","2011-03-21","12:19:43"
"1889",1889,5476810843,"true",14.9507560660457,11.3045096494474,0,180,316,1,"gps","Bos taurus","misde_cattle2front","misde_cattle2front","Daily cattle herd movements in the Logone Floodplain, Cameroon","2011-03-21","12:20:43"
"1890",1890,5476810844,"true",14.9507560675895,11.3045006056277,0,0,316,0,"gps","Bos taurus","misde_cattle2front","misde_cattle2front","Daily cattle herd movements in the Logone Floodplain, Cameroon","2011-03-21","12:21:43"
"1891",1891,5476810845,"true",14.9507560675895,11.3045006056277,0,90,318,1,"gps","Bos taurus","misde_cattle2front","misde_cattle2front","Daily cattle herd movements in the Logone Floodplain, Cameroon","2011-03-21","12:22:43"
"1892",1892,5476810846,"true",14.9507652309538,11.3045006071512,0.277778,44,319,1,"gps","Bos taurus","misde_cattle2front","misde_cattle2front","Daily cattle herd movements in the Logone Floodplain, Cameroon","2011-03-21","12:23:43"
"1893",1893,5476810852,"true",14.9508385301621,11.3045458384275,0.0555556,36,319,3,"gps","Bos taurus","misde_cattle2front","misde_cattle2front","Daily cattle herd movements in the Logone Floodplain, Cameroon","2011-03-21","12:24:01"
"1894",1894,5476810853,"true",14.9508568538123,11.3045639291085,0,0,319,0,"gps","Bos taurus","misde_cattle2front","misde_cattle2front","Daily cattle herd movements in the Logone Floodplain, Cameroon","2011-03-21","12:25:01"
"1895",1895,5476810866,"true",14.9507102368608,11.3045819923826,0.833334,236,322,2,"gps","Bos taurus","misde_cattle2front","misde_cattle2front","Daily cattle herd movements in the Logone Floodplain, Cameroon","2011-03-21","12:26:35"
"1896",1896,5476810870,"true",14.9506644277598,11.3045367656555,0.555556,251,323,2,"gps","Bos taurus","misde_cattle2front","misde_cattle2front","Daily cattle herd movements in the Logone Floodplain, Cameroon","2011-03-21","12:27:02"
"1897",1897,5476810886,"true",14.9503895423503,11.3044462815365,0,0,321,0,"gps","Bos taurus","misde_cattle2front","misde_cattle2front","Daily cattle herd movements in the Logone Floodplain, Cameroon","2011-03-21","12:28:08"
"1898",1898,5476810902,"true",14.9502978744453,11.304645230203,0.833334,316,321,3,"gps","Bos taurus","misde_cattle2front","misde_cattle2front","Daily cattle herd movements in the Logone Floodplain, Cameroon","2011-03-21","12:29:01"
"1899",1899,5476810915,"true",14.9502886939331,11.3047447106794,0.0555556,90,319,1,"gps","Bos taurus","misde_cattle2front","misde_cattle2front","Daily cattle herd movements in the Logone Floodplain, Cameroon","2011-03-21","12:30:43"
"1900",1900,5476810919,"true",14.950334507679,11.3047628060056,0.833334,63,319,3,"gps","Bos taurus","misde_cattle2front","misde_cattle2front","Daily cattle herd movements in the Logone Floodplain, Cameroon","2011-03-21","12:31:01"
"1901",1901,5476810931,"true",14.9503619915719,11.3047989858923,0.833334,224,319,3,"gps","Bos taurus","misde_cattle2front","misde_cattle2front","Daily cattle herd movements in the Logone Floodplain, Cameroon","2011-03-21","12:32:01"
"1902",1902,5476810946,"true",14.9501420877969,11.3046994669353,0.833334,256,322,2,"gps","Bos taurus","misde_cattle2front","misde_cattle2front","Daily cattle herd movements in the Logone Floodplain, Cameroon","2011-03-21","12:33:01"
"1903",1903,5476810955,"true",14.9499863104981,11.3046994406686,0.555556,251,324,2,"gps","Bos taurus","misde_cattle2front","misde_cattle2front","Daily cattle herd movements in the Logone Floodplain, Cameroon","2011-03-21","12:34:10"
"1904",1904,5476810957,"true",14.9499496617234,11.304672303018,0.555556,243,323,1,"gps","Bos taurus","misde_cattle2front","misde_cattle2front","Daily cattle herd movements in the Logone Floodplain, Cameroon","2011-03-21","12:35:11"
"1905",1905,5476810963,"true",14.9498855212782,11.3046542045317,0.0555556,233,322,3,"gps","Bos taurus","misde_cattle2front","misde_cattle2front","Daily cattle herd movements in the Logone Floodplain, Cameroon","2011-03-21","12:36:03"
"1906",1906,5476810964,"true",14.9498671961118,11.3046451576104,0.0555556,270,322,1,"gps","Bos taurus","misde_cattle2front","misde_cattle2front","Daily cattle herd movements in the Logone Floodplain, Cameroon","2011-03-21","12:37:03"
"1907",1907,5476810968,"true",14.9498488693742,11.3046451545075,0.833334,56,323,2,"gps","Bos taurus","misde_cattle2front","misde_cattle2front","Daily cattle herd movements in the Logone Floodplain, Cameroon","2011-03-21","12:38:01"
"1908",1908,5476810976,"true",14.949894695643,11.3045908993458,0.3888892,198,322,2,"gps","Bos taurus","misde_cattle2front","misde_cattle2front","Daily cattle herd movements in the Logone Floodplain, Cameroon","2011-03-21","12:39:02"
"1909",1909,5476810986,"true",14.9499313805044,11.3044100291537,1.111112,136,322,3,"gps","Bos taurus","misde_cattle2front","misde_cattle2front","Daily cattle herd movements in the Logone Floodplain, Cameroon","2011-03-21","12:40:02"
"1910",1910,5476810996,"true",14.9500596926127,11.3042653496995,0.555556,136,321,2,"gps","Bos taurus","misde_cattle2front","misde_cattle2front","Daily cattle herd movements in the Logone Floodplain, Cameroon","2011-03-21","12:41:01"
"1911",1911,5476811008,"true",14.950133022916,11.3041297047554,0,0,322,0,"gps","Bos taurus","misde_cattle2front","misde_cattle2front","Daily cattle herd movements in the Logone Floodplain, Cameroon","2011-03-21","12:42:52"
"1912",1912,5476811010,"true",14.950133022916,11.3041297047554,0.0277778,180,322,1,"gps","Bos taurus","misde_cattle2front","misde_cattle2front","Daily cattle herd movements in the Logone Floodplain, Cameroon","2011-03-21","12:43:55"
"1913",1913,5476811011,"true",14.9501330244793,11.3041206609356,0.0555556,44,322,2,"gps","Bos taurus","misde_cattle2front","misde_cattle2front","Daily cattle herd movements in the Logone Floodplain, Cameroon","2011-03-21","12:44:34"
"1914",1914,5476811012,"true",14.9501421862684,11.3041297062981,0.0555556,180,322,2,"gps","Bos taurus","misde_cattle2front","misde_cattle2front","Daily cattle herd movements in the Logone Floodplain, Cameroon","2011-03-21","12:45:02"
"1915",1915,5476811020,"true",14.9500688982325,11.3040211681102,0.0277778,213,322,2,"gps","Bos taurus","misde_cattle2front","misde_cattle2front","Daily cattle herd movements in the Logone Floodplain, Cameroon","2011-03-21","12:46:16"
"1916",1916,5476811021,"true",14.9500505731004,11.3040121212,0.0555556,180,320,1,"gps","Bos taurus","misde_cattle2front","misde_cattle2front","Daily cattle herd movements in the Logone Floodplain, Cameroon","2011-03-21","12:47:16"
"1917",1917,5476811026,"true",14.9500139338086,11.303930720637,0.3888892,180,321,1,"gps","Bos taurus","misde_cattle2front","misde_cattle2front","Daily cattle herd movements in the Logone Floodplain, Cameroon","2011-03-21","12:48:09"
"1918",1918,5476811035,"true",14.9500872687417,11.3037679442408,0.555556,154,321,1,"gps","Bos taurus","misde_cattle2front","misde_cattle2front","Daily cattle herd movements in the Logone Floodplain, Cameroon","2011-03-21","12:49:02"
"1919",1919,5476811045,"true",14.9501606004669,11.3036232554645,0.0555556,166,321,2,"gps","Bos taurus","misde_cattle2front","misde_cattle2front","Daily cattle herd movements in the Logone Floodplain, Cameroon","2011-03-21","12:50:30"
"1920",1920,5476811046,"true",14.9501697669274,11.3036051693661,0.1944446,180,322,1,"gps","Bos taurus","misde_cattle2front","misde_cattle2front","Daily cattle herd movements in the Logone Floodplain, Cameroon","2011-03-21","12:51:20"
"1921",1921,5476811051,"true",14.9501606114033,11.3035599487235,0.555556,198,321,2,"gps","Bos taurus","misde_cattle2front","misde_cattle2front","Daily cattle herd movements in the Logone Floodplain, Cameroon","2011-03-21","12:52:16"
"1922",1922,5476811059,"true",14.950114799423,11.3035328095497,0.0555556,180,322,1,"gps","Bos taurus","misde_cattle2front","misde_cattle2front","Daily cattle herd movements in the Logone Floodplain, Cameroon","2011-03-21","12:53:01"
"1923",1923,5476811072,"true",14.9499865441101,11.3033519115104,0.555556,198,323,2,"gps","Bos taurus","misde_cattle2front","misde_cattle2front","Daily cattle herd movements in the Logone Floodplain, Cameroon","2011-03-21","12:54:12"
"1924",1924,5476811082,"true",14.9499315845472,11.3032343325576,0.555556,154,321,1,"gps","Bos taurus","misde_cattle2front","misde_cattle2front","Daily cattle herd movements in the Logone Floodplain, Cameroon","2011-03-21","12:55:14"
"1925",1925,5476811091,"true",14.9499499253151,11.3031529412719,0,0,319,0,"gps","Bos taurus","misde_cattle2front","misde_cattle2front","Daily cattle herd movements in the Logone Floodplain, Cameroon","2011-03-21","12:56:01"
"1926",1926,5476811096,"true",14.9499499253151,11.3031529412719,0.833334,224,319,3,"gps","Bos taurus","misde_cattle2front","misde_cattle2front","Daily cattle herd movements in the Logone Floodplain, Cameroon","2011-03-21","12:57:02"
"1927",1927,5476811100,"true",14.9498857930618,11.3030896236832,0.0277778,154,320,1,"gps","Bos taurus","misde_cattle2front","misde_cattle2front","Daily cattle herd movements in the Logone Floodplain, Cameroon","2011-03-21","12:58:11"
"1928",1928,5476811101,"true",14.9498949579517,11.3030805814131,0.0833334,136,320,2,"gps","Bos taurus","misde_cattle2front","misde_cattle2front","Daily cattle herd movements in the Logone Floodplain, Cameroon","2011-03-21","12:59:11"
"1929",1929,5476811107,"true",14.9498858119123,11.3029810978379,0,0,320,0,"gps","Bos taurus","misde_cattle2front","misde_cattle2front","Daily cattle herd movements in the Logone Floodplain, Cameroon","2011-03-21","13:00:22"
"1930",1930,5476811112,"true",14.9498400000497,11.302953958621,0.0833334,206,319,1,"gps","Bos taurus","misde_cattle2front","misde_cattle2front","Daily cattle herd movements in the Logone Floodplain, Cameroon","2011-03-21","13:01:11"
"1931",1931,5476811115,"true",14.9498216797111,11.3029177802348,0.0833334,270,319,1,"gps","Bos taurus","misde_cattle2front","misde_cattle2front","Daily cattle herd movements in the Logone Floodplain, Cameroon","2011-03-21","13:02:33"
"1932",1932,5476811118,"true",14.9498125195435,11.3028996910413,0.0555556,136,318,1,"gps","Bos taurus","misde_cattle2front","misde_cattle2front","Daily cattle herd movements in the Logone Floodplain, Cameroon","2011-03-21","13:03:04"
"1933",1933,5476811121,"true",14.9498125258361,11.3028635157592,0.0555556,0,318,1,"gps","Bos taurus","misde_cattle2front","misde_cattle2front","Daily cattle herd movements in the Logone Floodplain, Cameroon","2011-03-21","13:04:17"
"1934",1934,5476811123,"true",14.9498216907212,11.3028544734912,0,270,320,1,"gps","Bos taurus","misde_cattle2front","misde_cattle2front","Daily cattle herd movements in the Logone Floodplain, Cameroon","2011-03-21","13:05:29"
"1935",1935,5476811124,"true",14.9498216907212,11.3028544734912,0,0,320,0,"gps","Bos taurus","misde_cattle2front","misde_cattle2front","Daily cattle herd movements in the Logone Floodplain, Cameroon","2011-03-21","13:06:29"
"1936",1936,5476811127,"true",14.9498216891483,11.3028635173117,0.0277778,180,320,1,"gps","Bos taurus","misde_cattle2front","misde_cattle2front","Daily cattle herd movements in the Logone Floodplain, Cameroon","2011-03-21","13:07:07"
"1937",1937,5476811129,"true",14.9498216907212,11.3028544734912,0.0277778,316,319,1,"gps","Bos taurus","misde_cattle2front","misde_cattle2front","Daily cattle herd movements in the Logone Floodplain, Cameroon","2011-03-21","13:08:34"
"1938",1938,5476811130,"true",14.9498125274093,11.3028544719387,0.0277778,90,319,1,"gps","Bos taurus","misde_cattle2front","misde_cattle2front","Daily cattle herd movements in the Logone Floodplain, Cameroon","2011-03-21","13:09:34"
"1939",1939,5476811131,"true",14.9498216907212,11.3028544734912,0.138889,270,319,1,"gps","Bos taurus","misde_cattle2front","misde_cattle2front","Daily cattle herd movements in the Logone Floodplain, Cameroon","2011-03-21","13:10:16"
"1940",1940,5476811134,"true",14.949821692294,11.3028454296706,0.555556,224,318,2,"gps","Bos taurus","misde_cattle2front","misde_cattle2front","Daily cattle herd movements in the Logone Floodplain, Cameroon","2011-03-21","13:11:25"
"1941",1941,5476811136,"true",14.9498125305556,11.3028363842976,0.0277778,90,318,1,"gps","Bos taurus","misde_cattle2front","misde_cattle2front","Daily cattle herd movements in the Logone Floodplain, Cameroon","2011-03-21","13:12:28"
"1942",1942,5476811139,"true",14.9498216938669,11.3028363858501,0.1666668,136,320,2,"gps","Bos taurus","misde_cattle2front","misde_cattle2front","Daily cattle herd movements in the Logone Floodplain, Cameroon","2011-03-21","13:13:09"
"1943",1943,5476811143,"true",14.9498308524605,11.3028635188639,0.0277778,251,318,2,"gps","Bos taurus","misde_cattle2front","misde_cattle2front","Daily cattle herd movements in the Logone Floodplain, Cameroon","2011-03-21","13:14:33"
"1944",1944,5476811144,"true",14.9498125258361,11.3028635157592,0.0555556,0,318,1,"gps","Bos taurus","misde_cattle2front","misde_cattle2front","Daily cattle herd movements in the Logone Floodplain, Cameroon","2011-03-21","13:15:33"
"1945",1945,5476811147,"true",14.9498033578036,11.302890645668,0.0833334,224,318,1,"gps","Bos taurus","misde_cattle2front","misde_cattle2front","Daily cattle herd movements in the Logone Floodplain, Cameroon","2011-03-21","13:16:31"
"1946",1946,5476811149,"true",14.9497941944906,11.3028906441149,0,0,319,0,"gps","Bos taurus","misde_cattle2front","misde_cattle2front","Daily cattle herd movements in the Logone Floodplain, Cameroon","2011-03-21","13:17:05"
"1947",1947,5476811154,"true",14.9497850311776,11.3028906425616,0.0277778,18,317,2,"gps","Bos taurus","misde_cattle2front","misde_cattle2front","Daily cattle herd movements in the Logone Floodplain, Cameroon","2011-03-21","13:18:33"
"1948",1948,5476811155,"true",14.9497941929169,11.3028996879355,0.0277778,90,317,1,"gps","Bos taurus","misde_cattle2front","misde_cattle2front","Daily cattle herd movements in the Logone Floodplain, Cameroon","2011-03-21","13:19:28"
"1949",1949,5476811157,"true",14.9498033562302,11.3028996894885,0,0,317,0,"gps","Bos taurus","misde_cattle2front","misde_cattle2front","Daily cattle herd movements in the Logone Floodplain, Cameroon","2011-03-21","13:20:07"
"1950",1950,5476811162,"true",14.9497941897694,11.3029177755765,0.0555556,297,316,1,"gps","Bos taurus","misde_cattle2front","misde_cattle2front","Daily cattle herd movements in the Logone Floodplain, Cameroon","2011-03-21","13:21:06"
"1951",1951,5476811165,"true",14.9497850264555,11.3029177740231,0.0277778,90,316,1,"gps","Bos taurus","misde_cattle2front","misde_cattle2front","Daily cattle herd movements in the Logone Floodplain, Cameroon","2011-03-21","13:22:15"
"1952",1952,5476811168,"true",14.9498033546567,11.302908733309,0.0833334,316,317,1,"gps","Bos taurus","misde_cattle2front","misde_cattle2front","Daily cattle herd movements in the Logone Floodplain, Cameroon","2011-03-21","13:23:42"
"1953",1953,5476811170,"true",14.9497941897694,11.3029177755765,0.0833334,251,317,2,"gps","Bos taurus","misde_cattle2front","misde_cattle2front","Daily cattle herd movements in the Logone Floodplain, Cameroon","2011-03-21","13:24:17"
"1954",1954,5476811172,"true",14.9497758662902,11.3028996848285,0.3333336,26,315,1,"gps","Bos taurus","misde_cattle2front","misde_cattle2front","Daily cattle herd movements in the Logone Floodplain, Cameroon","2011-03-21","13:25:28"
"1955",1955,5476811174,"true",14.9497850280295,11.3029087302026,0.555556,117,315,1,"gps","Bos taurus","misde_cattle2front","misde_cattle2front","Daily cattle herd movements in the Logone Floodplain, Cameroon","2011-03-21","13:26:04"
"1956",1956,5476811190,"true",14.9500140795329,11.303089645361,0.0833334,29,320,5,"gps","Bos taurus","misde_cattle2front","misde_cattle2front","Daily cattle herd movements in the Logone Floodplain, Cameroon","2011-03-21","13:27:02"
"1957",1957,5476811191,"true",14.9500415632271,11.3031258252808,0.0555556,63,319,1,"gps","Bos taurus","misde_cattle2front","misde_cattle2front","Daily cattle herd movements in the Logone Floodplain, Cameroon","2011-03-21","13:28:02"
"1958",1958,5476811199,"true",14.9501789864861,11.3032795933792,0.555556,26,321,1,"gps","Bos taurus","misde_cattle2front","misde_cattle2front","Daily cattle herd movements in the Logone Floodplain, Cameroon","2011-03-21","13:29:05"
"1959",1959,5476811213,"true",14.9503805438714,11.3034876350873,0.833334,56,321,2,"gps","Bos taurus","misde_cattle2front","misde_cattle2front","Daily cattle herd movements in the Logone Floodplain, Cameroon","2011-03-21","13:30:48"
"1960",1960,5476811217,"true",14.9504538458686,11.3035147788201,0.555556,71,320,2,"gps","Bos taurus","misde_cattle2front","misde_cattle2front","Daily cattle herd movements in the Logone Floodplain, Cameroon","2011-03-21","13:31:05"
"1961",1961,5476811228,"true",14.9505729583511,11.3035781054652,0.833334,63,320,3,"gps","Bos taurus","misde_cattle2front","misde_cattle2front","Daily cattle herd movements in the Logone Floodplain, Cameroon","2011-03-21","13:32:02"
"1962",1962,5476811232,"true",14.950618770382,11.3036052445683,0,270,322,1,"gps","Bos taurus","misde_cattle2front","misde_cattle2front","Daily cattle herd movements in the Logone Floodplain, Cameroon","2011-03-21","13:33:24"
"1963",1963,5476811233,"true",14.9506096070462,11.3036052430404,0.833334,76,321,2,"gps","Bos taurus","misde_cattle2front","misde_cattle2front","Daily cattle herd movements in the Logone Floodplain, Cameroon","2011-03-21","13:34:14"
"1964",1964,5476811249,"true",14.9509119971296,11.3036052933126,0.833334,104,321,2,"gps","Bos taurus","misde_cattle2front","misde_cattle2front","Daily cattle herd movements in the Logone Floodplain, Cameroon","2011-03-21","13:35:02"
"1965",1965,5476811261,"true",14.9510127830749,11.303668616743,0.3055558,0,318,1,"gps","Bos taurus","misde_cattle2front","misde_cattle2front","Daily cattle herd movements in the Logone Floodplain, Cameroon","2011-03-21","13:36:00"
"1966",1966,5476811264,"true",14.9509852853787,11.3037138312959,0.2222224,316,320,1,"gps","Bos taurus","misde_cattle2front","misde_cattle2front","Daily cattle herd movements in the Logone Floodplain, Cameroon","2011-03-21","13:37:07"
"1967",1967,5476811273,"true",14.9510311036104,11.3037047950545,0.555556,44,317,2,"gps","Bos taurus","misde_cattle2front","misde_cattle2front","Daily cattle herd movements in the Logone Floodplain, Cameroon","2011-03-21","13:38:01"
"1968",1968,5476811293,"true",14.9511318497864,11.3040032577667,0.0277778,90,318,1,"gps","Bos taurus","misde_cattle2front","misde_cattle2front","Daily cattle herd movements in the Logone Floodplain, Cameroon","2011-03-21","13:39:01"
"1969",1969,5476811295,"true",14.95112268797,11.3039942124345,0.1944446,90,316,1,"gps","Bos taurus","misde_cattle2front","misde_cattle2front","Daily cattle herd movements in the Logone Floodplain, Cameroon","2011-03-21","13:40:17"
"1970",1970,5476811297,"true",14.9511501780148,11.30399421697,0.555556,63,323,1,"gps","Bos taurus","misde_cattle2front","misde_cattle2front","Daily cattle herd movements in the Logone Floodplain, Cameroon","2011-03-21","13:41:14"
"1971",1971,5476811301,"true",14.9511226803088,11.3040394315346,0.555556,26,319,1,"gps","Bos taurus","misde_cattle2front","misde_cattle2front","Daily cattle herd movements in the Logone Floodplain, Cameroon","2011-03-21","13:42:23"
"1972",1972,5476811308,"true",14.9512051351595,11.3041298833333,0.555556,342,319,2,"gps","Bos taurus","misde_cattle2front","misde_cattle2front","Daily cattle herd movements in the Logone Floodplain, Cameroon","2011-03-21","13:43:13"
"1973",1973,5476811318,"true",14.9510768328864,11.3042203003685,0.555556,289,318,2,"gps","Bos taurus","misde_cattle2front","misde_cattle2front","Daily cattle herd movements in the Logone Floodplain, Cameroon","2011-03-21","13:44:01"
"1974",1974,5476811337,"true",14.9507652602804,11.3043287745765,0.833334,304,318,2,"gps","Bos taurus","misde_cattle2front","misde_cattle2front","Daily cattle herd movements in the Logone Floodplain, Cameroon","2011-03-21","13:45:02"
"1975",1975,5476811355,"true",14.950453685888,11.3044462922745,0.833334,284,319,2,"gps","Bos taurus","misde_cattle2front","misde_cattle2front","Daily cattle herd movements in the Logone Floodplain, Cameroon","2011-03-21","13:46:03"
"1976",1976,5476811371,"true",14.9502428864327,11.3046904400683,0.833334,270,320,2,"gps","Bos taurus","misde_cattle2front","misde_cattle2front","Daily cattle herd movements in the Logone Floodplain, Cameroon","2011-03-21","13:47:01"
"1977",1977,5476811384,"true",14.9500138037438,11.304681357671,0.0555556,270,318,1,"gps","Bos taurus","misde_cattle2front","misde_cattle2front","Daily cattle herd movements in the Logone Floodplain, Cameroon","2011-03-21","13:48:04"
"1978",1978,5476811389,"true",14.9499954770039,11.3046813545771,0.0555556,270,318,1,"gps","Bos taurus","misde_cattle2front","misde_cattle2front","Daily cattle herd movements in the Logone Floodplain, Cameroon","2011-03-21","13:49:09"
"1979",1979,5476811397,"true",14.949885532276,11.3045908977953,0.555556,270,320,2,"gps","Bos taurus","misde_cattle2front","misde_cattle2front","Daily cattle herd movements in the Logone Floodplain, Cameroon","2011-03-21","13:50:08"
"1980",1980,5476811410,"true",14.9496747748343,11.3045908620563,0.833334,284,321,2,"gps","Bos taurus","misde_cattle2front","misde_cattle2front","Daily cattle herd movements in the Logone Floodplain, Cameroon","2011-03-21","13:51:07"
"1981",1981,5476811426,"true",14.9493357191372,11.304654110984,1.111112,270,321,3,"gps","Bos taurus","misde_cattle2front","misde_cattle2front","Daily cattle herd movements in the Logone Floodplain, Cameroon","2011-03-21","13:52:01"
"1982",1982,5476811441,"true",14.9490608228594,11.3046269323694,0.833334,243,320,3,"gps","Bos taurus","misde_cattle2front","misde_cattle2front","Daily cattle herd movements in the Logone Floodplain, Cameroon","2011-03-21","13:53:02"
"1983",1983,5476811461,"true",14.9486668141267,11.3045364261402,0.555556,270,320,2,"gps","Bos taurus","misde_cattle2front","misde_cattle2front","Daily cattle herd movements in the Logone Floodplain, Cameroon","2011-03-21","13:54:02"
"1984",1984,5476811477,"true",14.9483186143534,11.3044911464829,0.1944446,270,321,1,"gps","Bos taurus","misde_cattle2front","misde_cattle2front","Daily cattle herd movements in the Logone Floodplain, Cameroon","2011-03-21","13:55:07"
"1985",1985,5476811494,"true",14.9479520895986,11.304436819377,1.111112,258,323,3,"gps","Bos taurus","misde_cattle2front","misde_cattle2front","Daily cattle herd movements in the Logone Floodplain, Cameroon","2011-03-21","13:56:01"
"1986",1986,5476811514,"true",14.9474664445966,11.3043643830727,1.111112,258,320,3,"gps","Bos taurus","misde_cattle2front","misde_cattle2front","Daily cattle herd movements in the Logone Floodplain, Cameroon","2011-03-21","13:57:02"
"1987",1987,5476811534,"true",14.9469899731702,11.3042376846974,0.138889,270,320,1,"gps","Bos taurus","misde_cattle2front","misde_cattle2front","Daily cattle herd movements in the Logone Floodplain, Cameroon","2011-03-21","13:58:02"
"1988",1988,5476811550,"true",14.9466784274452,11.304192409672,1.111112,280,321,4,"gps","Bos taurus","misde_cattle2front","misde_cattle2front","Daily cattle herd movements in the Logone Floodplain, Cameroon","2011-03-21","13:59:00"
"1989",1989,5476811570,"true",14.9460919711071,11.3042013473241,0.833334,270,320,2,"gps","Bos taurus","misde_cattle2front","misde_cattle2front","Daily cattle herd movements in the Logone Floodplain, Cameroon","2011-03-21","14:00:00"
"1990",1990,5476811588,"true",14.9457071255538,11.3041198826484,0.277778,224,319,1,"gps","Bos taurus","misde_cattle2front","misde_cattle2front","Daily cattle herd movements in the Logone Floodplain, Cameroon","2011-03-21","14:01:03"
"1991",1991,5476811607,"true",14.9451848299879,11.3040383920655,1.111112,270,320,4,"gps","Bos taurus","misde_cattle2front","misde_cattle2front","Daily cattle herd movements in the Logone Floodplain, Cameroon","2011-03-21","14:02:00"
"1992",1992,5476811627,"true",14.9446167110459,11.3039930672746,1.111112,282,319,3,"gps","Bos taurus","misde_cattle2front","misde_cattle2front","Daily cattle herd movements in the Logone Floodplain, Cameroon","2011-03-21","14:03:00"
"1993",1993,5476811647,"true",14.944103577619,11.3039206203191,1.111112,248,319,3,"gps","Bos taurus","misde_cattle2front","misde_cattle2front","Daily cattle herd movements in the Logone Floodplain, Cameroon","2011-03-21","14:04:00"
"1994",1994,5476811667,"true",14.943617943319,11.3038029586148,1.111112,251,320,4,"gps","Bos taurus","misde_cattle2front","misde_cattle2front","Daily cattle herd movements in the Logone Floodplain, Cameroon","2011-03-21","14:05:01"
"1995",1995,5476811683,"true",14.9432880683745,11.3037757641749,0.555556,243,320,1,"gps","Bos taurus","misde_cattle2front","misde_cattle2front","Daily cattle herd movements in the Logone Floodplain, Cameroon","2011-03-21","14:06:00"
"1996",1996,5476811697,"true",14.9429765165973,11.3037666605349,1.111112,270,321,3,"gps","Bos taurus","misde_cattle2front","misde_cattle2front","Daily cattle herd movements in the Logone Floodplain, Cameroon","2011-03-21","14:07:02"
"1997",1997,5476811717,"true",14.9423992261914,11.3037665488239,1.111112,248,319,3,"gps","Bos taurus","misde_cattle2front","misde_cattle2front","Daily cattle herd movements in the Logone Floodplain, Cameroon","2011-03-21","14:08:02"
"1998",1998,5476811737,"true",14.941812777924,11.3037393027311,1.111112,270,319,4,"gps","Bos taurus","misde_cattle2front","misde_cattle2front","Daily cattle herd movements in the Logone Floodplain, Cameroon","2011-03-21","14:09:02"
"1999",1999,5476811753,"true",14.9414645765569,11.3037121026603,0.1944446,270,320,1,"gps","Bos taurus","misde_cattle2front","misde_cattle2front","Daily cattle herd movements in the Logone Floodplain, Cameroon","2011-03-21","14:10:03"
"2000",2000,5476811770,"true",14.9411347130031,11.3036306429109,1.111112,270,321,3,"gps","Bos taurus","misde_cattle2front","misde_cattle2front","Daily cattle herd movements in the Logone Floodplain, Cameroon","2011-03-21","14:11:01"
"2001",2001,5476811782,"true",14.9408231688822,11.3035853617318,0.555556,251,321,2,"gps","Bos taurus","misde_cattle2front","misde_cattle2front","Daily cattle herd movements in the Logone Floodplain, Cameroon","2011-03-21","14:12:00"
"2002",2002,5476811796,"true",14.9406490711234,11.3035581954383,0.833334,284,322,2,"gps","Bos taurus","misde_cattle2front","misde_cattle2front","Daily cattle herd movements in the Logone Floodplain, Cameroon","2011-03-21","14:13:03"
"2003",2003,5476811815,"true",14.9402000528203,11.3036304556714,0.1666668,316,323,1,"gps","Bos taurus","misde_cattle2front","misde_cattle2front","Daily cattle herd movements in the Logone Floodplain, Cameroon","2011-03-21","14:14:00"
"2004",2004,5476811825,"true",14.9400076190235,11.303648504393,0.555556,270,322,2,"gps","Bos taurus","misde_cattle2front","misde_cattle2front","Daily cattle herd movements in the Logone Floodplain, Cameroon","2011-03-21","14:15:00"
"2005",2005,5476811837,"true",14.9398518460898,11.3036303851614,0.555556,243,321,1,"gps","Bos taurus","misde_cattle2front","misde_cattle2front","Daily cattle herd movements in the Logone Floodplain, Cameroon","2011-03-21","14:16:01"
"2006",2006,5476811852,"true",14.939586120739,11.3035760681645,0.3055558,270,321,2,"gps","Bos taurus","misde_cattle2front","misde_cattle2front","Daily cattle herd movements in the Logone Floodplain, Cameroon","2011-03-21","14:17:03"
"2007",2007,5476811867,"true",14.9392837307438,11.303576006329,0.1111112,270,321,2,"gps","Bos taurus","misde_cattle2front","misde_cattle2front","Daily cattle herd movements in the Logone Floodplain, Cameroon","2011-03-21","14:18:02"
"2008",2008,5476811878,"true",14.93910046599,11.3035669248843,0,0,320,0,"gps","Bos taurus","misde_cattle2front","misde_cattle2front","Daily cattle herd movements in the Logone Floodplain, Cameroon","2011-03-21","14:19:00"
"2009",2009,5476811892,"true",14.9389080455761,11.3035216661624,0.555556,270,321,2,"gps","Bos taurus","misde_cattle2front","misde_cattle2front","Daily cattle herd movements in the Logone Floodplain, Cameroon","2011-03-21","14:20:02"
"2010",2010,5476811904,"true",14.9386789661369,11.3035035311846,1.111112,270,319,3,"gps","Bos taurus","misde_cattle2front","misde_cattle2front","Daily cattle herd movements in the Logone Floodplain, Cameroon","2011-03-21","14:21:02"
"2011",2011,5476811914,"true",14.9385506775802,11.3035125484147,0.3055558,270,319,2,"gps","Bos taurus","misde_cattle2front","misde_cattle2front","Daily cattle herd movements in the Logone Floodplain, Cameroon","2011-03-21","14:22:02"
"2012",2012,5476811925,"true",14.9384040642842,11.30351251796,0.2500002,270,321,2,"gps","Bos taurus","misde_cattle2front","misde_cattle2front","Daily cattle herd movements in the Logone Floodplain, Cameroon","2011-03-21","14:23:14"
"2013",2013,5476811930,"true",14.9383490842982,11.3035125065208,0.3888892,270,320,1,"gps","Bos taurus","misde_cattle2front","misde_cattle2front","Daily cattle herd movements in the Logone Floodplain, Cameroon","2011-03-21","14:24:08"
"2014",2014,5476811940,"true",14.9381841443408,11.3035124721419,1.111112,260,319,4,"gps","Bos taurus","misde_cattle2front","misde_cattle2front","Daily cattle herd movements in the Logone Floodplain, Cameroon","2011-03-21","14:25:02"
"2015",2015,5476811952,"true",14.9379733935625,11.3034852966247,0.138889,270,319,1,"gps","Bos taurus","misde_cattle2front","misde_cattle2front","Daily cattle herd movements in the Logone Floodplain, Cameroon","2011-03-21","14:26:04"
"2016",2016,5476811967,"true",14.9377351489335,11.3034762028165,0.0555556,297,321,1,"gps","Bos taurus","misde_cattle2front","misde_cattle2front","Daily cattle herd movements in the Logone Floodplain, Cameroon","2011-03-21","14:27:02"
"2017",2017,5476811975,"true",14.9376160295584,11.3034580901131,0.833334,270,320,2,"gps","Bos taurus","misde_cattle2front","misde_cattle2front","Daily cattle herd movements in the Logone Floodplain, Cameroon","2011-03-21","14:28:01"
"2018",2018,5476811990,"true",14.9373869482935,11.3034489979548,0.277778,224,321,1,"gps","Bos taurus","misde_cattle2front","misde_cattle2front","Daily cattle herd movements in the Logone Floodplain, Cameroon","2011-03-21","14:29:02"
"2019",2019,5476812006,"true",14.9371212058459,11.303476073113,0.3055558,270,319,2,"gps","Bos taurus","misde_cattle2front","misde_cattle2front","Daily cattle herd movements in the Logone Floodplain, Cameroon","2011-03-21","14:30:08"
"2020",2020,5476812020,"true",14.9369196145723,11.3034669864281,0.1111112,270,320,2,"gps","Bos taurus","misde_cattle2front","misde_cattle2front","Daily cattle herd movements in the Logone Floodplain, Cameroon","2011-03-21","14:31:01"
"2021",2021,5476812033,"true",14.9367363400543,11.3035031226117,0.3333336,297,321,1,"gps","Bos taurus","misde_cattle2front","misde_cattle2front","Daily cattle herd movements in the Logone Floodplain, Cameroon","2011-03-21","14:32:02"
"2022",2022,5476812050,"true",14.9364797608302,11.3035301991508,0.2222224,297,319,1,"gps","Bos taurus","misde_cattle2front","misde_cattle2front","Daily cattle herd movements in the Logone Floodplain, Cameroon","2011-03-21","14:33:00"
"2023",2023,5476812065,"true",14.9362231935545,11.3035030125594,0.138889,256,320,2,"gps","Bos taurus","misde_cattle2front","misde_cattle2front","Daily cattle herd movements in the Logone Floodplain, Cameroon","2011-03-21","14:34:05"
"2024",2024,5476812071,"true",14.9361315642557,11.3034849051777,0.3333336,206,320,1,"gps","Bos taurus","misde_cattle2front","misde_cattle2front","Daily cattle herd movements in the Logone Floodplain, Cameroon","2011-03-21","14:35:06"
"2025",2025,5476812084,"true",14.9360124469871,11.303457748012,0.1111112,270,321,1,"gps","Bos taurus","misde_cattle2front","misde_cattle2front","Daily cattle herd movements in the Logone Floodplain, Cameroon","2011-03-21","14:36:05"
"2026",2026,5476812095,"true",14.9358841704329,11.3034125011789,0.3333336,270,321,2,"gps","Bos taurus","misde_cattle2front","misde_cattle2front","Daily cattle herd movements in the Logone Floodplain, Cameroon","2011-03-21","14:37:02"
"2027",2027,5476812106,"true",14.935746726565,11.3033853399386,0.3055558,251,320,2,"gps","Bos taurus","misde_cattle2front","misde_cattle2front","Daily cattle herd movements in the Logone Floodplain, Cameroon","2011-03-21","14:38:01"
"2028",2028,5476812116,"true",14.9356276033208,11.3033853140722,0.3333336,297,321,1,"gps","Bos taurus","misde_cattle2front","misde_cattle2front","Daily cattle herd movements in the Logone Floodplain, Cameroon","2011-03-21","14:39:02"
"2029",2029,5476812130,"true",14.935444336792,11.3033852741843,0.2222224,270,321,1,"gps","Bos taurus","misde_cattle2front","misde_cattle2front","Daily cattle herd movements in the Logone Floodplain, Cameroon","2011-03-21","14:40:09"
"2030",2030,5476812142,"true",14.9352610702638,11.3033852341829,0.555556,270,322,2,"gps","Bos taurus","misde_cattle2front","misde_cattle2front","Daily cattle herd movements in the Logone Floodplain, Cameroon","2011-03-21","14:41:02"
"2031",2031,5476812154,"true",14.9351327694607,11.3034485128395,0.1111112,270,322,1,"gps","Bos taurus","misde_cattle2front","misde_cattle2front","Daily cattle herd movements in the Logone Floodplain, Cameroon","2011-03-21","14:42:18"
"2032",2032,5476812167,"true",14.9349403375257,11.3034575144502,0.3888892,270,320,1,"gps","Bos taurus","misde_cattle2front","misde_cattle2front","Daily cattle herd movements in the Logone Floodplain, Cameroon","2011-03-21","14:43:03"
"2033",2033,5476812181,"true",14.9347845629836,11.3034484363732,0.833334,256,320,2,"gps","Bos taurus","misde_cattle2front","misde_cattle2front","Daily cattle herd movements in the Logone Floodplain, Cameroon","2011-03-21","14:44:02"
"2034",2034,5476812191,"true",14.9346287905009,11.3034303143966,0.138889,270,320,1,"gps","Bos taurus","misde_cattle2front","misde_cattle2front","Daily cattle herd movements in the Logone Floodplain, Cameroon","2011-03-21","14:45:00"
"2035",2035,5476812199,"true",14.9345280021057,11.3033941168612,1.111112,210,320,3,"gps","Bos taurus","misde_cattle2front","misde_cattle2front","Daily cattle herd movements in the Logone Floodplain, Cameroon","2011-03-21","14:46:01"
"2036",2036,5476812218,"true",14.9340973898008,11.3031136629947,0.3055558,270,319,1,"gps","Bos taurus","misde_cattle2front","misde_cattle2front","Daily cattle herd movements in the Logone Floodplain, Cameroon","2011-03-21","14:47:01"
"2037",2037,5476812231,"true",14.933868337957,11.3029779546668,0.833334,256,320,2,"gps","Bos taurus","misde_cattle2front","misde_cattle2front","Daily cattle herd movements in the Logone Floodplain, Cameroon","2011-03-21","14:48:01"
"2038",2038,5476812247,"true",14.9336484309198,11.3029236425759,0,0,320,0,"gps","Bos taurus","misde_cattle2front","misde_cattle2front","Daily cattle herd movements in the Logone Floodplain, Cameroon","2011-03-21","14:49:00"
"2039",2039,5476812263,"true",14.9334468589301,11.3028331591688,0.1666668,224,320,3,"gps","Bos taurus","misde_cattle2front","misde_cattle2front","Daily cattle herd movements in the Logone Floodplain, Cameroon","2011-03-21","14:50:00"
"2040",2040,5476812274,"true",14.933309426026,11.3027607777097,0.555556,224,320,2,"gps","Bos taurus","misde_cattle2front","misde_cattle2front","Daily cattle herd movements in the Logone Floodplain, Cameroon","2011-03-21","14:51:02"
"2041",2041,5476812286,"true",14.9332361593379,11.3025889286539,0.833334,154,321,3,"gps","Bos taurus","misde_cattle2front","misde_cattle2front","Daily cattle herd movements in the Logone Floodplain, Cameroon","2011-03-21","14:52:02"
"2042",2042,5476812302,"true",14.9332178871609,11.3023537852523,0.138889,206,321,1,"gps","Bos taurus","misde_cattle2front","misde_cattle2front","Daily cattle herd movements in the Logone Floodplain, Cameroon","2011-03-21","14:53:01"
"2043",2043,5476812310,"true",14.9332270713834,11.3022633491362,0.1666668,154,322,1,"gps","Bos taurus","misde_cattle2front","misde_cattle2front","Daily cattle herd movements in the Logone Floodplain, Cameroon","2011-03-21","14:54:05"
"2044",2044,5476812321,"true",14.9332179248386,11.3021909965245,0.3888892,0,322,1,"gps","Bos taurus","misde_cattle2front","misde_cattle2front","Daily cattle herd movements in the Logone Floodplain, Cameroon","2011-03-21","14:55:02"
"2045",2045,5476812331,"true",14.933144614343,11.3022090676247,0.555556,243,321,1,"gps","Bos taurus","misde_cattle2front","misde_cattle2front","Daily cattle herd movements in the Logone Floodplain, Cameroon","2011-03-21","14:56:09"
"2046",2046,5476812343,"true",14.9330530024401,11.3021186087464,0.0833334,180,321,1,"gps","Bos taurus","misde_cattle2front","misde_cattle2front","Daily cattle herd movements in the Logone Floodplain, Cameroon","2011-03-21","14:57:04"
"2047",2047,5476812357,"true",14.9329430619273,11.3020371895097,0.1944446,0,321,1,"gps","Bos taurus","misde_cattle2front","misde_cattle2front","Daily cattle herd movements in the Logone Floodplain, Cameroon","2011-03-21","14:58:02"
"2048",2048,5476812361,"true",14.9329155657699,11.3020643147401,0.2222224,334,322,1,"gps","Bos taurus","misde_cattle2front","misde_cattle2front","Daily cattle herd movements in the Logone Floodplain, Cameroon","2011-03-21","14:59:02"
"2049",2049,5476812370,"true",14.9329888573395,11.3021276380608,0.1666668,44,324,1,"gps","Bos taurus","misde_cattle2front","misde_cattle2front","Daily cattle herd movements in the Logone Floodplain, Cameroon","2011-03-21","15:00:37"
"2050",2050,5476812376,"true",14.9330255062853,11.302145733987,0.2222224,18,324,2,"gps","Bos taurus","misde_cattle2front","misde_cattle2front","Daily cattle herd movements in the Logone Floodplain, Cameroon","2011-03-21","15:01:06"
"2051",2051,5476812388,"true",14.932897230789,11.3021004858622,0.3888892,270,324,1,"gps","Bos taurus","misde_cattle2front","misde_cattle2front","Daily cattle herd movements in the Logone Floodplain, Cameroon","2011-03-21","15:02:00"
"2052",2052,5476812404,"true",14.9327323127404,11.3020100102693,0.1944446,236,323,2,"gps","Bos taurus","misde_cattle2front","misde_cattle2front","Daily cattle herd movements in the Logone Floodplain, Cameroon","2011-03-21","15:03:01"
"2053",2053,5476812412,"true",14.9326223639127,11.3019647661869,0.1944446,270,322,1,"gps","Bos taurus","misde_cattle2front","misde_cattle2front","Daily cattle herd movements in the Logone Floodplain, Cameroon","2011-03-21","15:04:01"
"2054",2054,5476812428,"true",14.9324482721644,11.301919507443,0.555556,270,320,2,"gps","Bos taurus","misde_cattle2front","misde_cattle2front","Daily cattle herd movements in the Logone Floodplain, Cameroon","2011-03-21","15:05:00"
"2055",2055,5476812444,"true",14.9323108378257,11.3018561693383,0.277778,224,322,1,"gps","Bos taurus","misde_cattle2front","misde_cattle2front","Daily cattle herd movements in the Logone Floodplain, Cameroon","2011-03-21","15:06:01"
"2056",2056,5476812459,"true",14.9321734163028,11.30173856826,0.1111112,297,321,1,"gps","Bos taurus","misde_cattle2front","misde_cattle2front","Daily cattle herd movements in the Logone Floodplain, Cameroon","2011-03-21","15:07:00"
"2057",2057,5476812471,"true",14.9320543107837,11.3016661904137,0.3333336,243,322,1,"gps","Bos taurus","misde_cattle2front","misde_cattle2front","Daily cattle herd movements in the Logone Floodplain, Cameroon","2011-03-21","15:08:02"
"2058",2058,5476812482,"true",14.9319077112497,11.3016118938386,0,0,322,0,"gps","Bos taurus","misde_cattle2front","misde_cattle2front","Daily cattle herd movements in the Logone Floodplain, Cameroon","2011-03-21","15:09:07"
"2059",2059,5476812489,"true",14.9318344157763,11.3015666578871,0.555556,243,322,1,"gps","Bos taurus","misde_cattle2front","misde_cattle2front","Daily cattle herd movements in the Logone Floodplain, Cameroon","2011-03-21","15:10:11"
"2060",2060,5476812497,"true",14.931761120326,11.3015214219175,0.138889,0,319,1,"gps","Bos taurus","misde_cattle2front","misde_cattle2front","Daily cattle herd movements in the Logone Floodplain, Cameroon","2011-03-21","15:11:01"
"2061",2061,5476812506,"true",14.9317061364459,11.3015394968841,0.0555556,297,320,1,"gps","Bos taurus","misde_cattle2front","misde_cattle2front","Daily cattle herd movements in the Logone Floodplain, Cameroon","2011-03-21","15:12:01"
"2062",2062,5476812513,"true",14.9316603243941,11.301521398681,0.555556,297,320,1,"gps","Bos taurus","misde_cattle2front","misde_cattle2front","Daily cattle herd movements in the Logone Floodplain, Cameroon","2011-03-21","15:13:02"
"2063",2063,5476812526,"true",14.9315595306075,11.301512331592,0.0555556,270,322,1,"gps","Bos taurus","misde_cattle2front","misde_cattle2front","Daily cattle herd movements in the Logone Floodplain, Cameroon","2011-03-21","15:14:01"
"2064",2064,5476812536,"true",14.931458743272,11.3014761330136,0.1111112,243,319,1,"gps","Bos taurus","misde_cattle2front","misde_cattle2front","Daily cattle herd movements in the Logone Floodplain, Cameroon","2011-03-21","15:15:05"
"2065",2065,5476812542,"true",14.9313946068673,11.3014489867103,0.0277778,224,320,1,"gps","Bos taurus","misde_cattle2front","misde_cattle2front","Daily cattle herd movements in the Logone Floodplain, Cameroon","2011-03-21","15:16:07"
"2066",2066,5476812551,"true",14.9313304790835,11.3013856651195,0.1666668,224,321,1,"gps","Bos taurus","misde_cattle2front","misde_cattle2front","Daily cattle herd movements in the Logone Floodplain, Cameroon","2011-03-21","15:17:01"
"2067",2067,5476812561,"true",14.9312296875106,11.3013675541001,0.138889,270,321,2,"gps","Bos taurus","misde_cattle2front","misde_cattle2front","Daily cattle herd movements in the Logone Floodplain, Cameroon","2011-03-21","15:18:01"
"2068",2068,5476812571,"true",14.9311288916336,11.3013675306832,0.555556,243,323,1,"gps","Bos taurus","misde_cattle2front","misde_cattle2front","Daily cattle herd movements in the Logone Floodplain, Cameroon","2011-03-21","15:19:01"
"2069",2069,5476812580,"true",14.9310189389811,11.3013403736433,0.277778,224,320,1,"gps","Bos taurus","misde_cattle2front","misde_cattle2front","Daily cattle herd movements in the Logone Floodplain, Cameroon","2011-03-21","15:20:34"
"2070",2070,5476812585,"true",14.9309364782934,11.3013041791545,0.555556,224,319,2,"gps","Bos taurus","misde_cattle2front","misde_cattle2front","Daily cattle herd movements in the Logone Floodplain, Cameroon","2011-03-21","15:21:20"
"2071",2071,5476812593,"true",14.9308631830517,11.3012589429631,0.138889,213,321,2,"gps","Bos taurus","misde_cattle2front","misde_cattle2front","Daily cattle herd movements in the Logone Floodplain, Cameroon","2011-03-21","15:22:04"
"2072",2072,5476812601,"true",14.9308632090533,11.3011504171421,0.555556,198,320,2,"gps","Bos taurus","misde_cattle2front","misde_cattle2front","Daily cattle herd movements in the Logone Floodplain, Cameroon","2011-03-21","15:23:06"
"2073",2073,5476812611,"true",14.9307807506089,11.3011051787915,0,0,319,0,"gps","Bos taurus","misde_cattle2front","misde_cattle2front","Daily cattle herd movements in the Logone Floodplain, Cameroon","2011-03-21","15:24:06"
"2074",2074,5476812620,"true",14.9307257841166,11.301050903029,0.138889,180,320,1,"gps","Bos taurus","misde_cattle2front","misde_cattle2front","Daily cattle herd movements in the Logone Floodplain, Cameroon","2011-03-21","15:25:01"
"2075",2075,5476812627,"true",14.9306891463165,11.3009875877262,0.555556,198,320,2,"gps","Bos taurus","misde_cattle2front","misde_cattle2front","Daily cattle herd movements in the Logone Floodplain, Cameroon","2011-03-21","15:26:15"
"2076",2076,5476812635,"true",14.9306616804721,11.3008880992893,0.138889,180,319,1,"gps","Bos taurus","misde_cattle2front","misde_cattle2front","Daily cattle herd movements in the Logone Floodplain, Cameroon","2011-03-21","15:27:00"
"2077",2077,5476812646,"true",14.9306250557517,11.3007705210663,0.1111112,180,319,1,"gps","Bos taurus","misde_cattle2front","misde_cattle2front","Daily cattle herd movements in the Logone Floodplain, Cameroon","2011-03-21","15:28:05"
"2078",2078,5476812656,"true",14.9306159164282,11.300671036915,0.0555556,180,320,4,"gps","Bos taurus","misde_cattle2front","misde_cattle2front","Daily cattle herd movements in the Logone Floodplain, Cameroon","2011-03-21","15:29:07"
"2079",2079,5476812657,"true",14.9306159229516,11.3006439054589,0.0555556,224,319,1,"gps","Bos taurus","misde_cattle2front","misde_cattle2front","Daily cattle herd movements in the Logone Floodplain, Cameroon","2011-03-21","15:30:07"
"2080",2080,5476812665,"true",14.9305792830512,11.30058963396,0.2222224,243,319,1,"gps","Bos taurus","misde_cattle2front","misde_cattle2front","Daily cattle herd movements in the Logone Floodplain, Cameroon","2011-03-21","15:31:04"
"2081",2081,5476812673,"true",14.9305151556372,11.3005263121912,0.833334,213,318,2,"gps","Bos taurus","misde_cattle2front","misde_cattle2front","Daily cattle herd movements in the Logone Floodplain, Cameroon","2011-03-21","15:32:16"
"2082",2082,5476812682,"true",14.9304602045598,11.3004087296467,1.111112,216,318,3,"gps","Bos taurus","misde_cattle2front","misde_cattle2front","Daily cattle herd movements in the Logone Floodplain, Cameroon","2011-03-21","15:33:25"
"2083",2083,5476812689,"true",14.9303960837558,11.3003182763953,0.277778,136,320,1,"gps","Bos taurus","misde_cattle2front","misde_cattle2front","Daily cattle herd movements in the Logone Floodplain, Cameroon","2011-03-21","15:34:16"
"2084",2084,5476812698,"true",14.9303594461204,11.3002549610495,0.555556,224,320,2,"gps","Bos taurus","misde_cattle2front","misde_cattle2front","Daily cattle herd movements in the Logone Floodplain, Cameroon","2011-03-21","15:35:07"
"2085",2085,5476812703,"true",14.9303319782747,11.3001645163972,0.2222224,206,320,1,"gps","Bos taurus","misde_cattle2front","misde_cattle2front","Daily cattle herd movements in the Logone Floodplain, Cameroon","2011-03-21","15:36:03"
"2086",2086,5476812712,"true",14.9303045038939,11.3001012031988,0.277778,224,320,1,"gps","Bos taurus","misde_cattle2front","misde_cattle2front","Daily cattle herd movements in the Logone Floodplain, Cameroon","2011-03-21","15:37:00"
"2087",2087,5476812722,"true",14.930231217802,11.3000197915738,0.833334,224,319,3,"gps","Bos taurus","misde_cattle2front","misde_cattle2front","Daily cattle herd movements in the Logone Floodplain, Cameroon","2011-03-21","15:38:02"
"2088",2088,5476812734,"true",14.9301304202084,11.3000288116389,0.3888892,0,318,1,"gps","Bos taurus","misde_cattle2front","misde_cattle2front","Daily cattle herd movements in the Logone Floodplain, Cameroon","2011-03-21","15:39:00"
"2089",2089,5476812738,"true",14.9301120828202,11.3000740264112,0.1111112,316,318,1,"gps","Bos taurus","misde_cattle2front","misde_cattle2front","Daily cattle herd movements in the Logone Floodplain, Cameroon","2011-03-21","15:40:09"
"2090",2090,5476812748,"true",14.9299837779893,11.3001553904915,0.555556,289,319,2,"gps","Bos taurus","misde_cattle2front","misde_cattle2front","Daily cattle herd movements in the Logone Floodplain, Cameroon","2011-03-21","15:41:02"
"2091",2091,5476812752,"true",14.9299196288411,11.3001825067822,0.833334,304,319,2,"gps","Bos taurus","misde_cattle2front","misde_cattle2front","Daily cattle herd movements in the Logone Floodplain, Cameroon","2011-03-21","15:42:19"
"2092",2092,5476812764,"true",14.9296630255156,11.3003181032611,0.138889,316,318,1,"gps","Bos taurus","misde_cattle2front","misde_cattle2front","Daily cattle herd movements in the Logone Floodplain, Cameroon","2011-03-21","15:43:02"
"2093",2093,5476812767,"true",14.9296538534696,11.3003542763603,0.3055558,0,318,1,"gps","Bos taurus","misde_cattle2front","misde_cattle2front","Daily cattle herd movements in the Logone Floodplain, Cameroon","2011-03-21","15:44:24"
"2094",2094,5476812772,"true",14.9296171873191,11.3004085305669,0.555556,289,317,2,"gps","Bos taurus","misde_cattle2front","misde_cattle2front","Daily cattle herd movements in the Logone Floodplain, Cameroon","2011-03-21","15:45:39"
"2095",2095,5476812775,"true",14.9295713645438,11.3004356511345,0.3888892,270,317,1,"gps","Bos taurus","misde_cattle2front","misde_cattle2front","Daily cattle herd movements in the Logone Floodplain, Cameroon","2011-03-21","15:46:00"
"2096",2096,5476812783,"true",14.9294613880795,11.3005079755223,0.1111112,233,320,3,"gps","Bos taurus","misde_cattle2front","misde_cattle2front","Daily cattle herd movements in the Logone Floodplain, Cameroon","2011-03-21","15:47:01"
"2097",2097,5476812786,"true",14.929415576334,11.3004898769727,0.0555556,270,319,2,"gps","Bos taurus","misde_cattle2front","misde_cattle2front","Daily cattle herd movements in the Logone Floodplain, Cameroon","2011-03-21","15:48:14"
"2098",2098,5476812790,"true",14.9293331050195,11.300498901131,0.0833334,280,319,4,"gps","Bos taurus","misde_cattle2front","misde_cattle2front","Daily cattle herd movements in the Logone Floodplain, Cameroon","2011-03-21","15:49:02"
"2099",2099,5476812795,"true",14.9292231417803,11.3005169625186,0.0555556,270,320,4,"gps","Bos taurus","misde_cattle2front","misde_cattle2front","Daily cattle herd movements in the Logone Floodplain, Cameroon","2011-03-21","15:50:37"
"2100",2100,5476812796,"true",14.9291956520778,11.3005169559499,0.0555556,270,319,1,"gps","Bos taurus","misde_cattle2front","misde_cattle2front","Daily cattle herd movements in the Logone Floodplain, Cameroon","2011-03-21","15:51:35"
"2101",2101,5476812799,"true",14.9291681690347,11.300489817923,0.833334,224,319,3,"gps","Bos taurus","misde_cattle2front","misde_cattle2front","Daily cattle herd movements in the Logone Floodplain, Cameroon","2011-03-21","15:52:00"
"2102",2102,5476812811,"true",14.9290857443822,11.3003089218227,0.555556,198,320,2,"gps","Bos taurus","misde_cattle2front","misde_cattle2front","Daily cattle herd movements in the Logone Floodplain, Cameroon","2011-03-21","15:53:01"
"2103",2103,5476812825,"true",14.9292048197493,11.3004988705027,0.1111112,109,318,2,"gps","Bos taurus","misde_cattle2front","misde_cattle2front","Daily cattle herd movements in the Logone Floodplain, Cameroon","2011-03-21","15:54:51"
"2104",2104,5476812826,"true",14.9292231462164,11.3004988748816,0.555556,71,318,2,"gps","Bos taurus","misde_cattle2front","misde_cattle2front","Daily cattle herd movements in the Logone Floodplain, Cameroon","2011-03-21","15:55:10"
"2105",2105,5476812836,"true",14.9294155829701,11.300462745517,1.111112,90,318,3,"gps","Bos taurus","misde_cattle2front","misde_cattle2front","Daily cattle herd movements in the Logone Floodplain, Cameroon","2011-03-21","15:56:00"
"2106",2106,5476812847,"true",14.9295896976268,11.3004085240347,0.2222224,136,317,1,"gps","Bos taurus","misde_cattle2front","misde_cattle2front","Daily cattle herd movements in the Logone Floodplain, Cameroon","2011-03-21","15:57:12"
"2107",2107,5476812856,"true",14.9296538556741,11.3003452325416,0.833334,166,318,2,"gps","Bos taurus","misde_cattle2front","misde_cattle2front","Daily cattle herd movements in the Logone Floodplain, Cameroon","2011-03-21","15:58:49"
"2108",2108,5476812860,"true",14.9296996850366,11.3002909805047,1.111112,127,318,3,"gps","Bos taurus","misde_cattle2front","misde_cattle2front","Daily cattle herd movements in the Logone Floodplain, Cameroon","2011-03-21","15:59:01"
"2109",2109,5476812869,"true",14.9298554774827,11.3002186668777,0.1111112,90,319,1,"gps","Bos taurus","misde_cattle2front","misde_cattle2front","Daily cattle herd movements in the Logone Floodplain, Cameroon","2011-03-21","16:00:12"
"2110",2110,5476812875,"true",14.9299562817358,11.3001825154501,0.833334,117,317,3,"gps","Bos taurus","misde_cattle2front","misde_cattle2front","Daily cattle herd movements in the Logone Floodplain, Cameroon","2011-03-21","16:01:01"
"2111",2111,5476812887,"true",14.9300479337019,11.30010114273,1.111112,127,318,3,"gps","Bos taurus","misde_cattle2front","misde_cattle2front","Daily cattle herd movements in the Logone Floodplain, Cameroon","2011-03-21","16:02:03"
"2112",2112,5476812898,"true",14.9301395921842,11.2999926385237,0.1666668,136,318,1,"gps","Bos taurus","misde_cattle2front","misde_cattle2front","Daily cattle herd movements in the Logone Floodplain, Cameroon","2011-03-21","16:03:01"
"2113",2113,5476812911,"true",14.9302404050674,11.299920311722,0.1111112,127,319,6,"gps","Bos taurus","misde_cattle2front","misde_cattle2front","Daily cattle herd movements in the Logone Floodplain, Cameroon","2011-03-21","16:04:02"
"2114",2114,5476812916,"true",14.9303412222661,11.299829897247,1.111112,127,319,3,"gps","Bos taurus","misde_cattle2front","misde_cattle2front","Daily cattle herd movements in the Logone Floodplain, Cameroon","2011-03-21","16:05:02"
"2115",2115,5476812931,"true",14.9305153537889,11.2997033246612,0.277778,136,320,1,"gps","Bos taurus","misde_cattle2front","misde_cattle2front","Daily cattle herd movements in the Logone Floodplain, Cameroon","2011-03-21","16:06:01"
"2116",2116,5476812946,"true",14.9306894677838,11.2996491025258,0.555556,109,321,2,"gps","Bos taurus","misde_cattle2front","misde_cattle2front","Daily cattle herd movements in the Logone Floodplain, Cameroon","2011-03-21","16:07:03"
"2117",2117,5476812964,"true",14.9309644029309,11.2994863779578,0.3888892,90,319,1,"gps","Bos taurus","misde_cattle2front","misde_cattle2front","Daily cattle herd movements in the Logone Floodplain, Cameroon","2011-03-21","16:08:06"
"2118",2118,5476812978,"true",14.9311385145541,11.299441199376,0.833334,147,319,2,"gps","Bos taurus","misde_cattle2front","misde_cattle2front","Daily cattle herd movements in the Logone Floodplain, Cameroon","2011-03-21","16:09:08"
"2119",2119,5476812991,"true",14.9313034866034,11.2992965365511,0.833334,117,319,3,"gps","Bos taurus","misde_cattle2front","misde_cattle2front","Daily cattle herd movements in the Logone Floodplain, Cameroon","2011-03-21","16:10:01"
"2120",2120,5476813006,"true",14.9314592802621,11.2992151782507,0.833334,117,319,3,"gps","Bos taurus","misde_cattle2front","misde_cattle2front","Daily cattle herd movements in the Logone Floodplain, Cameroon","2011-03-21","16:11:01"
"2121",2121,5476813022,"true",14.9316884007644,11.299043398579,0.555556,117,320,1,"gps","Bos taurus","misde_cattle2front","misde_cattle2front","Daily cattle herd movements in the Logone Floodplain, Cameroon","2011-03-21","16:12:00"
"2122",2122,5476813038,"true",14.9319266777778,11.2988987522921,0.138889,136,319,1,"gps","Bos taurus","misde_cattle2front","misde_cattle2front","Daily cattle herd movements in the Logone Floodplain, Cameroon","2011-03-21","16:13:01"
"2123",2123,5476813052,"true",14.9320641446859,11.2988173894582,0.555556,117,320,1,"gps","Bos taurus","misde_cattle2front","misde_cattle2front","Daily cattle herd movements in the Logone Floodplain, Cameroon","2011-03-21","16:14:06"
"2124",2124,5476813066,"true",14.9322657516418,11.2987450850497,0.1944446,90,321,1,"gps","Bos taurus","misde_cattle2front","misde_cattle2front","Daily cattle herd movements in the Logone Floodplain, Cameroon","2011-03-21","16:15:01"
"2125",2125,5476813079,"true",14.9323665572013,11.2986998889735,0,0,320,0,"gps","Bos taurus","misde_cattle2front","misde_cattle2front","Daily cattle herd movements in the Logone Floodplain, Cameroon","2011-03-21","16:16:01"
"2126",2126,5476813097,"true",14.932559019844,11.2985461878893,0.277778,136,320,1,"gps","Bos taurus","misde_cattle2front","misde_cattle2front","Daily cattle herd movements in the Logone Floodplain, Cameroon","2011-03-21","16:17:01"
"2127",2127,5476813114,"true",14.9327606433425,11.2984015325774,0.555556,136,319,2,"gps","Bos taurus","misde_cattle2front","misde_cattle2front","Daily cattle herd movements in the Logone Floodplain, Cameroon","2011-03-21","16:18:01"
"2128",2128,5476813123,"true",14.9328339402659,11.2984377244851,0.555556,71,320,2,"gps","Bos taurus","misde_cattle2front","misde_cattle2front","Daily cattle herd movements in the Logone Floodplain, Cameroon","2011-03-21","16:19:02"
"2129",2129,5476813135,"true",14.9330080530685,11.2983835009757,0.3055558,90,320,1,"gps","Bos taurus","misde_cattle2front","misde_cattle2front","Daily cattle herd movements in the Logone Floodplain, Cameroon","2011-03-21","16:20:00"
"2130",2130,5476813149,"true",14.9332188205605,11.2983202418057,0.2222224,136,321,1,"gps","Bos taurus","misde_cattle2front","misde_cattle2front","Daily cattle herd movements in the Logone Floodplain, Cameroon","2011-03-21","16:21:02"
"2131",2131,5476813167,"true",14.9334204289698,11.2982388927849,0.555556,117,320,1,"gps","Bos taurus","misde_cattle2front","misde_cattle2front","Daily cattle herd movements in the Logone Floodplain, Cameroon","2011-03-21","16:22:02"
"2132",2132,5476813184,"true",14.9336312108237,11.2981123265743,0.833334,124,321,2,"gps","Bos taurus","misde_cattle2front","misde_cattle2front","Daily cattle herd movements in the Logone Floodplain, Cameroon","2011-03-21","16:23:01"
"2133",2133,5476813203,"true",14.9339519669046,11.2979134341735,0.833334,124,321,2,"gps","Bos taurus","misde_cattle2front","misde_cattle2front","Daily cattle herd movements in the Logone Floodplain, Cameroon","2011-03-21","16:24:01"
"2134",2134,5476813219,"true",14.9341352609074,11.2977778176493,1.111112,102,321,3,"gps","Bos taurus","misde_cattle2front","misde_cattle2front","Daily cattle herd movements in the Logone Floodplain, Cameroon","2011-03-21","16:25:02"
"2135",2135,5476813239,"true",14.9344651773597,11.2975879705423,0.1944446,90,322,1,"gps","Bos taurus","misde_cattle2front","misde_cattle2front","Daily cattle herd movements in the Logone Floodplain, Cameroon","2011-03-21","16:26:02"
"2136",2136,5476813252,"true",14.9346209610186,11.2975427858453,0.2222224,136,320,1,"gps","Bos taurus","misde_cattle2front","misde_cattle2front","Daily cattle herd movements in the Logone Floodplain, Cameroon","2011-03-21","16:27:00"
"2137",2137,5476813267,"true",14.9347584285706,11.2974523779245,1.111112,102,322,3,"gps","Bos taurus","misde_cattle2front","misde_cattle2front","Daily cattle herd movements in the Logone Floodplain, Cameroon","2011-03-21","16:28:01"
"2138",2138,5476813278,"true",14.9348958980763,11.2973529261175,0.833334,154,321,3,"gps","Bos taurus","misde_cattle2front","misde_cattle2front","Daily cattle herd movements in the Logone Floodplain, Cameroon","2011-03-21","16:29:03"
"2139",2139,5476813295,"true",14.9351341660003,11.2972354086827,0.3888892,90,321,1,"gps","Bos taurus","misde_cattle2front","misde_cattle2front","Daily cattle herd movements in the Logone Floodplain, Cameroon","2011-03-21","16:30:03"
"2140",2140,5476813310,"true",14.935308285759,11.297145008524,0.138889,180,321,1,"gps","Bos taurus","misde_cattle2front","misde_cattle2front","Daily cattle herd movements in the Logone Floodplain, Cameroon","2011-03-21","16:31:03"
"2141",2141,5476813326,"true",14.9354640751145,11.297072691915,0.138889,90,321,1,"gps","Bos taurus","misde_cattle2front","misde_cattle2front","Daily cattle herd movements in the Logone Floodplain, Cameroon","2011-03-21","16:32:02"
"2142",2142,5476813341,"true",14.935638186607,11.2970184668478,0.555556,136,320,2,"gps","Bos taurus","misde_cattle2front","misde_cattle2front","Daily cattle herd movements in the Logone Floodplain, Cameroon","2011-03-21","16:33:01"
"2143",2143,5476813356,"true",14.9358214651785,11.2969461560185,0.833334,124,320,2,"gps","Bos taurus","misde_cattle2front","misde_cattle2front","Daily cattle herd movements in the Logone Floodplain, Cameroon","2011-03-21","16:34:01"
"2144",2144,5476813371,"true",14.9359497649401,11.2968738331973,0.555556,109,322,2,"gps","Bos taurus","misde_cattle2front","misde_cattle2front","Daily cattle herd movements in the Logone Floodplain, Cameroon","2011-03-21","16:35:01"
"2145",2145,5476813388,"true",14.936169699812,11.2967834424264,0.555556,71,323,2,"gps","Bos taurus","misde_cattle2front","misde_cattle2front","Daily cattle herd movements in the Logone Floodplain, Cameroon","2011-03-21","16:36:02"
"2146",2146,5476813400,"true",14.9363896285686,11.2967201829575,0.1944446,90,323,1,"gps","Bos taurus","misde_cattle2front","misde_cattle2front","Daily cattle herd movements in the Logone Floodplain, Cameroon","2011-03-21","16:37:00"
"2147",2147,5476813415,"true",14.9365454154387,11.2966569095974,0.833334,124,321,2,"gps","Bos taurus","misde_cattle2front","misde_cattle2front","Daily cattle herd movements in the Logone Floodplain, Cameroon","2011-03-21","16:38:04"
"2148",2148,5476813429,"true",14.9366920430964,11.2965755465529,0.277778,136,321,1,"gps","Bos taurus","misde_cattle2front","misde_cattle2front","Daily cattle herd movements in the Logone Floodplain, Cameroon","2011-03-21","16:39:03"
"2149",2149,5476813444,"true",14.9368386706718,11.2964941834349,0.555556,136,322,2,"gps","Bos taurus","misde_cattle2front","misde_cattle2front","Daily cattle herd movements in the Logone Floodplain, Cameroon","2011-03-21","16:40:03"
"2150",2150,5476813460,"true",14.9370127934003,11.2963856946199,0.555556,136,322,2,"gps","Bos taurus","misde_cattle2front","misde_cattle2front","Daily cattle herd movements in the Logone Floodplain, Cameroon","2011-03-21","16:41:02"
"2151",2151,5476813478,"true",14.9372602247377,11.2962591335839,0.555556,90,323,2,"gps","Bos taurus","misde_cattle2front","misde_cattle2front","Daily cattle herd movements in the Logone Floodplain, Cameroon","2011-03-21","16:42:02"
"2152",2152,5476813498,"true",14.9376817507887,11.2961506966446,1.111112,90,323,3,"gps","Bos taurus","misde_cattle2front","misde_cattle2front","Daily cattle herd movements in the Logone Floodplain, Cameroon","2011-03-21","16:43:02"
"2153",2153,5476813517,"true",14.9379749737835,11.2961326705114,0.1944446,90,322,1,"gps","Bos taurus","misde_cattle2front","misde_cattle2front","Daily cattle herd movements in the Logone Floodplain, Cameroon","2011-03-21","16:44:02"
"2154",2154,5476813530,"true",14.9381124202328,11.2961326992454,0.1944446,90,323,1,"gps","Bos taurus","misde_cattle2front","misde_cattle2front","Daily cattle herd movements in the Logone Floodplain, Cameroon","2011-03-21","16:45:00"
"2155",2155,5476813539,"true",14.9382132142958,11.2961327202765,0.138889,90,322,1,"gps","Bos taurus","misde_cattle2front","misde_cattle2front","Daily cattle herd movements in the Logone Floodplain, Cameroon","2011-03-21","16:46:03"
"2156",2156,5476813550,"true",14.9383231714556,11.2961327431804,0.1111112,90,322,1,"gps","Bos taurus","misde_cattle2front","misde_cattle2front","Daily cattle herd movements in the Logone Floodplain, Cameroon","2011-03-21","16:47:02"
"2157",2157,5476813564,"true",14.9384789440992,11.2961327755578,0.1111112,90,322,1,"gps","Bos taurus","misde_cattle2front","misde_cattle2front","Daily cattle herd movements in the Logone Floodplain, Cameroon","2011-03-21","16:48:01"
"2158",2158,5476813582,"true",14.938817978678,11.2961328457432,0.833334,76,323,2,"gps","Bos taurus","misde_cattle2front","misde_cattle2front","Daily cattle herd movements in the Logone Floodplain, Cameroon","2011-03-21","16:49:02"
"2159",2159,5476813599,"true",14.939138675626,11.2961871747157,1.111112,90,324,4,"gps","Bos taurus","misde_cattle2front","misde_cattle2front","Daily cattle herd movements in the Logone Floodplain, Cameroon","2011-03-21","16:50:00"
"2160",2160,5476813618,"true",14.9395326756048,11.2962505621303,0.555556,117,324,1,"gps","Bos taurus","misde_cattle2front","misde_cattle2front","Daily cattle herd movements in the Logone Floodplain, Cameroon","2011-03-21","16:51:01"
"2161",2161,5476813632,"true",14.9397617436853,11.2962958278964,0.555556,71,324,2,"gps","Bos taurus","misde_cattle2front","misde_cattle2front","Daily cattle herd movements in the Logone Floodplain, Cameroon","2011-03-21","16:52:11"
"2162",2162,5476813646,"true",14.9400366217209,11.2963682342284,1.111112,90,323,3,"gps","Bos taurus","misde_cattle2front","misde_cattle2front","Daily cattle herd movements in the Logone Floodplain, Cameroon","2011-03-21","16:53:00"
"2163",2163,5476813666,"true",14.9405314107329,11.296458772163,1.111112,78,325,3,"gps","Bos taurus","misde_cattle2front","misde_cattle2front","Daily cattle herd movements in the Logone Floodplain, Cameroon","2011-03-21","16:54:00"
"2164",2164,5476813686,"true",14.9409803752628,11.2965945192669,0.833334,56,327,2,"gps","Bos taurus","misde_cattle2front","misde_cattle2front","Daily cattle herd movements in the Logone Floodplain, Cameroon","2011-03-21","16:55:00"
"2165",2165,5476813706,"true",14.9414018747346,11.2966126905577,1.111112,78,327,3,"gps","Bos taurus","misde_cattle2front","misde_cattle2front","Daily cattle herd movements in the Logone Floodplain, Cameroon","2011-03-21","16:56:02"
"2166",2166,5476813726,"true",14.9418875160539,11.2966308738339,1.111112,90,328,3,"gps","Bos taurus","misde_cattle2front","misde_cattle2front","Daily cattle herd movements in the Logone Floodplain, Cameroon","2011-03-21","16:57:02"
"2167",2167,5476813746,"true",14.9423639726573,11.2967575804108,0.833334,63,328,3,"gps","Bos taurus","misde_cattle2front","misde_cattle2front","Daily cattle herd movements in the Logone Floodplain, Cameroon","2011-03-21","16:58:02"
"2168",2168,5476813766,"true",14.9428587612956,11.2968571582874,1.111112,80,328,4,"gps","Bos taurus","misde_cattle2front","misde_cattle2front","Daily cattle herd movements in the Logone Floodplain, Cameroon","2011-03-21","16:59:02"
"2169",2169,5476813777,"true",14.9430053640802,11.2968933618132,0.555556,117,323,1,"gps","Bos taurus","misde_cattle2front","misde_cattle2front","Daily cattle herd movements in the Logone Floodplain, Cameroon","2011-03-21","17:00:04"
"2170",2170,5476813790,"true",14.9432069652102,11.296830093753,0.1111112,90,321,1,"gps","Bos taurus","misde_cattle2front","misde_cattle2front","Daily cattle herd movements in the Logone Floodplain, Cameroon","2011-03-21","17:01:09"
"2171",2171,5476813795,"true",14.9432802701671,11.2968301077925,0.1111112,90,323,1,"gps","Bos taurus","misde_cattle2front","misde_cattle2front","Daily cattle herd movements in the Logone Floodplain, Cameroon","2011-03-21","17:02:52"
"2172",2172,5476813796,"true",14.9432894332868,11.2968301095461,0.0833334,90,323,1,"gps","Bos taurus","misde_cattle2front","misde_cattle2front","Daily cattle herd movements in the Logone Floodplain, Cameroon","2011-03-21","17:03:04"
"2173",2173,5476813800,"true",14.9433444137795,11.2968210762389,0.555556,26,322,1,"gps","Bos taurus","misde_cattle2front","misde_cattle2front","Daily cattle herd movements in the Logone Floodplain, Cameroon","2011-03-21","17:04:20"
"2174",2174,5476813807,"true",14.943426878309,11.2968391796403,0.0555556,104,323,2,"gps","Bos taurus","misde_cattle2front","misde_cattle2front","Daily cattle herd movements in the Logone Floodplain, Cameroon","2011-03-21","17:05:02"
"2175",2175,5476813809,"true",14.9434543694403,11.2968301410635,0.0277778,44,323,2,"gps","Bos taurus","misde_cattle2front","misde_cattle2front","Daily cattle herd movements in the Logone Floodplain, Cameroon","2011-03-21","17:06:21"
"2176",2176,5476813810,"true",14.9434635307887,11.2968391866351,0.555556,0,323,2,"gps","Bos taurus","misde_cattle2front","misde_cattle2front","Daily cattle herd movements in the Logone Floodplain, Cameroon","2011-03-21","17:07:03"
"2177",2177,5476813813,"true",14.9434635183903,11.2969024933978,0.1944446,270,322,1,"gps","Bos taurus","misde_cattle2front","misde_cattle2front","Daily cattle herd movements in the Logone Floodplain, Cameroon","2011-03-21","17:08:48"
"2178",2178,5476813817,"true",14.9434543464109,11.2969477107656,0.833334,0,322,2,"gps","Bos taurus","misde_cattle2front","misde_cattle2front","Daily cattle herd movements in the Logone Floodplain, Cameroon","2011-03-21","17:09:00"
"2179",2179,5476813827,"true",14.9433352133804,11.2970109947742,0.1944446,270,322,1,"gps","Bos taurus","misde_cattle2front","misde_cattle2front","Daily cattle herd movements in the Logone Floodplain, Cameroon","2011-03-21","17:10:10"
"2180",2180,5476813830,"true",14.9433077240042,11.2970109895165,0.0277778,206,322,1,"gps","Bos taurus","misde_cattle2front","misde_cattle2front","Daily cattle herd movements in the Logone Floodplain, Cameroon","2011-03-21","17:11:21"
"2181",2181,5476813832,"true",14.9432985644317,11.2969929001171,0.555556,224,320,2,"gps","Bos taurus","misde_cattle2front","misde_cattle2front","Daily cattle herd movements in the Logone Floodplain, Cameroon","2011-03-21","17:12:39"
"2182",2182,5476813834,"true",14.9432710786118,11.2969748072097,0.0277778,180,321,1,"gps","Bos taurus","misde_cattle2front","misde_cattle2front","Daily cattle herd movements in the Logone Floodplain, Cameroon","2011-03-21","17:13:42"
"2183",2183,5476813835,"true",14.943271080389,11.2969657633866,0.0277778,224,321,2,"gps","Bos taurus","misde_cattle2front","misde_cattle2front","Daily cattle herd movements in the Logone Floodplain, Cameroon","2011-03-21","17:14:07"
"2184",2184,5476813836,"true",14.9432619190426,11.2969567178092,0.0555556,180,322,1,"gps","Bos taurus","misde_cattle2front","misde_cattle2front","Daily cattle herd movements in the Logone Floodplain, Cameroon","2011-03-21","17:15:07"
"2185",2185,5476813841,"true",14.9432435981296,11.2969295828303,0.1111112,44,322,1,"gps","Bos taurus","misde_cattle2front","misde_cattle2front","Daily cattle herd movements in the Logone Floodplain, Cameroon","2011-03-21","17:16:36"
"2186",2186,5476813844,"true",14.9432527576968,11.2969476722315,NA,NA,322,NA,"gps","Bos taurus","misde_cattle2front","misde_cattle2front","Daily cattle herd movements in the Logone Floodplain, Cameroon","2011-03-21","17:17:12"
"2187",2187,5476798420,"true",14.9434084776053,11.2972190167132,0.0555556,127,316,3,"gps","Bos taurus","misde_cattle1front","misde_cattle1front","Daily cattle herd movements in the Logone Floodplain, Cameroon","2011-03-21","05:13:05"
"2188",2188,5476798421,"true",14.9434359705455,11.2972009343156,0,0,316,0,"gps","Bos taurus","misde_cattle1front","misde_cattle1front","Daily cattle herd movements in the Logone Floodplain, Cameroon","2011-03-21","05:14:05"
"2189",2189,5476798422,"true",14.9434359705455,11.2972009343156,0,270,316,1,"gps","Bos taurus","misde_cattle1front","misde_cattle1front","Daily cattle herd movements in the Logone Floodplain, Cameroon","2011-03-21","05:15:05"
"2190",2190,5476798423,"true",14.943426807414,11.2972009325664,0,90,316,1,"gps","Bos taurus","misde_cattle1front","misde_cattle1front","Daily cattle herd movements in the Logone Floodplain, Cameroon","2011-03-21","05:16:05"
"2191",2191,5476798424,"true",14.9434359705455,11.2972009343156,0,0,315,0,"gps","Bos taurus","misde_cattle1front","misde_cattle1front","Daily cattle herd movements in the Logone Floodplain, Cameroon","2011-03-21","05:17:05"
"2192",2192,5476798425,"true",14.9434359705455,11.2972009343156,0,0,315,0,"gps","Bos taurus","misde_cattle1front","misde_cattle1front","Daily cattle herd movements in the Logone Floodplain, Cameroon","2011-03-21","05:18:05"
"2193",2193,5476798426,"true",14.9434359705455,11.2972009343156,0,90,315,1,"gps","Bos taurus","misde_cattle1front","misde_cattle1front","Daily cattle herd movements in the Logone Floodplain, Cameroon","2011-03-21","05:19:05"
"2194",2194,5476798427,"true",14.9434359705455,11.2972009343156,0,270,314,1,"gps","Bos taurus","misde_cattle1front","misde_cattle1front","Daily cattle herd movements in the Logone Floodplain, Cameroon","2011-03-21","05:20:05"
"2195",2195,5476798428,"true",14.9434359705455,11.2972009343156,0,0,314,0,"gps","Bos taurus","misde_cattle1front","misde_cattle1front","Daily cattle herd movements in the Logone Floodplain, Cameroon","2011-03-21","05:21:05"
"2196",2196,5476798429,"true",14.9434359705455,11.2972009343156,0.0277778,180,314,1,"gps","Bos taurus","misde_cattle1front","misde_cattle1front","Daily cattle herd movements in the Logone Floodplain, Cameroon","2011-03-21","05:22:05"
"2197",2197,5476798434,"true",14.9434084829242,11.2971918852441,1.111112,260,314,4,"gps","Bos taurus","misde_cattle1front","misde_cattle1front","Daily cattle herd movements in the Logone Floodplain, Cameroon","2011-03-21","05:23:06"
"2198",2198,5476798447,"true",14.9431427556847,11.2971737467321,0.1944446,270,316,1,"gps","Bos taurus","misde_cattle1front","misde_cattle1front","Daily cattle herd movements in the Logone Floodplain, Cameroon","2011-03-21","05:24:00"
"2199",2199,5476798453,"true",14.9431152698575,11.2971556538105,0.1944446,180,316,1,"gps","Bos taurus","misde_cattle1front","misde_cattle1front","Daily cattle herd movements in the Logone Floodplain, Cameroon","2011-03-21","05:25:19"
"2200",2200,5476798460,"true",14.9430877822507,11.2971466047093,0,0,318,0,"gps","Bos taurus","misde_cattle1front","misde_cattle1front","Daily cattle herd movements in the Logone Floodplain, Cameroon","2011-03-21","05:26:03"
"2201",2201,5476798474,"true",14.9432435927953,11.2969567142998,0.0277778,224,316,1,"gps","Bos taurus","misde_cattle1front","misde_cattle1front","Daily cattle herd movements in the Logone Floodplain, Cameroon","2011-03-21","05:27:10"
"2202",2202,5476798480,"true",14.9432619243752,11.2969295863396,0.0833334,224,314,1,"gps","Bos taurus","misde_cattle1front","misde_cattle1front","Daily cattle herd movements in the Logone Floodplain, Cameroon","2011-03-21","05:28:53"
"2203",2203,5476798481,"true",14.9432527612524,11.2969295845851,0.2222224,136,313,1,"gps","Bos taurus","misde_cattle1front","misde_cattle1front","Daily cattle herd movements in the Logone Floodplain, Cameroon","2011-03-21","05:29:05"
"2204",2204,5476798493,"true",14.9431153090646,11.2969566897027,0.3888892,0,314,1,"gps","Bos taurus","misde_cattle1front","misde_cattle1front","Daily cattle herd movements in the Logone Floodplain, Cameroon","2011-03-21","05:30:02"
"2205",2205,5476798498,"true",14.9430969739038,11.2970019052999,0.833334,213,314,2,"gps","Bos taurus","misde_cattle1front","misde_cattle1front","Daily cattle herd movements in the Logone Floodplain, Cameroon","2011-03-21","05:31:25"
"2206",2206,5476798508,"true",14.9431886069342,11.2969928790576,1.111112,127,314,3,"gps","Bos taurus","misde_cattle1front","misde_cattle1front","Daily cattle herd movements in the Logone Floodplain, Cameroon","2011-03-21","05:32:01"
"2207",2207,5476798520,"true",14.9429595699161,11.2967848271199,0.0555556,0,310,1,"gps","Bos taurus","misde_cattle1front","misde_cattle1front","Daily cattle herd movements in the Logone Floodplain, Cameroon","2011-03-21","05:33:44"
"2208",2208,5476798522,"true",14.9429595663421,11.2968029147663,0.1944446,90,313,1,"gps","Bos taurus","misde_cattle1front","misde_cattle1front","Daily cattle herd movements in the Logone Floodplain, Cameroon","2011-03-21","05:34:31"
"2209",2209,5476798526,"true",14.9429687276742,11.2968119603531,0.555556,90,313,2,"gps","Bos taurus","misde_cattle1front","misde_cattle1front","Daily cattle herd movements in the Logone Floodplain, Cameroon","2011-03-21","05:35:04"
"2210",2210,5476798531,"true",14.9430237099581,11.2967938832821,0.0277778,316,314,1,"gps","Bos taurus","misde_cattle1front","misde_cattle1front","Daily cattle herd movements in the Logone Floodplain, Cameroon","2011-03-21","05:36:17"
"2211",2211,5476798533,"true",14.9430328712919,11.2968029288669,0.0555556,18,312,2,"gps","Bos taurus","misde_cattle1front","misde_cattle1front","Daily cattle herd movements in the Logone Floodplain, Cameroon","2011-03-21","05:37:07"
"2212",2212,5476798535,"true",14.9430328659378,11.2968300603366,0.555556,243,312,1,"gps","Bos taurus","misde_cattle1front","misde_cattle1front","Daily cattle herd movements in the Logone Floodplain, Cameroon","2011-03-21","05:38:30"
"2213",2213,5476798544,"true",14.9428954334561,11.2967576832973,0.555556,251,311,2,"gps","Bos taurus","misde_cattle1front","misde_cattle1front","Daily cattle herd movements in the Logone Floodplain, Cameroon","2011-03-21","05:39:00"
"2214",2214,5476798554,"true",14.9427671605725,11.2967033956105,0.0555556,63,312,1,"gps","Bos taurus","misde_cattle1front","misde_cattle1front","Daily cattle herd movements in the Logone Floodplain, Cameroon","2011-03-21","05:40:10"
"2215",2215,5476798565,"true",14.9428128991119,11.2970922888498,1.111112,339,312,3,"gps","Bos taurus","misde_cattle1front","misde_cattle1front","Daily cattle herd movements in the Logone Floodplain, Cameroon","2011-03-21","05:41:01"
"2216",2216,5476798571,"true",14.9428037126891,11.2972098567801,0.3333336,316,311,2,"gps","Bos taurus","misde_cattle1front","misde_cattle1front","Daily cattle herd movements in the Logone Floodplain, Cameroon","2011-03-21","05:42:02"
"2217",2217,5476798577,"true",14.9427670529904,11.2972460249951,0.277778,316,314,1,"gps","Bos taurus","misde_cattle1front","misde_cattle1front","Daily cattle herd movements in the Logone Floodplain, Cameroon","2011-03-21","05:43:22"
"2218",2218,5476798585,"true",14.9426662603266,11.297236961688,0.833334,270,315,2,"gps","Bos taurus","misde_cattle1front","misde_cattle1front","Daily cattle herd movements in the Logone Floodplain, Cameroon","2011-03-21","05:44:01"
"2219",2219,5476798601,"true",14.9424188629672,11.2972007384263,0.0555556,289,316,2,"gps","Bos taurus","misde_cattle1front","misde_cattle1front","Daily cattle herd movements in the Logone Floodplain, Cameroon","2011-03-21","05:45:35"
"2220",2220,5476798602,"true",14.9424005367047,11.2972007348648,0.555556,270,316,2,"gps","Bos taurus","misde_cattle1front","misde_cattle1front","Daily cattle herd movements in the Logone Floodplain, Cameroon","2011-03-21","05:46:02"
"2221",2221,5476798614,"true",14.942272245633,11.2972368851936,0.833334,284,317,2,"gps","Bos taurus","misde_cattle1front","misde_cattle1front","Daily cattle herd movements in the Logone Floodplain, Cameroon","2011-03-21","05:47:02"
"2222",2222,5476798623,"true",14.9421347841444,11.2973092089686,0.2222224,270,315,1,"gps","Bos taurus","misde_cattle1front","misde_cattle1front","Daily cattle herd movements in the Logone Floodplain, Cameroon","2011-03-21","05:48:00"
"2223",2223,5476798636,"true",14.9419331751711,11.2974086515853,0.2222224,304,315,2,"gps","Bos taurus","misde_cattle1front","misde_cattle1front","Daily cattle herd movements in the Logone Floodplain, Cameroon","2011-03-21","05:49:22"
"2224",2224,5476798641,"true",14.9418598609613,11.2974538563252,0.833334,256,314,2,"gps","Bos taurus","misde_cattle1front","misde_cattle1front","Daily cattle herd movements in the Logone Floodplain, Cameroon","2011-03-21","05:50:00"
"2225",2225,5476798659,"true",14.941694948203,11.2973362542241,0.555556,198,314,2,"gps","Bos taurus","misde_cattle1front","misde_cattle1front","Daily cattle herd movements in the Logone Floodplain, Cameroon","2011-03-21","05:51:01"
"2226",2226,5476798670,"true",14.9415392023742,11.2972005661934,0.3611114,213,313,2,"gps","Bos taurus","misde_cattle1front","misde_cattle1front","Daily cattle herd movements in the Logone Floodplain, Cameroon","2011-03-21","05:52:00"
"2227",2227,5476798676,"true",14.9414750696242,11.2971553344188,0.0277778,270,316,1,"gps","Bos taurus","misde_cattle1front","misde_cattle1front","Daily cattle herd movements in the Logone Floodplain, Cameroon","2011-03-21","05:53:01"
"2228",2228,5476798684,"true",14.9413925977851,11.2971734057658,0,0,314,0,"gps","Bos taurus","misde_cattle1front","misde_cattle1front","Daily cattle herd movements in the Logone Floodplain, Cameroon","2011-03-21","05:54:13"
"2229",2229,5476798693,"true",14.9412368264127,11.2971643310944,0.555556,224,316,2,"gps","Bos taurus","misde_cattle1front","misde_cattle1front","Daily cattle herd movements in the Logone Floodplain, Cameroon","2011-03-21","05:55:04"
"2230",2230,5476798706,"true",14.9411727213634,11.296983441913,0.555556,206,314,1,"gps","Bos taurus","misde_cattle1front","misde_cattle1front","Daily cattle herd movements in the Logone Floodplain, Cameroon","2011-03-21","05:56:00"
"2231",2231,5476798719,"true",14.9410719620743,11.2968115892528,0.555556,224,315,2,"gps","Bos taurus","misde_cattle1front","misde_cattle1front","Daily cattle herd movements in the Logone Floodplain, Cameroon","2011-03-21","05:57:02"
"2232",2232,5476798730,"true",14.9410261723465,11.2966849666178,0.138889,243,314,3,"gps","Bos taurus","misde_cattle1front","misde_cattle1front","Daily cattle herd movements in the Logone Floodplain, Cameroon","2011-03-21","05:58:10"
"2233",2233,5476798737,"true",14.9409528896271,11.296576426145,0.833334,213,315,2,"gps","Bos taurus","misde_cattle1front","misde_cattle1front","Daily cattle herd movements in the Logone Floodplain, Cameroon","2011-03-21","05:59:01"
"2234",2234,5476798751,"true",14.9408337932776,11.2964588326871,0.0555556,224,316,1,"gps","Bos taurus","misde_cattle1front","misde_cattle1front","Daily cattle herd movements in the Logone Floodplain, Cameroon","2011-03-21","06:00:05"
"2235",2235,5476798759,"true",14.9407605014087,11.2963955112813,0.3333336,206,317,1,"gps","Bos taurus","misde_cattle1front","misde_cattle1front","Daily cattle herd movements in the Logone Floodplain, Cameroon","2011-03-21","06:01:04"
"2236",2236,5476798768,"true",14.9406872058559,11.2963502775035,0.555556,206,316,1,"gps","Bos taurus","misde_cattle1front","misde_cattle1front","Daily cattle herd movements in the Logone Floodplain, Cameroon","2011-03-21","06:02:03"
"2237",2237,5476798778,"true",14.9406322402507,11.2962869597331,0.833334,304,315,2,"gps","Bos taurus","misde_cattle1front","misde_cattle1front","Daily cattle herd movements in the Logone Floodplain, Cameroon","2011-03-21","06:03:10"
"2238",2238,5476798790,"true",14.9404581431792,11.2962778809826,0.3888892,270,316,1,"gps","Bos taurus","misde_cattle1front","misde_cattle1front","Daily cattle herd movements in the Logone Floodplain, Cameroon","2011-03-21","06:04:01"
"2239",2239,5476798801,"true",14.9403665271078,11.2962055119736,0.833334,236,315,2,"gps","Bos taurus","misde_cattle1front","misde_cattle1front","Daily cattle herd movements in the Logone Floodplain, Cameroon","2011-03-21","06:05:05"
"2240",2240,5476798807,"true",14.9403023891529,11.2961874114138,0.2222224,224,316,1,"gps","Bos taurus","misde_cattle1front","misde_cattle1front","Daily cattle herd movements in the Logone Floodplain, Cameroon","2011-03-21","06:06:05"
"2241",2241,5476798818,"true",14.9401832969769,11.2960517300472,0.3333336,243,316,1,"gps","Bos taurus","misde_cattle1front","misde_cattle1front","Daily cattle herd movements in the Logone Floodplain, Cameroon","2011-03-21","06:07:30"
"2242",2242,5476798824,"true",14.9401283277882,11.2960064998293,0.277778,224,317,1,"gps","Bos taurus","misde_cattle1front","misde_cattle1front","Daily cattle herd movements in the Logone Floodplain, Cameroon","2011-03-21","06:08:03"
"2243",2243,5476798833,"true",14.9400733567395,11.2959703134245,0.2222224,270,317,1,"gps","Bos taurus","misde_cattle1front","misde_cattle1front","Daily cattle herd movements in the Logone Floodplain, Cameroon","2011-03-21","06:09:00"
"2244",2244,5476798843,"true",14.9399450734543,11.2959702874573,0.3888892,270,317,1,"gps","Bos taurus","misde_cattle1front","misde_cattle1front","Daily cattle herd movements in the Logone Floodplain, Cameroon","2011-03-21","06:10:04"
"2245",2245,5476798859,"true",14.9397526372033,11.2960245113413,0.1111112,334,315,1,"gps","Bos taurus","misde_cattle1front","misde_cattle1front","Daily cattle herd movements in the Logone Floodplain, Cameroon","2011-03-21","06:11:16"
"2246",2246,5476798864,"true",14.939734299689,11.2960787705542,0.555556,0,315,2,"gps","Bos taurus","misde_cattle1front","misde_cattle1front","Daily cattle herd movements in the Logone Floodplain, Cameroon","2011-03-21","06:12:09"
"2247",2247,5476798880,"true",14.9398258646642,11.2963953229799,0.555556,18,315,2,"gps","Bos taurus","misde_cattle1front","misde_cattle1front","Daily cattle herd movements in the Logone Floodplain, Cameroon","2011-03-21","06:13:02"
"2248",2248,5476798896,"true",14.9399082817835,11.2966395229313,0.138889,26,315,1,"gps","Bos taurus","misde_cattle1front","misde_cattle1front","Daily cattle herd movements in the Logone Floodplain, Cameroon","2011-03-21","06:14:04"
"2249",2249,5476798909,"true",14.939908246015,11.2968113555638,0.1666668,0,315,1,"gps","Bos taurus","misde_cattle1front","misde_cattle1front","Daily cattle herd movements in the Logone Floodplain, Cameroon","2011-03-21","06:15:07"
"2250",2250,5476798920,"true",14.9399540766564,11.2967390142686,0.277778,136,314,2,"gps","Bos taurus","misde_cattle1front","misde_cattle1front","Daily cattle herd movements in the Logone Floodplain, Cameroon","2011-03-21","06:16:00"
"2251",2251,5476798932,"true",14.9399540973487,11.2966395322179,0.555556,289,314,2,"gps","Bos taurus","misde_cattle1front","misde_cattle1front","Daily cattle herd movements in the Logone Floodplain, Cameroon","2011-03-21","06:17:08"
"2252",2252,5476798938,"true",14.9398991036078,11.2967118716555,0.833334,304,315,2,"gps","Bos taurus","misde_cattle1front","misde_cattle1front","Daily cattle herd movements in the Logone Floodplain, Cameroon","2011-03-21","06:18:05"
"2253",2253,5476798948,"true",14.9397707841429,11.2968836782423,0.1666668,289,314,2,"gps","Bos taurus","misde_cattle1front","misde_cattle1front","Daily cattle herd movements in the Logone Floodplain, Cameroon","2011-03-21","06:19:00"
"2254",2254,5476798964,"true",14.9396058063441,11.2970826087708,0.833334,346,314,2,"gps","Bos taurus","misde_cattle1front","misde_cattle1front","Daily cattle herd movements in the Logone Floodplain, Cameroon","2011-03-21","06:20:01"
"2255",2255,5476798978,"true",14.9395966129387,11.2972273080624,0.555556,334,314,1,"gps","Bos taurus","misde_cattle1front","misde_cattle1front","Daily cattle herd movements in the Logone Floodplain, Cameroon","2011-03-21","06:21:05"
"2256",2256,5476798991,"true",14.9395324407065,11.2973719961387,0.0833334,0,314,1,"gps","Bos taurus","misde_cattle1front","misde_cattle1front","Daily cattle herd movements in the Logone Floodplain, Cameroon","2011-03-21","06:22:01"
"2257",2257,5476799002,"true",14.9395140841137,11.2975166935548,0.1111112,18,315,2,"gps","Bos taurus","misde_cattle1front","misde_cattle1front","Daily cattle herd movements in the Logone Floodplain, Cameroon","2011-03-21","06:23:03"
"2258",2258,5476799010,"true",14.9395232283068,11.2976071336469,0.555556,26,314,1,"gps","Bos taurus","misde_cattle1front","misde_cattle1front","Daily cattle herd movements in the Logone Floodplain, Cameroon","2011-03-21","06:24:05"
"2259",2259,5476799019,"true",14.9395140462125,11.297697569998,0.0833334,316,314,1,"gps","Bos taurus","misde_cattle1front","misde_cattle1front","Daily cattle herd movements in the Logone Floodplain, Cameroon","2011-03-21","06:25:01"
"2260",2260,5476799028,"true",14.9395048622169,11.2977970501703,0.2500002,0,313,1,"gps","Bos taurus","misde_cattle1front","misde_cattle1front","Daily cattle herd movements in the Logone Floodplain, Cameroon","2011-03-21","06:26:06"
"2261",2261,5476799038,"true",14.9395323365098,11.2978694063573,0.138889,0,314,1,"gps","Bos taurus","misde_cattle1front","misde_cattle1front","Daily cattle herd movements in the Logone Floodplain, Cameroon","2011-03-21","06:27:00"
"2262",2262,5476799050,"true",14.939559801348,11.2979869816512,0.0555556,90,314,1,"gps","Bos taurus","misde_cattle1front","misde_cattle1front","Daily cattle herd movements in the Logone Floodplain, Cameroon","2011-03-21","06:28:02"
"2263",2263,5476799056,"true",14.9395872964937,11.2979598557912,0.555556,180,314,2,"gps","Bos taurus","misde_cattle1front","misde_cattle1front","Daily cattle herd movements in the Logone Floodplain, Cameroon","2011-03-21","06:29:10"
"2264",2264,5476799066,"true",14.9394131965513,11.2979598202447,0.2222224,224,315,1,"gps","Bos taurus","misde_cattle1front","misde_cattle1front","Daily cattle herd movements in the Logone Floodplain, Cameroon","2011-03-21","06:30:02"
"2265",2265,5476799075,"true",14.9393124170595,11.297887449043,0.138889,270,314,2,"gps","Bos taurus","misde_cattle1front","misde_cattle1front","Daily cattle herd movements in the Logone Floodplain, Cameroon","2011-03-21","06:31:04"
"2266",2266,5476799085,"true",14.9392299658227,11.2978060377439,0.0833334,270,314,1,"gps","Bos taurus","misde_cattle1front","misde_cattle1front","Daily cattle herd movements in the Logone Floodplain, Cameroon","2011-03-21","06:32:03"
"2267",2267,5476799094,"true",14.9391658313972,11.2977698492946,0.1944446,180,313,1,"gps","Bos taurus","misde_cattle1front","misde_cattle1front","Daily cattle herd movements in the Logone Floodplain, Cameroon","2011-03-21","06:33:00"
"2268",2268,5476799103,"true",14.9391658485511,11.2976884548963,0.555556,224,314,2,"gps","Bos taurus","misde_cattle1front","misde_cattle1front","Daily cattle herd movements in the Logone Floodplain, Cameroon","2011-03-21","06:34:14"
"2269",2269,5476799114,"true",14.9390100922638,11.2976070284772,0.833334,213,315,2,"gps","Bos taurus","misde_cattle1front","misde_cattle1front","Daily cattle herd movements in the Logone Floodplain, Cameroon","2011-03-21","06:35:20"
"2270",2270,5476799120,"true",14.9389642975809,11.2975075370007,0.2222224,297,315,1,"gps","Bos taurus","misde_cattle1front","misde_cattle1front","Daily cattle herd movements in the Logone Floodplain, Cameroon","2011-03-21","06:36:09"
"2271",2271,5476799128,"true",14.9388818312321,11.2974984761809,0.1944446,270,315,1,"gps","Bos taurus","misde_cattle1front","misde_cattle1front","Daily cattle herd movements in the Logone Floodplain, Cameroon","2011-03-21","06:37:00"
"2272",2272,5476799135,"true",14.938826854308,11.2974894210142,0.138889,243,315,1,"gps","Bos taurus","misde_cattle1front","misde_cattle1front","Daily cattle herd movements in the Logone Floodplain, Cameroon","2011-03-21","06:38:01"
"2273",2273,5476799147,"true",14.9386985492242,11.2975888765466,0.1111112,0,317,2,"gps","Bos taurus","misde_cattle1front","misde_cattle1front","Daily cattle herd movements in the Logone Floodplain, Cameroon","2011-03-21","06:39:21"
"2274",2274,5476799151,"true",14.9386618928089,11.297606956606,0.2222224,224,316,1,"gps","Bos taurus","misde_cattle1front","misde_cattle1front","Daily cattle herd movements in the Logone Floodplain, Cameroon","2011-03-21","06:40:00"
"2275",2275,5476799164,"true",14.9385427584648,11.2976702386784,0.277778,316,316,1,"gps","Bos taurus","misde_cattle1front","misde_cattle1front","Daily cattle herd movements in the Logone Floodplain, Cameroon","2011-03-21","06:41:03"
"2276",2276,5476799178,"true",14.9384510980841,11.2978058769884,0.555556,316,316,2,"gps","Bos taurus","misde_cattle1front","misde_cattle1front","Daily cattle herd movements in the Logone Floodplain, Cameroon","2011-03-21","06:42:02"
"2277",2277,5476799187,"true",14.9383686104261,11.2978962980656,0.1944446,270,317,1,"gps","Bos taurus","misde_cattle1front","misde_cattle1front","Daily cattle herd movements in the Logone Floodplain, Cameroon","2011-03-21","06:43:04"
"2278",2278,5476799198,"true",14.9382586409877,11.2979505381055,0.0833334,243,315,1,"gps","Bos taurus","misde_cattle1front","misde_cattle1front","Daily cattle herd movements in the Logone Floodplain, Cameroon","2011-03-21","06:44:04"
"2279",2279,5476799203,"true",14.9381944930979,11.297977656199,0.2500002,297,315,1,"gps","Bos taurus","misde_cattle1front","misde_cattle1front","Daily cattle herd movements in the Logone Floodplain, Cameroon","2011-03-21","06:45:02"
"2280",2280,5476799214,"true",14.9380387116942,11.2980137989535,0.1944446,270,316,1,"gps","Bos taurus","misde_cattle1front","misde_cattle1front","Daily cattle herd movements in the Logone Floodplain, Cameroon","2011-03-21","06:46:01"
"2281",2281,5476799223,"true",14.9379745579398,11.2980680484639,0.0555556,0,316,1,"gps","Bos taurus","misde_cattle1front","misde_cattle1front","Daily cattle herd movements in the Logone Floodplain, Cameroon","2011-03-21","06:47:09"
"2282",2282,5476799232,"true",14.937882914682,11.2981222921986,0.138889,270,315,1,"gps","Bos taurus","misde_cattle1front","misde_cattle1front","Daily cattle herd movements in the Logone Floodplain, Cameroon","2011-03-21","06:48:01"
"2283",2283,5476799241,"true",14.9378004442956,11.2981313187205,0.2222224,297,316,1,"gps","Bos taurus","misde_cattle1front","misde_cattle1front","Daily cattle herd movements in the Logone Floodplain, Cameroon","2011-03-21","06:49:02"
"2284",2284,5476799253,"true",14.9377179641469,11.2981855643271,0.1111112,270,315,1,"gps","Bos taurus","misde_cattle1front","misde_cattle1front","Daily cattle herd movements in the Logone Floodplain, Cameroon","2011-03-21","06:50:15"
"2285",2285,5476799262,"true",14.9376171556859,11.298248849874,0.1944446,270,314,1,"gps","Bos taurus","misde_cattle1front","misde_cattle1front","Daily cattle herd movements in the Logone Floodplain, Cameroon","2011-03-21","06:51:08"
"2286",2286,5476799268,"true",14.937562161053,11.2983211888653,0.0555556,270,315,1,"gps","Bos taurus","misde_cattle1front","misde_cattle1front","Daily cattle herd movements in the Logone Floodplain, Cameroon","2011-03-21","06:52:16"
"2287",2287,5476799274,"true",14.9374888439732,11.2983754363376,0.0555556,270,316,1,"gps","Bos taurus","misde_cattle1front","misde_cattle1front","Daily cattle herd movements in the Logone Floodplain, Cameroon","2011-03-21","06:53:12"
"2288",2288,5476799281,"true",14.9374063715414,11.2983935065705,0.138889,270,316,1,"gps","Bos taurus","misde_cattle1front","misde_cattle1front","Daily cattle herd movements in the Logone Floodplain, Cameroon","2011-03-21","06:54:00"
"2289",2289,5476799292,"true",14.937268918121,11.2984206089672,0.1666668,316,316,1,"gps","Bos taurus","misde_cattle1front","misde_cattle1front","Daily cattle herd movements in the Logone Floodplain, Cameroon","2011-03-21","06:55:10"
"2290",2290,5476799301,"true",14.9371589482779,11.298474848595,0.277778,316,316,1,"gps","Bos taurus","misde_cattle1front","misde_cattle1front","Daily cattle herd movements in the Logone Floodplain, Cameroon","2011-03-21","06:56:13"
"2291",2291,5476799310,"true",14.9370581435383,11.2985200463069,0.555556,289,315,2,"gps","Bos taurus","misde_cattle1front","misde_cattle1front","Daily cattle herd movements in the Logone Floodplain, Cameroon","2011-03-21","06:57:01"
"2292",2292,5476799322,"true",14.9368657109873,11.2985471368318,0.3055558,270,315,1,"gps","Bos taurus","misde_cattle1front","misde_cattle1front","Daily cattle herd movements in the Logone Floodplain, Cameroon","2011-03-21","06:58:07"
"2293",2293,5476799330,"true",14.9367465857739,11.2985651990684,0.138889,277,315,5,"gps","Bos taurus","misde_cattle1front","misde_cattle1front","Daily cattle herd movements in the Logone Floodplain, Cameroon","2011-03-21","06:59:00"
"2294",2294,5476799337,"true",14.9366182973717,11.2985832592971,0.3888892,270,314,1,"gps","Bos taurus","misde_cattle1front","misde_cattle1front","Daily cattle herd movements in the Logone Floodplain, Cameroon","2011-03-21","07:00:02"
"2295",2295,5476799346,"true",14.9364991780976,11.2985741899709,0.1111112,297,314,1,"gps","Bos taurus","misde_cattle1front","misde_cattle1front","Daily cattle herd movements in the Logone Floodplain, Cameroon","2011-03-21","07:01:04"
"2296",2296,5476799356,"true",14.9363433901804,11.2986374632929,0.1944446,289,314,2,"gps","Bos taurus","misde_cattle1front","misde_cattle1front","Daily cattle herd movements in the Logone Floodplain, Cameroon","2011-03-21","07:02:03"
"2297",2297,5476799365,"true",14.9362242609016,11.2986736129609,0.555556,289,314,2,"gps","Bos taurus","misde_cattle1front","misde_cattle1front","Daily cattle herd movements in the Logone Floodplain, Cameroon","2011-03-21","07:03:07"
"2298",2298,5476799377,"true",14.9360684788808,11.2987097546746,0.1944446,0,315,1,"gps","Bos taurus","misde_cattle1front","misde_cattle1front","Daily cattle herd movements in the Logone Floodplain, Cameroon","2011-03-21","07:04:13"
"2299",2299,5476799386,"true",14.9361142967729,11.2987007207357,0.0833334,289,315,2,"gps","Bos taurus","misde_cattle1front","misde_cattle1front","Daily cattle herd movements in the Logone Floodplain, Cameroon","2011-03-21","07:05:29"
"2300",2300,5476799388,"true",14.9360868052369,11.2987097586283,0.0555556,301,315,3,"gps","Bos taurus","misde_cattle1front","misde_cattle1front","Daily cattle herd movements in the Logone Floodplain, Cameroon","2011-03-21","07:06:02"
"2301",2301,5476799389,"true",14.9360593116957,11.2987278403391,0,0,316,0,"gps","Bos taurus","misde_cattle1front","misde_cattle1front","Daily cattle herd movements in the Logone Floodplain, Cameroon","2011-03-21","07:07:02"
"2302",2302,5476799393,"true",14.9359951694453,11.2987278264904,0.0555556,297,315,1,"gps","Bos taurus","misde_cattle1front","misde_cattle1front","Daily cattle herd movements in the Logone Floodplain, Cameroon","2011-03-21","07:08:51"
"2303",2303,5476799394,"true",14.9359860062666,11.2987278245108,0.0833334,90,315,1,"gps","Bos taurus","misde_cattle1front","misde_cattle1front","Daily cattle herd movements in the Logone Floodplain, Cameroon","2011-03-21","07:09:11"
"2304",2304,5476799397,"true",14.9359585127174,11.2987459062123,0.833334,213,314,2,"gps","Bos taurus","misde_cattle1front","misde_cattle1front","Daily cattle herd movements in the Logone Floodplain, Cameroon","2011-03-21","07:10:20"
"2305",2305,5476799403,"true",14.9359035436842,11.2987006752197,0.138889,289,315,2,"gps","Bos taurus","misde_cattle1front","misde_cattle1front","Daily cattle herd movements in the Logone Floodplain, Cameroon","2011-03-21","07:11:01"
"2306",2306,5476799414,"true",14.9357660839419,11.2987549083796,0.1944446,270,315,1,"gps","Bos taurus","misde_cattle1front","misde_cattle1front","Daily cattle herd movements in the Logone Floodplain, Cameroon","2011-03-21","07:12:17"
"2307",2307,5476799423,"true",14.9356561278048,11.2987458407007,0.2222224,270,315,1,"gps","Bos taurus","misde_cattle1front","misde_cattle1front","Daily cattle herd movements in the Logone Floodplain, Cameroon","2011-03-21","07:13:01"
"2308",2308,5476799432,"true",14.9355553368729,11.2987277311533,0.3888892,270,315,1,"gps","Bos taurus","misde_cattle1front","misde_cattle1front","Daily cattle herd movements in the Logone Floodplain, Cameroon","2011-03-21","07:14:12"
"2309",2309,5476799441,"true",14.9354270463034,11.298754834686,0.138889,297,315,1,"gps","Bos taurus","misde_cattle1front","misde_cattle1front","Daily cattle herd movements in the Logone Floodplain, Cameroon","2011-03-21","07:15:02"
"2310",2310,5476799452,"true",14.9352987577375,11.2987728943422,0.2222224,316,314,1,"gps","Bos taurus","misde_cattle1front","misde_cattle1front","Daily cattle herd movements in the Logone Floodplain, Cameroon","2011-03-21","07:16:00"
"2311",2311,5476799462,"true",14.9351429796144,11.2987909479268,0.1111112,307,314,3,"gps","Bos taurus","misde_cattle1front","misde_cattle1front","Daily cattle herd movements in the Logone Floodplain, Cameroon","2011-03-21","07:17:13"
"2312",2312,5476799465,"true",14.9350971596447,11.2988090255358,0.0555556,270,314,1,"gps","Bos taurus","misde_cattle1front","misde_cattle1front","Daily cattle herd movements in the Logone Floodplain, Cameroon","2011-03-21","07:18:02"
"2313",2313,5476799475,"true",14.934978032179,11.2988361308805,0.1111112,301,315,3,"gps","Bos taurus","misde_cattle1front","misde_cattle1front","Daily cattle herd movements in the Logone Floodplain, Cameroon","2011-03-21","07:19:09"
"2314",2314,5476799480,"true",14.9348955553822,11.2988722880537,0.833334,327,315,2,"gps","Bos taurus","misde_cattle1front","misde_cattle1front","Daily cattle herd movements in the Logone Floodplain, Cameroon","2011-03-21","07:20:00"
"2315",2315,5476799490,"true",14.934803909252,11.2989355746492,0.1944446,270,315,1,"gps","Bos taurus","misde_cattle1front","misde_cattle1front","Daily cattle herd movements in the Logone Floodplain, Cameroon","2011-03-21","07:21:09"
"2316",2316,5476799498,"true",14.9346756287558,11.2989174587527,0.555556,289,315,2,"gps","Bos taurus","misde_cattle1front","misde_cattle1front","Daily cattle herd movements in the Logone Floodplain, Cameroon","2011-03-21","07:22:06"
"2317",2317,5476799503,"true",14.9346206476007,11.2989264904467,1.111112,307,315,3,"gps","Bos taurus","misde_cattle1front","misde_cattle1front","Daily cattle herd movements in the Logone Floodplain, Cameroon","2011-03-21","07:23:00"
"2318",2318,5476799517,"true",14.9343548987899,11.2989987822551,0.555556,270,315,2,"gps","Bos taurus","misde_cattle1front","misde_cattle1front","Daily cattle herd movements in the Logone Floodplain, Cameroon","2011-03-21","07:24:00"
"2319",2319,5476799526,"true",14.9342357814813,11.2989806681982,0.277778,224,315,1,"gps","Bos taurus","misde_cattle1front","misde_cattle1front","Daily cattle herd movements in the Logone Floodplain, Cameroon","2011-03-21","07:25:02"
"2320",2320,5476799537,"true",14.9340891705001,11.2989806356205,0.2222224,270,316,1,"gps","Bos taurus","misde_cattle1front","misde_cattle1front","Daily cattle herd movements in the Logone Floodplain, Cameroon","2011-03-21","07:26:10"
"2321",2321,5476799546,"true",14.9339242227945,11.2990258179854,0.1666668,243,316,3,"gps","Bos taurus","misde_cattle1front","misde_cattle1front","Daily cattle herd movements in the Logone Floodplain, Cameroon","2011-03-21","07:27:07"
"2322",2322,5476799548,"true",14.9338784089278,11.2990167639442,0.3888892,270,315,1,"gps","Bos taurus","misde_cattle1front","misde_cattle1front","Daily cattle herd movements in the Logone Floodplain, Cameroon","2011-03-21","07:28:09"
"2323",2323,5476799558,"true",14.9337592874916,11.2990167373365,0.833334,284,315,2,"gps","Bos taurus","misde_cattle1front","misde_cattle1front","Daily cattle herd movements in the Logone Floodplain, Cameroon","2011-03-21","07:29:01"
"2324",2324,5476799572,"true",14.9335851827692,11.2990347860028,0.3888892,270,315,1,"gps","Bos taurus","misde_cattle1front","misde_cattle1front","Daily cattle herd movements in the Logone Floodplain, Cameroon","2011-03-21","07:30:11"
"2325",2325,5476799576,"true",14.9335027140779,11.2990347675055,0.555556,270,315,2,"gps","Bos taurus","misde_cattle1front","misde_cattle1front","Daily cattle herd movements in the Logone Floodplain, Cameroon","2011-03-21","07:31:11"
"2326",2326,5476799581,"true",14.9334385675911,11.2990528407434,0.1666668,297,315,1,"gps","Bos taurus","misde_cattle1front","misde_cattle1front","Daily cattle herd movements in the Logone Floodplain, Cameroon","2011-03-21","07:32:02"
"2327",2327,5476799587,"true",14.9333469273522,11.2990889954248,0.1111112,270,315,2,"gps","Bos taurus","misde_cattle1front","misde_cattle1front","Daily cattle herd movements in the Logone Floodplain, Cameroon","2011-03-21","07:33:03"
"2328",2328,5476799593,"true",14.9332552912733,11.2991070624375,0.833334,256,314,2,"gps","Bos taurus","misde_cattle1front","misde_cattle1front","Daily cattle herd movements in the Logone Floodplain, Cameroon","2011-03-21","07:34:04"
"2329",2329,5476799606,"true",14.9330445337038,11.2991251025264,0.3888892,270,314,1,"gps","Bos taurus","misde_cattle1front","misde_cattle1front","Daily cattle herd movements in the Logone Floodplain, Cameroon","2011-03-21","07:35:11"
"2330",2330,5476799618,"true",14.9328887510504,11.2991612425636,0.1944446,289,316,2,"gps","Bos taurus","misde_cattle1front","misde_cattle1front","Daily cattle herd movements in the Logone Floodplain, Cameroon","2011-03-21","07:36:01"
"2331",2331,5476799624,"true",14.9328062802186,11.2991702676923,0.833334,270,315,2,"gps","Bos taurus","misde_cattle1front","misde_cattle1front","Daily cattle herd movements in the Logone Floodplain, Cameroon","2011-03-21","07:37:09"
"2332",2332,5476799636,"true",14.9326046815457,11.2992063971858,0.555556,289,314,2,"gps","Bos taurus","misde_cattle1front","misde_cattle1front","Daily cattle herd movements in the Logone Floodplain, Cameroon","2011-03-21","07:38:01"
"2333",2333,5476799649,"true",14.9324489009114,11.299233493171,1.111112,248,315,3,"gps","Bos taurus","misde_cattle1front","misde_cattle1front","Daily cattle herd movements in the Logone Floodplain, Cameroon","2011-03-21","07:39:00"
"2334",2334,5476799657,"true",14.932274798103,11.2992424972459,0.1111112,224,315,1,"gps","Bos taurus","misde_cattle1front","misde_cattle1front","Daily cattle herd movements in the Logone Floodplain, Cameroon","2011-03-21","07:40:02"
"2335",2335,5476799667,"true",14.9321373459359,11.2992605534357,1.111112,282,315,3,"gps","Bos taurus","misde_cattle1front","misde_cattle1front","Daily cattle herd movements in the Logone Floodplain, Cameroon","2011-03-21","07:41:04"
"2336",2336,5476799676,"true",14.9319907220323,11.2993147827376,0.1666668,297,315,1,"gps","Bos taurus","misde_cattle1front","misde_cattle1front","Daily cattle herd movements in the Logone Floodplain, Cameroon","2011-03-21","07:42:02"
"2337",2337,5476799685,"true",14.9318899076623,11.2993961539614,0.0555556,0,314,1,"gps","Bos taurus","misde_cattle1front","misde_cattle1front","Daily cattle herd movements in the Logone Floodplain, Cameroon","2011-03-21","07:43:05"
"2338",2338,5476799699,"true",14.9316516452109,11.2994774934742,0.3888892,270,313,1,"gps","Bos taurus","misde_cattle1front","misde_cattle1front","Daily cattle herd movements in the Logone Floodplain, Cameroon","2011-03-21","07:44:02"
"2339",2339,5476799713,"true",14.931505021107,11.2995317225337,0.2222224,243,314,1,"gps","Bos taurus","misde_cattle1front","misde_cattle1front","Daily cattle herd movements in the Logone Floodplain, Cameroon","2011-03-21","07:45:04"
"2340",2340,5476799728,"true",14.931303419871,11.299576894958,0.833334,297,316,3,"gps","Bos taurus","misde_cattle1front","misde_cattle1front","Daily cattle herd movements in the Logone Floodplain, Cameroon","2011-03-21","07:46:02"
"2341",2341,5476799741,"true",14.9310651506271,11.2996853654545,0.833334,284,316,2,"gps","Bos taurus","misde_cattle1front","misde_cattle1front","Daily cattle herd movements in the Logone Floodplain, Cameroon","2011-03-21","07:47:08"
"2342",2342,5476799753,"true",14.9308635383841,11.2997757566744,0.1666668,297,315,1,"gps","Bos taurus","misde_cattle1front","misde_cattle1front","Daily cattle herd movements in the Logone Floodplain, Cameroon","2011-03-21","07:48:01"
"2343",2343,5476799761,"true",14.9306985984157,11.2997847619587,0.0833334,270,314,1,"gps","Bos taurus","misde_cattle1front","misde_cattle1front","Daily cattle herd movements in the Logone Floodplain, Cameroon","2011-03-21","07:49:34"
"2344",2344,5476799767,"true",14.9306344472426,11.2998209222249,0.3055558,270,313,1,"gps","Bos taurus","misde_cattle1front","misde_cattle1front","Daily cattle herd movements in the Logone Floodplain, Cameroon","2011-03-21","07:50:03"
"2345",2345,5476799777,"true",14.9304878227758,11.2998751507777,0.0833334,243,312,1,"gps","Bos taurus","misde_cattle1front","misde_cattle1front","Daily cattle herd movements in the Logone Floodplain, Cameroon","2011-03-21","07:51:05"
"2346",2346,5476799785,"true",14.9304511699197,11.2998751421757,0.1944446,90,313,1,"gps","Bos taurus","misde_cattle1front","misde_cattle1front","Daily cattle herd movements in the Logone Floodplain, Cameroon","2011-03-21","07:52:00"
"2347",2347,5476799794,"true",14.9304511612019,11.2999113174523,0.555556,297,316,1,"gps","Bos taurus","misde_cattle1front","misde_cattle1front","Daily cattle herd movements in the Logone Floodplain, Cameroon","2011-03-21","07:53:04"
"2348",2348,5476799803,"true",14.9303411982542,11.2999293792573,0.1944446,0,314,1,"gps","Bos taurus","misde_cattle1front","misde_cattle1front","Daily cattle herd movements in the Logone Floodplain, Cameroon","2011-03-21","07:54:03"
"2349",2349,5476799809,"true",14.9303686813552,11.2999565171767,0.0555556,90,315,1,"gps","Bos taurus","misde_cattle1front","misde_cattle1front","Daily cattle herd movements in the Logone Floodplain, Cameroon","2011-03-21","07:55:06"
"2350",2350,5476799821,"true",14.9302312549701,11.2998660466497,0.1944446,270,314,1,"gps","Bos taurus","misde_cattle1front","misde_cattle1front","Daily cattle herd movements in the Logone Floodplain, Cameroon","2011-03-21","07:56:02"
"2351",2351,5476799831,"true",14.9301671015326,11.2999112506332,0.1666668,270,314,1,"gps","Bos taurus","misde_cattle1front","misde_cattle1front","Daily cattle herd movements in the Logone Floodplain, Cameroon","2011-03-21","07:57:02"
"2352",2352,5476799839,"true",14.9300937848585,11.2999564524406,0.0833334,297,314,1,"gps","Bos taurus","misde_cattle1front","misde_cattle1front","Daily cattle herd movements in the Logone Floodplain, Cameroon","2011-03-21","07:58:08"
"2353",2353,5476799843,"true",14.9300388055593,11.2999564394627,0.2222224,270,314,1,"gps","Bos taurus","misde_cattle1front","misde_cattle1front","Daily cattle herd movements in the Logone Floodplain, Cameroon","2011-03-21","07:59:16"
"2354",2354,5476799853,"true",14.9298555478237,11.2999292646726,0.138889,270,315,2,"gps","Bos taurus","misde_cattle1front","misde_cattle1front","Daily cattle herd movements in the Logone Floodplain, Cameroon","2011-03-21","08:00:14"
"2355",2355,5476799862,"true",14.9297455738253,11.2999925453511,0.833334,256,315,2,"gps","Bos taurus","misde_cattle1front","misde_cattle1front","Daily cattle herd movements in the Logone Floodplain, Cameroon","2011-03-21","08:01:02"
"2356",2356,5476799874,"true",14.9295531352179,11.3000377187521,0.555556,289,315,2,"gps","Bos taurus","misde_cattle1front","misde_cattle1front","Daily cattle herd movements in the Logone Floodplain, Cameroon","2011-03-21","08:02:02"
"2357",2357,5476799888,"true",14.9294156626017,11.3001371680443,1.111112,282,314,3,"gps","Bos taurus","misde_cattle1front","misde_cattle1front","Daily cattle herd movements in the Logone Floodplain, Cameroon","2011-03-21","08:03:00"
"2358",2358,5476799903,"true",14.9291682334076,11.3002275471836,0.555556,289,314,2,"gps","Bos taurus","misde_cattle1front","misde_cattle1front","Daily cattle herd movements in the Logone Floodplain, Cameroon","2011-03-21","08:04:01"
"2359",2359,5476799921,"true",14.9288841444626,11.3003450487742,0.555556,289,315,2,"gps","Bos taurus","misde_cattle1front","misde_cattle1front","Daily cattle herd movements in the Logone Floodplain, Cameroon","2011-03-21","08:05:06"
"2360",2360,5476799936,"true",14.9286092140454,11.3004806399353,0.2222224,297,315,1,"gps","Bos taurus","misde_cattle1front","misde_cattle1front","Daily cattle herd movements in the Logone Floodplain, Cameroon","2011-03-21","08:06:01"
"2361",2361,5476799948,"true",14.9285358745883,11.3006162795365,0.555556,270,315,2,"gps","Bos taurus","misde_cattle1front","misde_cattle1front","Daily cattle herd movements in the Logone Floodplain, Cameroon","2011-03-21","08:07:03"
"2362",2362,5476799963,"true",14.9282609549915,11.3007066512783,0.833334,284,315,2,"gps","Bos taurus","misde_cattle1front","misde_cattle1front","Daily cattle herd movements in the Logone Floodplain, Cameroon","2011-03-21","08:08:02"
"2363",2363,5476799971,"true",14.9281326561182,11.3007608830942,0.555556,289,316,2,"gps","Bos taurus","misde_cattle1front","misde_cattle1front","Daily cattle herd movements in the Logone Floodplain, Cameroon","2011-03-21","08:09:02"
"2364",2364,5476799983,"true",14.9279310286638,11.3009055352101,0.555556,289,317,2,"gps","Bos taurus","misde_cattle1front","misde_cattle1front","Daily cattle herd movements in the Logone Floodplain, Cameroon","2011-03-21","08:10:01"
"2365",2365,5476799996,"true",14.927756911137,11.3009687995299,0.833334,316,315,3,"gps","Bos taurus","misde_cattle1front","misde_cattle1front","Daily cattle herd movements in the Logone Floodplain, Cameroon","2011-03-21","08:11:05"
"2366",2366,5476800011,"true",14.9275277890489,11.3011315322978,0.833334,316,316,3,"gps","Bos taurus","misde_cattle1front","misde_cattle1front","Daily cattle herd movements in the Logone Floodplain, Cameroon","2011-03-21","08:12:09"
"2367",2367,5476800028,"true",14.9272436620694,11.3013937333808,0.555556,316,315,2,"gps","Bos taurus","misde_cattle1front","misde_cattle1front","Daily cattle herd movements in the Logone Floodplain, Cameroon","2011-03-21","08:13:00"
"2368",2368,5476800041,"true",14.9270786959354,11.3015022186351,0,0,316,0,"gps","Bos taurus","misde_cattle1front","misde_cattle1front","Daily cattle herd movements in the Logone Floodplain, Cameroon","2011-03-21","08:14:06"
"2369",2369,5476800055,"true",14.9268587340205,11.3016739969476,1.111112,307,315,3,"gps","Bos taurus","misde_cattle1front","misde_cattle1front","Daily cattle herd movements in the Logone Floodplain, Cameroon","2011-03-21","08:15:01"
"2370",2370,5476800068,"true",14.9266296269651,11.3017734222859,0.1111112,289,317,2,"gps","Bos taurus","misde_cattle1front","misde_cattle1front","Daily cattle herd movements in the Logone Floodplain, Cameroon","2011-03-21","08:16:01"
"2371",2371,5476800078,"true",14.9265196561677,11.301818614116,0.138889,304,320,2,"gps","Bos taurus","misde_cattle1front","misde_cattle1front","Daily cattle herd movements in the Logone Floodplain, Cameroon","2011-03-21","08:17:02"
"2372",2372,5476800085,"true",14.9264005266732,11.301845715994,0.833334,284,317,2,"gps","Bos taurus","misde_cattle1front","misde_cattle1front","Daily cattle herd movements in the Logone Floodplain, Cameroon","2011-03-21","08:18:02"
"2373",2373,5476800097,"true",14.9262172472828,11.3018999333054,0.833334,284,316,2,"gps","Bos taurus","misde_cattle1front","misde_cattle1front","Daily cattle herd movements in the Logone Floodplain, Cameroon","2011-03-21","08:19:15"
"2374",2374,5476800106,"true",14.9260981269923,11.3018908597931,0.138889,297,315,1,"gps","Bos taurus","misde_cattle1front","misde_cattle1front","Daily cattle herd movements in the Logone Floodplain, Cameroon","2011-03-21","08:20:08"
"2375",2375,5476800114,"true",14.9260248207751,11.3018908414953,0.1666668,44,317,1,"gps","Bos taurus","misde_cattle1front","misde_cattle1front","Daily cattle herd movements in the Logone Floodplain, Cameroon","2011-03-21","08:21:02"
"2376",2376,5476800121,"true",14.9259423605657,11.3018546456205,0.1666668,243,318,3,"gps","Bos taurus","misde_cattle1front","misde_cattle1front","Daily cattle herd movements in the Logone Floodplain, Cameroon","2011-03-21","08:22:02"
"2377",2377,5476800129,"true",14.925878217634,11.3018546295772,0.138889,0,316,1,"gps","Bos taurus","misde_cattle1front","misde_cattle1front","Daily cattle herd movements in the Logone Floodplain, Cameroon","2011-03-21","08:23:06"
"2378",2378,5476800142,"true",14.9256857771934,11.301899800449,0.555556,251,316,2,"gps","Bos taurus","misde_cattle1front","misde_cattle1front","Daily cattle herd movements in the Logone Floodplain, Cameroon","2011-03-21","08:24:02"
"2379",2379,5476800153,"true",14.9255208358671,11.3019088028407,0.0833334,297,315,1,"gps","Bos taurus","misde_cattle1front","misde_cattle1front","Daily cattle herd movements in the Logone Floodplain, Cameroon","2011-03-21","08:25:01"
"2380",2380,5476800161,"true",14.925438352347,11.301963044995,0.555556,289,316,2,"gps","Bos taurus","misde_cattle1front","misde_cattle1front","Daily cattle herd movements in the Logone Floodplain, Cameroon","2011-03-21","08:26:03"
"2381",2381,5476800173,"true",14.9253100500499,11.3020263193938,0.3611114,289,316,2,"gps","Bos taurus","misde_cattle1front","misde_cattle1front","Daily cattle herd movements in the Logone Floodplain, Cameroon","2011-03-21","08:27:16"
"2382",2382,5476800185,"true",14.9251909203591,11.3020534207838,0.833334,256,316,2,"gps","Bos taurus","misde_cattle1front","misde_cattle1front","Daily cattle herd movements in the Logone Floodplain, Cameroon","2011-03-21","08:28:01"
"2383",2383,5476800199,"true",14.9249710086437,11.3020262337115,0.138889,270,316,1,"gps","Bos taurus","misde_cattle1front","misde_cattle1front","Daily cattle herd movements in the Logone Floodplain, Cameroon","2011-03-21","08:29:07"
"2384",2384,5476800210,"true",14.9248518812774,11.3020442911482,0.3055558,270,316,1,"gps","Bos taurus","misde_cattle1front","misde_cattle1front","Daily cattle herd movements in the Logone Floodplain, Cameroon","2011-03-21","08:30:05"
"2385",2385,5476800221,"true",14.9246961031275,11.3020532954044,0.833334,256,315,2,"gps","Bos taurus","misde_cattle1front","misde_cattle1front","Daily cattle herd movements in the Logone Floodplain, Cameroon","2011-03-21","08:31:19"
"2386",2386,5476800226,"true",14.9246502890791,11.3020442399368,0.833334,304,315,2,"gps","Bos taurus","misde_cattle1front","misde_cattle1front","Daily cattle herd movements in the Logone Floodplain, Cameroon","2011-03-21","08:32:04"
"2387",2387,5476800231,"true",14.9245861366523,11.30208039888,0.0277778,270,315,1,"gps","Bos taurus","misde_cattle1front","misde_cattle1front","Daily cattle herd movements in the Logone Floodplain, Cameroon","2011-03-21","08:33:00"
"2388",2388,5476800238,"true",14.9244853263398,11.3021346361005,0.555556,297,317,1,"gps","Bos taurus","misde_cattle1front","misde_cattle1front","Daily cattle herd movements in the Logone Floodplain, Cameroon","2011-03-21","08:34:03"
"2389",2389,5476800249,"true",14.9243844993991,11.3022521800016,0.277778,307,317,3,"gps","Bos taurus","misde_cattle1front","misde_cattle1front","Daily cattle herd movements in the Logone Floodplain, Cameroon","2011-03-21","08:35:00"
"2390",2390,5476800258,"true",14.9242561753778,11.3023968482879,0.0833334,304,316,2,"gps","Bos taurus","misde_cattle1front","misde_cattle1front","Daily cattle herd movements in the Logone Floodplain, Cameroon","2011-03-21","08:36:17"
"2391",2391,5476800265,"true",14.924210335158,11.3024872747318,0.555556,316,317,2,"gps","Bos taurus","misde_cattle1front","misde_cattle1front","Daily cattle herd movements in the Logone Floodplain, Cameroon","2011-03-21","08:37:06"
"2392",2392,5476800276,"true",14.9241827929886,11.3026862316537,0.138889,327,316,2,"gps","Bos taurus","misde_cattle1front","misde_cattle1front","Daily cattle herd movements in the Logone Floodplain, Cameroon","2011-03-21","08:38:01"
"2393",2393,5476800286,"true",14.9241186189539,11.3028037848378,0.277778,316,316,1,"gps","Bos taurus","misde_cattle1front","misde_cattle1front","Daily cattle herd movements in the Logone Floodplain, Cameroon","2011-03-21","08:39:02"
"2394",2394,5476800294,"true",14.9240269668455,11.3028761118769,0.3611114,316,318,3,"gps","Bos taurus","misde_cattle1front","misde_cattle1front","Daily cattle herd movements in the Logone Floodplain, Cameroon","2011-03-21","08:40:00"
"2395",2395,5476800302,"true",14.9239536365444,11.3029665312247,0.1944446,0,316,1,"gps","Bos taurus","misde_cattle1front","misde_cattle1front","Daily cattle herd movements in the Logone Floodplain, Cameroon","2011-03-21","08:41:19"
"2396",2396,5476800310,"true",14.9238986328246,11.3030569552628,0.833334,316,316,3,"gps","Bos taurus","misde_cattle1front","misde_cattle1front","Daily cattle herd movements in the Logone Floodplain, Cameroon","2011-03-21","08:42:32"
"2397",2397,5476800313,"true",14.9238528019345,11.3031112063826,0.1111112,316,316,1,"gps","Bos taurus","misde_cattle1front","misde_cattle1front","Daily cattle herd movements in the Logone Floodplain, Cameroon","2011-03-21","08:43:00"
"2398",2398,5476800323,"true",14.9237336405833,11.3032558767856,0.2222224,316,317,1,"gps","Bos taurus","misde_cattle1front","misde_cattle1front","Daily cattle herd movements in the Logone Floodplain, Cameroon","2011-03-21","08:44:06"
"2399",2399,5476800337,"true",14.9236969346823,11.3034548312898,0.138889,0,315,1,"gps","Bos taurus","misde_cattle1front","misde_cattle1front","Daily cattle herd movements in the Logone Floodplain, Cameroon","2011-03-21","08:45:02"
"2400",2400,5476800347,"true",14.9236785817125,11.3035543085391,0.2500002,297,317,3,"gps","Bos taurus","misde_cattle1front","misde_cattle1front","Daily cattle herd movements in the Logone Floodplain, Cameroon","2011-03-21","08:46:17"
"2401",2401,5476800351,"true",14.923651077364,11.303608564347,0.1666668,304,316,2,"gps","Bos taurus","misde_cattle1front","misde_cattle1front","Daily cattle herd movements in the Logone Floodplain, Cameroon","2011-03-21","08:47:01"
"2402",2402,5476800361,"true",14.9235410958186,11.3036899303199,0.833334,284,315,2,"gps","Bos taurus","misde_cattle1front","misde_cattle1front","Daily cattle herd movements in the Logone Floodplain, Cameroon","2011-03-21","08:48:02"
"2403",2403,5476800369,"true",14.9234677819513,11.3037170428326,1.111112,307,318,3,"gps","Bos taurus","misde_cattle1front","misde_cattle1front","Daily cattle herd movements in the Logone Floodplain, Cameroon","2011-03-21","08:49:00"
"2404",2404,5476800377,"true",14.9233944536617,11.303798418219,1.111112,316,316,3,"gps","Bos taurus","misde_cattle1front","misde_cattle1front","Daily cattle herd movements in the Logone Floodplain, Cameroon","2011-03-21","08:50:09"
"2405",2405,5476800388,"true",14.9232936208838,11.3039340493594,0.0833334,90,315,1,"gps","Bos taurus","misde_cattle1front","misde_cattle1front","Daily cattle herd movements in the Logone Floodplain, Cameroon","2011-03-21","08:51:00"
"2406",2406,5476800403,"true",14.9231744492774,11.3041148947858,0.277778,316,317,1,"gps","Bos taurus","misde_cattle1front","misde_cattle1front","Daily cattle herd movements in the Logone Floodplain, Cameroon","2011-03-21","08:52:16"
"2407",2407,5476800409,"true",14.9231561081292,11.3041691529217,0.833334,14,317,2,"gps","Bos taurus","misde_cattle1front","misde_cattle1front","Daily cattle herd movements in the Logone Floodplain, Cameroon","2011-03-21","08:53:04"
"2408",2408,5476800427,"true",14.9231010749996,11.3043681025806,0.555556,342,316,2,"gps","Bos taurus","misde_cattle1front","misde_cattle1front","Daily cattle herd movements in the Logone Floodplain, Cameroon","2011-03-21","08:54:07"
"2409",2409,5476800437,"true",14.9230185806694,11.304458519304,0.1944446,0,317,1,"gps","Bos taurus","misde_cattle1front","misde_cattle1front","Daily cattle herd movements in the Logone Floodplain, Cameroon","2011-03-21","08:55:02"
"2410",2410,5476800449,"true",14.9229818934337,11.3045851231813,0.833334,346,317,2,"gps","Bos taurus","misde_cattle1front","misde_cattle1front","Daily cattle herd movements in the Logone Floodplain, Cameroon","2011-03-21","08:56:11"
"2411",2411,5476800459,"true",14.9228535700863,11.3047207470112,0.1666668,309,318,4,"gps","Bos taurus","misde_cattle1front","misde_cattle1front","Daily cattle herd movements in the Logone Floodplain, Cameroon","2011-03-21","08:57:00"
"2412",2412,5476800471,"true",14.9226977758944,11.3047840130926,0.138889,0,317,1,"gps","Bos taurus","misde_cattle1front","misde_cattle1front","Daily cattle herd movements in the Logone Floodplain, Cameroon","2011-03-21","08:58:00"
"2413",2413,5476800481,"true",14.9226244446898,11.3048744320938,0.277778,316,316,1,"gps","Bos taurus","misde_cattle1front","misde_cattle1front","Daily cattle herd movements in the Logone Floodplain, Cameroon","2011-03-21","08:59:21"
"2414",2414,5476800493,"true",14.9225144575139,11.3049738853024,0.1944446,270,317,1,"gps","Bos taurus","misde_cattle1front","misde_cattle1front","Daily cattle herd movements in the Logone Floodplain, Cameroon","2011-03-21","09:00:04"
"2415",2415,5476800506,"true",14.9223861362072,11.3051004651093,0.1944446,0,317,1,"gps","Bos taurus","misde_cattle1front","misde_cattle1front","Daily cattle herd movements in the Logone Floodplain, Cameroon","2011-03-21","09:01:00"
"2416",2416,5476800513,"true",14.9223219755117,11.3051637549912,0.555556,289,317,2,"gps","Bos taurus","misde_cattle1front","misde_cattle1front","Daily cattle herd movements in the Logone Floodplain, Cameroon","2011-03-21","09:02:01"
"2417",2417,5476800525,"true",14.9221753297075,11.305281286082,0.833334,304,317,2,"gps","Bos taurus","misde_cattle1front","misde_cattle1front","Daily cattle herd movements in the Logone Floodplain, Cameroon","2011-03-21","09:03:00"
"2418",2418,5476800537,"true",14.9220470154475,11.3053807342953,0.138889,297,316,4,"gps","Bos taurus","misde_cattle1front","misde_cattle1front","Daily cattle herd movements in the Logone Floodplain, Cameroon","2011-03-21","09:04:00"
"2419",2419,5476800544,"true",14.9219461937172,11.3054711458848,0.833334,304,317,2,"gps","Bos taurus","misde_cattle1front","misde_cattle1front","Daily cattle herd movements in the Logone Floodplain, Cameroon","2011-03-21","09:05:01"
"2420",2420,5476800552,"true",14.9218545500171,11.3055072969736,0.138889,270,318,1,"gps","Bos taurus","misde_cattle1front","misde_cattle1front","Daily cattle herd movements in the Logone Floodplain, Cameroon","2011-03-21","09:06:02"
"2421",2421,5476800566,"true",14.9216712527252,11.305615774321,0.833334,297,318,3,"gps","Bos taurus","misde_cattle1front","misde_cattle1front","Daily cattle herd movements in the Logone Floodplain, Cameroon","2011-03-21","09:07:00"
"2422",2422,5476800584,"true",14.9213413335307,11.3057513440858,0.1666668,316,317,1,"gps","Bos taurus","misde_cattle1front","misde_cattle1front","Daily cattle herd movements in the Logone Floodplain, Cameroon","2011-03-21","09:08:05"
"2423",2423,5476800597,"true",14.9211580383641,11.3058507772978,0.138889,0,318,1,"gps","Bos taurus","misde_cattle1front","misde_cattle1front","Daily cattle herd movements in the Logone Floodplain, Cameroon","2011-03-21","09:09:00"
"2424",2424,5476800606,"true",14.9210755528998,11.3059050182099,0,0,318,0,"gps","Bos taurus","misde_cattle1front","misde_cattle1front","Daily cattle herd movements in the Logone Floodplain, Cameroon","2011-03-21","09:10:06"
"2425",2425,5476800616,"true",14.920974740594,11.3059592542084,0.2500002,243,318,1,"gps","Bos taurus","misde_cattle1front","misde_cattle1front","Daily cattle herd movements in the Logone Floodplain, Cameroon","2011-03-21","09:11:11"
"2426",2426,5476800624,"true",14.9209197452853,11.3060135024113,0.2500002,297,319,1,"gps","Bos taurus","misde_cattle1front","misde_cattle1front","Daily cattle herd movements in the Logone Floodplain, Cameroon","2011-03-21","09:12:18"
"2427",2427,5476800628,"true",14.9208830842154,11.3060406240607,0.138889,297,318,1,"gps","Bos taurus","misde_cattle1front","misde_cattle1front","Daily cattle herd movements in the Logone Floodplain, Cameroon","2011-03-21","09:13:01"
"2428",2428,5476800638,"true",14.920782276794,11.3060767723658,0.1111112,316,317,2,"gps","Bos taurus","misde_cattle1front","misde_cattle1front","Daily cattle herd movements in the Logone Floodplain, Cameroon","2011-03-21","09:14:00"
"2429",2429,5476800646,"true",14.9207272839124,11.3061219767189,0.555556,304,318,2,"gps","Bos taurus","misde_cattle1front","misde_cattle1front","Daily cattle herd movements in the Logone Floodplain, Cameroon","2011-03-21","09:15:03"
"2430",2430,5476800660,"true",14.9207455535775,11.3063299893299,0.0833334,0,318,1,"gps","Bos taurus","misde_cattle1front","misde_cattle1front","Daily cattle herd movements in the Logone Floodplain, Cameroon","2011-03-21","09:16:01"
"2431",2431,5476800671,"true",14.9207088576438,11.3064837243408,0.555556,342,318,2,"gps","Bos taurus","misde_cattle1front","misde_cattle1front","Daily cattle herd movements in the Logone Floodplain, Cameroon","2011-03-21","09:17:02"
"2432",2432,5476800683,"true",14.9206813126615,11.306682680865,0.555556,342,319,2,"gps","Bos taurus","misde_cattle1front","misde_cattle1front","Daily cattle herd movements in the Logone Floodplain, Cameroon","2011-03-21","09:18:03"
"2433",2433,5476800694,"true",14.9207087656516,11.306818345422,0.833334,14,318,2,"gps","Bos taurus","misde_cattle1front","misde_cattle1front","Daily cattle herd movements in the Logone Floodplain, Cameroon","2011-03-21","09:19:00"
"2434",2434,5476800709,"true",14.9208095087794,11.3070173362803,0.1944446,0,319,1,"gps","Bos taurus","misde_cattle1front","misde_cattle1front","Daily cattle herd movements in the Logone Floodplain, Cameroon","2011-03-21","09:20:01"
"2435",2435,5476800724,"true",14.9207819538764,11.3072524680576,0.138889,90,318,1,"gps","Bos taurus","misde_cattle1front","misde_cattle1front","Daily cattle herd movements in the Logone Floodplain, Cameroon","2011-03-21","09:21:01"
"2436",2436,5476800739,"true",14.9208735461582,11.307406237375,0.833334,33,318,2,"gps","Bos taurus","misde_cattle1front","misde_cattle1front","Daily cattle herd movements in the Logone Floodplain, Cameroon","2011-03-21","09:22:00"
"2437",2437,5476800755,"true",14.9209926338608,11.307541926375,0.277778,44,317,1,"gps","Bos taurus","misde_cattle1front","misde_cattle1front","Daily cattle herd movements in the Logone Floodplain, Cameroon","2011-03-21","09:23:03"
"2438",2438,5476800766,"true",14.9210475799321,11.3076685544163,0.833334,90,318,2,"gps","Bos taurus","misde_cattle1front","misde_cattle1front","Daily cattle herd movements in the Logone Floodplain, Cameroon","2011-03-21","09:24:00"
"2439",2439,5476800782,"true",14.9211025112061,11.3078494453209,0.833334,14,318,2,"gps","Bos taurus","misde_cattle1front","misde_cattle1front","Daily cattle herd movements in the Logone Floodplain, Cameroon","2011-03-21","09:25:00"
"2440",2440,5476800795,"true",14.9211940939614,11.3080393897844,1.111112,0,318,3,"gps","Bos taurus","misde_cattle1front","misde_cattle1front","Daily cattle herd movements in the Logone Floodplain, Cameroon","2011-03-21","09:26:02"
"2441",2441,5476800807,"true",14.9212673622273,11.3081841102839,0.555556,18,318,2,"gps","Bos taurus","misde_cattle1front","misde_cattle1front","Daily cattle herd movements in the Logone Floodplain, Cameroon","2011-03-21","09:27:02"
"2442",2442,5476800823,"true",14.9213406231659,11.3083559622008,0,0,320,0,"gps","Bos taurus","misde_cattle1front","misde_cattle1front","Daily cattle herd movements in the Logone Floodplain, Cameroon","2011-03-21","09:28:00"
"2443",2443,5476800836,"true",14.9213680815524,11.3084735390604,0.2222224,44,320,1,"gps","Bos taurus","misde_cattle1front","misde_cattle1front","Daily cattle herd movements in the Logone Floodplain, Cameroon","2011-03-21","09:29:03"
"2444",2444,5476800853,"true",14.9212855435324,11.3087177000672,0.277778,44,318,1,"gps","Bos taurus","misde_cattle1front","misde_cattle1front","Daily cattle herd movements in the Logone Floodplain, Cameroon","2011-03-21","09:30:00"
"2445",2445,5476800869,"true",14.9212579863757,11.308961875675,0,0,318,0,"gps","Bos taurus","misde_cattle1front","misde_cattle1front","Daily cattle herd movements in the Logone Floodplain, Cameroon","2011-03-21","09:31:11"
"2446",2446,5476800883,"true",14.9212671128369,11.3090975352874,0.555556,0,317,2,"gps","Bos taurus","misde_cattle1front","misde_cattle1front","Daily cattle herd movements in the Logone Floodplain, Cameroon","2011-03-21","09:32:00"
"2447",2447,5476800902,"true",14.9211112466529,11.309414027219,0.277778,316,317,1,"gps","Bos taurus","misde_cattle1front","misde_cattle1front","Daily cattle herd movements in the Logone Floodplain, Cameroon","2011-03-21","09:33:01"
"2448",2448,5476800916,"true",14.9211387000966,11.3095496917142,0.555556,18,318,2,"gps","Bos taurus","misde_cattle1front","misde_cattle1front","Daily cattle herd movements in the Logone Floodplain, Cameroon","2011-03-21","09:34:01"
"2449",2449,5476800932,"true",14.9212119563572,11.3097396312714,0.138889,44,319,1,"gps","Bos taurus","misde_cattle1front","misde_cattle1front","Daily cattle herd movements in the Logone Floodplain, Cameroon","2011-03-21","09:35:01"
"2450",2450,5476800947,"true",14.9213310353061,11.3099114953661,0.555556,18,318,2,"gps","Bos taurus","misde_cattle1front","misde_cattle1front","Daily cattle herd movements in the Logone Floodplain, Cameroon","2011-03-21","09:36:02"
"2451",2451,5476800961,"true",14.9213584790325,11.3100833350817,0.555556,18,318,2,"gps","Bos taurus","misde_cattle1front","misde_cattle1front","Daily cattle herd movements in the Logone Floodplain, Cameroon","2011-03-21","09:37:02"
"2452",2452,5476800974,"true",14.9214225942113,11.3101918778483,0.833334,33,319,2,"gps","Bos taurus","misde_cattle1front","misde_cattle1front","Daily cattle herd movements in the Logone Floodplain, Cameroon","2011-03-21","09:38:00"
"2453",2453,5476800985,"true",14.9214867242143,11.3102461577347,0.555556,316,319,2,"gps","Bos taurus","misde_cattle1front","misde_cattle1front","Daily cattle herd movements in the Logone Floodplain, Cameroon","2011-03-21","09:39:25"
"2454",2454,5476800993,"true",14.9214042227565,11.3103546615799,0.833334,14,319,2,"gps","Bos taurus","misde_cattle1front","misde_cattle1front","Daily cattle herd movements in the Logone Floodplain, Cameroon","2011-03-21","09:40:12"
"2455",2455,5476801008,"true",14.9213766655343,11.3105988371715,0.833334,26,319,3,"gps","Bos taurus","misde_cattle1front","misde_cattle1front","Daily cattle herd movements in the Logone Floodplain, Cameroon","2011-03-21","09:41:00"
"2456",2456,5476801024,"true",14.9213857674381,11.3108249348723,0.833334,26,318,3,"gps","Bos taurus","misde_cattle1front","misde_cattle1front","Daily cattle herd movements in the Logone Floodplain, Cameroon","2011-03-21","09:42:02"
"2457",2457,5476801039,"true",14.9214040255258,11.3110781664342,0.0833334,0,318,1,"gps","Bos taurus","misde_cattle1front","misde_cattle1front","Daily cattle herd movements in the Logone Floodplain, Cameroon","2011-03-21","09:43:18"
"2458",2458,5476801049,"true",14.9214039860781,11.3112228674009,0.1666668,0,319,2,"gps","Bos taurus","misde_cattle1front","misde_cattle1front","Daily cattle herd movements in the Logone Floodplain, Cameroon","2011-03-21","09:44:01"
"2459",2459,5476801065,"true",14.921523046054,11.3114670818882,0.3888892,0,319,1,"gps","Bos taurus","misde_cattle1front","misde_cattle1front","Daily cattle herd movements in the Logone Floodplain, Cameroon","2011-03-21","09:45:02"
"2460",2460,5476801080,"true",14.9216421357281,11.3116027706031,0.138889,44,321,1,"gps","Bos taurus","misde_cattle1front","misde_cattle1front","Daily cattle herd movements in the Logone Floodplain, Cameroon","2011-03-21","09:46:01"
"2461",2461,5476801085,"true",14.9216604456947,11.3116660821257,0.138889,44,320,1,"gps","Bos taurus","misde_cattle1front","misde_cattle1front","Daily cattle herd movements in the Logone Floodplain, Cameroon","2011-03-21","09:47:01"
"2462",2462,5476801089,"true",14.9217245785245,11.3117113181476,0.833334,33,320,2,"gps","Bos taurus","misde_cattle1front","misde_cattle1front","Daily cattle herd movements in the Logone Floodplain, Cameroon","2011-03-21","09:48:08"
"2463",2463,5476801101,"true",14.9218070066648,11.3118741285292,0.555556,44,320,2,"gps","Bos taurus","misde_cattle1front","misde_cattle1front","Daily cattle herd movements in the Logone Floodplain, Cameroon","2011-03-21","09:49:00"
"2464",2464,5476801112,"true",14.9218344557584,11.3120278805611,0.555556,334,320,1,"gps","Bos taurus","misde_cattle1front","misde_cattle1front","Daily cattle herd movements in the Logone Floodplain, Cameroon","2011-03-21","09:50:07"
"2465",2465,5476801125,"true",14.921816094223,11.3121544890593,0.1111112,44,320,1,"gps","Bos taurus","misde_cattle1front","misde_cattle1front","Daily cattle herd movements in the Logone Floodplain, Cameroon","2011-03-21","09:51:01"
"2466",2466,5476801143,"true",14.9219626604483,11.3123444477616,0.1944446,0,319,1,"gps","Bos taurus","misde_cattle1front","misde_cattle1front","Daily cattle herd movements in the Logone Floodplain, Cameroon","2011-03-21","09:52:03"
"2467",2467,5476801158,"true",14.9220909094144,11.3124982263273,0,0,319,0,"gps","Bos taurus","misde_cattle1front","misde_cattle1front","Daily cattle herd movements in the Logone Floodplain, Cameroon","2011-03-21","09:53:06"
"2468",2468,5476801175,"true",14.9222008093132,11.3127333943063,0.833334,26,319,3,"gps","Bos taurus","misde_cattle1front","misde_cattle1front","Daily cattle herd movements in the Logone Floodplain, Cameroon","2011-03-21","09:54:02"
"2469",2469,5476801190,"true",14.9223382100216,11.3129323942193,0.555556,18,318,2,"gps","Bos taurus","misde_cattle1front","misde_cattle1front","Daily cattle herd movements in the Logone Floodplain, Cameroon","2011-03-21","09:55:01"
"2470",2470,5476801204,"true",14.9224389490847,11.313158515891,1.111112,30,318,3,"gps","Bos taurus","misde_cattle1front","misde_cattle1front","Daily cattle herd movements in the Logone Floodplain, Cameroon","2011-03-21","09:56:02"
"2471",2471,5476801223,"true",14.9224938676652,11.313393669339,0.1666668,44,321,1,"gps","Bos taurus","misde_cattle1front","misde_cattle1front","Daily cattle herd movements in the Logone Floodplain, Cameroon","2011-03-21","09:57:02"
"2472",2472,5476801240,"true",14.922640415546,11.3136559781703,0.555556,44,319,2,"gps","Bos taurus","misde_cattle1front","misde_cattle1front","Daily cattle herd movements in the Logone Floodplain, Cameroon","2011-03-21","09:58:01"
"2473",2473,5476801260,"true",14.9228602269732,11.3140901384161,1.38889,44,318,4,"gps","Bos taurus","misde_cattle1front","misde_cattle1front","Daily cattle herd movements in the Logone Floodplain, Cameroon","2011-03-21","09:59:01"
"2474",2474,5476801279,"true",14.9230892365241,11.3143976875495,0.555556,18,317,2,"gps","Bos taurus","misde_cattle1front","misde_cattle1front","Daily cattle herd movements in the Logone Floodplain, Cameroon","2011-03-21","10:00:04"
"2475",2475,5476801297,"true",14.923309087692,11.3146871465103,1.111112,21,319,3,"gps","Bos taurus","misde_cattle1front","misde_cattle1front","Daily cattle herd movements in the Logone Floodplain, Cameroon","2011-03-21","10:01:00"
"2476",2476,5476801314,"true",14.9235197756082,11.3149766029365,0.833334,14,318,2,"gps","Bos taurus","misde_cattle1front","misde_cattle1front","Daily cattle herd movements in the Logone Floodplain, Cameroon","2011-03-21","10:02:01"
"2477",2477,5476801329,"true",14.9236297015731,11.315121332275,0.3055558,289,318,2,"gps","Bos taurus","misde_cattle1front","misde_cattle1front","Daily cattle herd movements in the Logone Floodplain, Cameroon","2011-03-21","10:03:00"
"2478",2478,5476801348,"true",14.9238313244204,11.3150399899633,0.0833334,297,318,1,"gps","Bos taurus","misde_cattle1front","misde_cattle1front","Daily cattle herd movements in the Logone Floodplain, Cameroon","2011-03-21","10:04:02"
"2479",2479,5476801360,"true",14.9239138215468,11.314949573096,0.833334,124,319,2,"gps","Bos taurus","misde_cattle1front","misde_cattle1front","Daily cattle herd movements in the Logone Floodplain, Cameroon","2011-03-21","10:05:09"
"2480",2480,5476801371,"true",14.9239962971567,11.3149405504829,0.555556,90,319,2,"gps","Bos taurus","misde_cattle1front","misde_cattle1front","Daily cattle herd movements in the Logone Floodplain, Cameroon","2011-03-21","10:06:07"
"2481",2481,5476801378,"true",14.9240512840715,11.3149224769831,0.1944446,90,319,1,"gps","Bos taurus","misde_cattle1front","misde_cattle1front","Daily cattle herd movements in the Logone Floodplain, Cameroon","2011-03-21","10:07:00"
"2482",2482,5476801393,"true",14.9242803763425,11.3149225356964,0.555556,90,320,2,"gps","Bos taurus","misde_cattle1front","misde_cattle1front","Daily cattle herd movements in the Logone Floodplain, Cameroon","2011-03-21","10:08:01"
"2483",2483,5476801408,"true",14.9244453227784,11.3149225778601,0.833334,76,320,2,"gps","Bos taurus","misde_cattle1front","misde_cattle1front","Daily cattle herd movements in the Logone Floodplain, Cameroon","2011-03-21","10:09:02"
"2484",2484,5476801421,"true",14.9245369620555,11.3149135574359,0.555556,109,319,2,"gps","Bos taurus","misde_cattle1front","misde_cattle1front","Daily cattle herd movements in the Logone Floodplain, Cameroon","2011-03-21","10:10:03"
"2485",2485,5476801435,"true",14.9246744174152,11.3149135924595,0.3888892,90,320,1,"gps","Bos taurus","misde_cattle1front","misde_cattle1front","Daily cattle herd movements in the Logone Floodplain, Cameroon","2011-03-21","10:11:02"
"2486",2486,5476801449,"true",14.924811870416,11.3149226712281,1.944446,114,319,6,"gps","Bos taurus","misde_cattle1front","misde_cattle1front","Daily cattle herd movements in the Logone Floodplain, Cameroon","2011-03-21","10:12:02"
"2487",2487,5476801456,"true",14.9248485228216,11.3149317243488,0.1111112,90,319,1,"gps","Bos taurus","misde_cattle1front","misde_cattle1front","Daily cattle herd movements in the Logone Floodplain, Cameroon","2011-03-21","10:13:00"
"2488",2488,5476801467,"true",14.9248668737808,11.3148412909143,0.0833334,180,320,1,"gps","Bos taurus","misde_cattle1front","misde_cattle1front","Daily cattle herd movements in the Logone Floodplain, Cameroon","2011-03-21","10:14:02"
"2489",2489,5476801477,"true",14.9249126733731,11.3149136530159,0.555556,71,320,2,"gps","Bos taurus","misde_cattle1front","misde_cattle1front","Daily cattle herd movements in the Logone Floodplain, Cameroon","2011-03-21","10:15:10"
"2490",2490,5476801490,"true",14.9250592806666,11.3149589092304,0.277778,136,318,1,"gps","Bos taurus","misde_cattle1front","misde_cattle1front","Daily cattle herd movements in the Logone Floodplain, Cameroon","2011-03-21","10:16:00"
"2491",2491,5476801499,"true",14.9251784039694,11.3149770269955,0.1944446,0,318,1,"gps","Bos taurus","misde_cattle1front","misde_cattle1front","Daily cattle herd movements in the Logone Floodplain, Cameroon","2011-03-21","10:17:01"
"2492",2492,5476801514,"true",14.9253799841369,11.3150584721849,0.277778,136,319,1,"gps","Bos taurus","misde_cattle1front","misde_cattle1front","Daily cattle herd movements in the Logone Floodplain, Cameroon","2011-03-21","10:18:13"
"2493",2493,5476801523,"true",14.9254349616297,11.3150765736633,0.3333336,63,320,1,"gps","Bos taurus","misde_cattle1front","misde_cattle1front","Daily cattle herd movements in the Logone Floodplain, Cameroon","2011-03-21","10:19:03"
"2494",2494,5476801539,"true",14.9256273805756,11.3151489725663,0.555556,71,319,2,"gps","Bos taurus","misde_cattle1front","misde_cattle1front","Daily cattle herd movements in the Logone Floodplain, Cameroon","2011-03-21","10:20:01"
"2495",2495,5476801548,"true",14.9256915194685,11.3151761201092,0.555556,136,319,2,"gps","Bos taurus","misde_cattle1front","misde_cattle1front","Daily cattle herd movements in the Logone Floodplain, Cameroon","2011-03-21","10:21:02"
"2496",2496,5476801564,"true",14.9259114668499,11.3151038247879,0.1944446,90,319,1,"gps","Bos taurus","misde_cattle1front","misde_cattle1front","Daily cattle herd movements in the Logone Floodplain, Cameroon","2011-03-21","10:22:06"
"2497",2497,5476801575,"true",14.9260305925895,11.3151128984015,1.111112,78,320,3,"gps","Bos taurus","misde_cattle1front","misde_cattle1front","Daily cattle herd movements in the Logone Floodplain, Cameroon","2011-03-21","10:23:00"
"2498",2498,5476801590,"true",14.9262230325481,11.3151039026371,0.3888892,90,320,1,"gps","Bos taurus","misde_cattle1front","misde_cattle1front","Daily cattle herd movements in the Logone Floodplain, Cameroon","2011-03-21","10:24:00"
"2499",2499,5476801606,"true",14.9264429428115,11.3151763078643,0.555556,18,319,2,"gps","Bos taurus","misde_cattle1front","misde_cattle1front","Daily cattle herd movements in the Logone Floodplain, Cameroon","2011-03-21","10:25:00"
"2500",2500,5476801617,"true",14.9265437365896,11.3152034643329,0.555556,90,318,2,"gps","Bos taurus","misde_cattle1front","misde_cattle1front","Daily cattle herd movements in the Logone Floodplain, Cameroon","2011-03-21","10:26:03"
"2501",2501,5476801626,"true",14.9266262191022,11.3151673095597,0.833334,104,319,2,"gps","Bos taurus","misde_cattle1front","misde_cattle1front","Daily cattle herd movements in the Logone Floodplain, Cameroon","2011-03-21","10:27:00"
"2502",2502,5476801637,"true",14.9267819973925,11.3151854357674,0.1111112,0,319,1,"gps","Bos taurus","misde_cattle1front","misde_cattle1front","Daily cattle herd movements in the Logone Floodplain, Cameroon","2011-03-21","10:28:02"
"2503",2503,5476801652,"true",14.926937775703,11.3152035618932,0.555556,90,319,2,"gps","Bos taurus","misde_cattle1front","misde_cattle1front","Daily cattle herd movements in the Logone Floodplain, Cameroon","2011-03-21","10:29:27"
"2504",2504,5476801658,"true",14.9270019284777,11.315176446298,0.277778,136,319,2,"gps","Bos taurus","misde_cattle1front","misde_cattle1front","Daily cattle herd movements in the Logone Floodplain, Cameroon","2011-03-21","10:30:00"
"2505",2505,5476801670,"true",14.9271394068345,11.3150860420854,0,0,319,0,"gps","Bos taurus","misde_cattle1front","misde_cattle1front","Daily cattle herd movements in the Logone Floodplain, Cameroon","2011-03-21","10:31:01"
"2506",2506,5476801682,"true",14.927212720976,11.3150679725097,0.138889,90,320,1,"gps","Bos taurus","misde_cattle1front","misde_cattle1front","Daily cattle herd movements in the Logone Floodplain, Cameroon","2011-03-21","10:32:02"
"2507",2507,5476801694,"true",14.9273501672986,11.3151041815278,0,0,320,0,"gps","Bos taurus","misde_cattle1front","misde_cattle1front","Daily cattle herd movements in the Logone Floodplain, Cameroon","2011-03-21","10:33:05"
"2508",2508,5476801698,"true",14.9273684946932,11.3151041860271,0.3055558,90,320,1,"gps","Bos taurus","misde_cattle1front","misde_cattle1front","Daily cattle herd movements in the Logone Floodplain, Cameroon","2011-03-21","10:34:00"
"2509",2509,5476801709,"true",14.9274692930873,11.3151132545624,0.1111112,136,320,2,"gps","Bos taurus","misde_cattle1front","misde_cattle1front","Daily cattle herd movements in the Logone Floodplain, Cameroon","2011-03-21","10:35:00"
"2510",2510,5476801720,"true",14.9276159008918,11.3151585095127,0.555556,71,320,2,"gps","Bos taurus","misde_cattle1front","misde_cattle1front","Daily cattle herd movements in the Logone Floodplain, Cameroon","2011-03-21","10:36:02"
"2511",2511,5476801728,"true",14.9277075446882,11.3151314004879,0.3333336,117,320,1,"gps","Bos taurus","misde_cattle1front","misde_cattle1front","Daily cattle herd movements in the Logone Floodplain, Cameroon","2011-03-21","10:37:04"
"2512",2512,5476801744,"true",14.9279091483117,11.3151224058654,0.3888892,90,318,1,"gps","Bos taurus","misde_cattle1front","misde_cattle1front","Daily cattle herd movements in the Logone Floodplain, Cameroon","2011-03-21","10:38:10"
"2513",2513,5476801758,"true",14.9280740881043,11.3151495774352,0.1111112,90,320,1,"gps","Bos taurus","misde_cattle1front","misde_cattle1front","Daily cattle herd movements in the Logone Floodplain, Cameroon","2011-03-21","10:39:01"
"2514",2514,5476801770,"true",14.9281932071764,11.3151857816067,0.3888892,90,321,1,"gps","Bos taurus","misde_cattle1front","misde_cattle1front","Daily cattle herd movements in the Logone Floodplain, Cameroon","2011-03-21","10:40:00"
"2515",2515,5476801783,"true",14.9283306491831,11.3152400777889,0.1944446,0,322,1,"gps","Bos taurus","misde_cattle1front","misde_cattle1front","Daily cattle herd movements in the Logone Floodplain, Cameroon","2011-03-21","10:41:01"
"2516",2516,5476801797,"true",14.9285413874158,11.3153486544774,0.3888892,0,321,1,"gps","Bos taurus","misde_cattle1front","misde_cattle1front","Daily cattle herd movements in the Logone Floodplain, Cameroon","2011-03-21","10:42:05"
"2517",2517,5476801812,"true",14.9286788138995,11.3154662571633,0.2500002,63,322,1,"gps","Bos taurus","misde_cattle1front","misde_cattle1front","Daily cattle herd movements in the Logone Floodplain, Cameroon","2011-03-21","10:43:06"
"2518",2518,5476801824,"true",14.9288070946559,11.3155115071062,0,0,322,0,"gps","Bos taurus","misde_cattle1front","misde_cattle1front","Daily cattle herd movements in the Logone Floodplain, Cameroon","2011-03-21","10:44:00"
"2519",2519,5476801834,"true",14.928917061413,11.3155024897354,0.555556,71,322,2,"gps","Bos taurus","misde_cattle1front","misde_cattle1front","Daily cattle herd movements in the Logone Floodplain, Cameroon","2011-03-21","10:45:01"
"2520",2520,5476801846,"true",14.9290819926194,11.3155658359817,0.1111112,109,322,2,"gps","Bos taurus","misde_cattle1front","misde_cattle1front","Daily cattle herd movements in the Logone Floodplain, Cameroon","2011-03-21","10:46:06"
"2521",2521,5476801855,"true",14.9291553023179,11.3155658535439,0.555556,117,323,1,"gps","Bos taurus","misde_cattle1front","misde_cattle1front","Daily cattle herd movements in the Logone Floodplain, Cameroon","2011-03-21","10:47:00"
"2522",2522,5476801868,"true",14.9293294106346,11.3155749389906,0.2500002,63,324,1,"gps","Bos taurus","misde_cattle1front","misde_cattle1front","Daily cattle herd movements in the Logone Floodplain, Cameroon","2011-03-21","10:48:02"
"2523",2523,5476801882,"true",14.9295126694038,11.3156382893743,0.833334,90,324,2,"gps","Bos taurus","misde_cattle1front","misde_cattle1front","Daily cattle herd movements in the Logone Floodplain, Cameroon","2011-03-21","10:49:06"
"2524",2524,5476801891,"true",14.9296317954867,11.3156473615397,0.1666668,136,324,1,"gps","Bos taurus","misde_cattle1front","misde_cattle1front","Daily cattle herd movements in the Logone Floodplain, Cameroon","2011-03-21","10:50:06"
"2525",2525,5476801903,"true",14.9297784061123,11.3156835716112,0.1111112,44,325,2,"gps","Bos taurus","misde_cattle1front","misde_cattle1front","Daily cattle herd movements in the Logone Floodplain, Cameroon","2011-03-21","10:51:00"
"2526",2526,5476801914,"true",14.9298975168232,11.3157559503354,0.555556,63,327,1,"gps","Bos taurus","misde_cattle1front","misde_cattle1front","Daily cattle herd movements in the Logone Floodplain, Cameroon","2011-03-21","10:52:02"
"2527",2527,5476801927,"true",14.9300349638185,11.3157921581087,0.1944446,90,326,1,"gps","Bos taurus","misde_cattle1front","misde_cattle1front","Daily cattle herd movements in the Logone Floodplain, Cameroon","2011-03-21","10:53:01"
"2528",2528,5476801941,"true",14.9301815636142,11.3158735870276,0.138889,44,328,2,"gps","Bos taurus","misde_cattle1front","misde_cattle1front","Daily cattle herd movements in the Logone Floodplain, Cameroon","2011-03-21","10:54:01"
"2529",2529,5476801956,"true",14.9304381216432,11.315982173176,0.555556,90,328,2,"gps","Bos taurus","misde_cattle1front","misde_cattle1front","Daily cattle herd movements in the Logone Floodplain, Cameroon","2011-03-21","10:55:05"
"2530",2530,5476801969,"true",14.9306122193684,11.3160364769159,0.277778,44,328,1,"gps","Bos taurus","misde_cattle1front","misde_cattle1front","Daily cattle herd movements in the Logone Floodplain, Cameroon","2011-03-21","10:56:00"
"2531",2531,5476801978,"true",14.9306672017339,11.3160364898054,0.1111112,117,325,1,"gps","Bos taurus","misde_cattle1front","misde_cattle1front","Daily cattle herd movements in the Logone Floodplain, Cameroon","2011-03-21","10:57:11"
"2532",2532,5476801988,"true",14.9307771621202,11.3160546031725,0.277778,44,326,2,"gps","Bos taurus","misde_cattle1front","misde_cattle1front","Daily cattle herd movements in the Logone Floodplain, Cameroon","2011-03-21","10:58:05"
"2533",2533,5476801996,"true",14.9308321336358,11.316099835078,0.2222224,90,325,2,"gps","Bos taurus","misde_cattle1front","misde_cattle1front","Daily cattle herd movements in the Logone Floodplain, Cameroon","2011-03-21","10:59:02"
"2534",2534,5476802005,"true",14.9309329368294,11.3160908148168,0.555556,90,326,2,"gps","Bos taurus","misde_cattle1front","misde_cattle1front","Daily cattle herd movements in the Logone Floodplain, Cameroon","2011-03-21","11:00:12"
"2535",2535,5476802018,"true",14.9311070260668,11.3161812935035,0.833334,56,327,2,"gps","Bos taurus","misde_cattle1front","misde_cattle1front","Daily cattle herd movements in the Logone Floodplain, Cameroon","2011-03-21","11:01:01"
"2536",2536,5476802031,"true",14.9312902683673,11.3163169932626,0.555556,109,326,2,"gps","Bos taurus","misde_cattle1front","misde_cattle1front","Daily cattle herd movements in the Logone Floodplain, Cameroon","2011-03-21","11:02:05"
"2537",2537,5476802042,"true",14.9314918920739,11.3162266019198,0.3888892,90,324,1,"gps","Bos taurus","misde_cattle1front","misde_cattle1front","Daily cattle herd movements in the Logone Floodplain, Cameroon","2011-03-21","11:03:01"
"2538",2538,5476802061,"true",14.9318492841095,11.3161995530293,0.833334,90,325,2,"gps","Bos taurus","misde_cattle1front","misde_cattle1front","Daily cattle herd movements in the Logone Floodplain, Cameroon","2011-03-21","11:04:00"
"2539",2539,5476802081,"true",14.9323075090011,11.3160368696425,1.111112,102,325,3,"gps","Bos taurus","misde_cattle1front","misde_cattle1front","Daily cattle herd movements in the Logone Floodplain, Cameroon","2011-03-21","11:05:00"
"2540",2540,5476802101,"true",14.9328481837031,11.3159736861791,1.111112,112,327,3,"gps","Bos taurus","misde_cattle1front","misde_cattle1front","Daily cattle herd movements in the Logone Floodplain, Cameroon","2011-03-21","11:06:00"
"2541",2541,5476802116,"true",14.933132280195,11.315883312419,0.3888892,180,323,1,"gps","Bos taurus","misde_cattle1front","misde_cattle1front","Daily cattle herd movements in the Logone Floodplain, Cameroon","2011-03-21","11:07:08"
"2542",2542,5476802127,"true",14.9332605932642,11.315792903286,0.555556,117,323,1,"gps","Bos taurus","misde_cattle1front","misde_cattle1front","Daily cattle herd movements in the Logone Floodplain, Cameroon","2011-03-21","11:08:01"
"2543",2543,5476802147,"true",14.9336729981477,11.3156302074333,1.111112,102,321,3,"gps","Bos taurus","misde_cattle1front","misde_cattle1front","Daily cattle herd movements in the Logone Floodplain, Cameroon","2011-03-21","11:09:01"
"2544",2544,5476802162,"true",14.9338746227098,11.3155307706452,0.555556,90,318,2,"gps","Bos taurus","misde_cattle1front","misde_cattle1front","Daily cattle herd movements in the Logone Floodplain, Cameroon","2011-03-21","11:10:05"
"2545",2545,5476802180,"true",14.9342137130907,11.3153861452601,1.111112,127,322,3,"gps","Bos taurus","misde_cattle1front","misde_cattle1front","Daily cattle herd movements in the Logone Floodplain, Cameroon","2011-03-21","11:11:00"
"2546",2546,5476802200,"true",14.9345711510711,11.3151510854305,0.833334,154,323,3,"gps","Bos taurus","misde_cattle1front","misde_cattle1front","Daily cattle herd movements in the Logone Floodplain, Cameroon","2011-03-21","11:12:00"
"2547",2547,5476802220,"true",14.9349377542042,11.3149069833664,0.555556,117,322,1,"gps","Bos taurus","misde_cattle1front","misde_cattle1front","Daily cattle herd movements in the Logone Floodplain, Cameroon","2011-03-21","11:13:00"
"2548",2548,5476802240,"true",14.9353409931963,11.3147442831517,0.833334,104,321,2,"gps","Bos taurus","misde_cattle1front","misde_cattle1front","Daily cattle herd movements in the Logone Floodplain, Cameroon","2011-03-21","11:14:00"
"2549",2549,5476802260,"true",14.9357717368903,11.3145182816733,0.555556,109,322,2,"gps","Bos taurus","misde_cattle1front","misde_cattle1front","Daily cattle herd movements in the Logone Floodplain, Cameroon","2011-03-21","11:15:01"
"2550",2550,5476802280,"true",14.9362391185985,11.3143646379523,1.111112,109,323,4,"gps","Bos taurus","misde_cattle1front","misde_cattle1front","Daily cattle herd movements in the Logone Floodplain, Cameroon","2011-03-21","11:16:01"
"2551",2551,5476802300,"true",14.936779825047,11.3141386586672,1.111112,112,322,3,"gps","Bos taurus","misde_cattle1front","misde_cattle1front","Daily cattle herd movements in the Logone Floodplain, Cameroon","2011-03-21","11:17:01"
"2552",2552,5476802320,"true",14.9373480216359,11.3139126842078,1.111112,109,320,4,"gps","Bos taurus","misde_cattle1front","misde_cattle1front","Daily cattle herd movements in the Logone Floodplain, Cameroon","2011-03-21","11:18:01"
"2553",2553,5476802340,"true",14.9378887400181,11.3136233961958,1.111112,121,319,3,"gps","Bos taurus","misde_cattle1front","misde_cattle1front","Daily cattle herd movements in the Logone Floodplain, Cameroon","2011-03-21","11:19:01"
"2554",2554,5476802360,"true",14.9384752716733,11.3133522043383,0.833334,90,322,2,"gps","Bos taurus","misde_cattle1front","misde_cattle1front","Daily cattle herd movements in the Logone Floodplain, Cameroon","2011-03-21","11:20:01"
"2555",2555,5476802380,"true",14.9388877008317,11.3130448001545,2.77778,136,322,8,"gps","Bos taurus","misde_cattle1front","misde_cattle1front","Daily cattle herd movements in the Logone Floodplain, Cameroon","2011-03-21","11:21:01"
"2556",2556,5476802396,"true",14.9392176564934,11.3127373784582,0.833334,124,321,2,"gps","Bos taurus","misde_cattle1front","misde_cattle1front","Daily cattle herd movements in the Logone Floodplain, Cameroon","2011-03-21","11:22:15"
"2557",2557,5476802410,"true",14.939419288538,11.3125836749737,1.111112,127,321,3,"gps","Bos taurus","misde_cattle1front","misde_cattle1front","Daily cattle herd movements in the Logone Floodplain, Cameroon","2011-03-21","11:23:01"
"2558",2558,5476802429,"true",14.9397675741041,11.3122581687735,0.833334,90,321,2,"gps","Bos taurus","misde_cattle1front","misde_cattle1front","Daily cattle herd movements in the Logone Floodplain, Cameroon","2011-03-21","11:24:03"
"2559",2559,5476802448,"true",14.9400974959807,11.3121044908995,0.2222224,136,322,1,"gps","Bos taurus","misde_cattle1front","misde_cattle1front","Daily cattle herd movements in the Logone Floodplain, Cameroon","2011-03-21","11:25:10"
"2560",2560,5476802465,"true",14.9404457428377,11.3119598601563,1.111112,127,321,3,"gps","Bos taurus","misde_cattle1front","misde_cattle1front","Daily cattle herd movements in the Logone Floodplain, Cameroon","2011-03-21","11:26:02"
"2561",2561,5476802484,"true",14.9406748923867,11.3116705041263,1.111112,127,320,3,"gps","Bos taurus","misde_cattle1front","misde_cattle1front","Daily cattle herd movements in the Logone Floodplain, Cameroon","2011-03-21","11:27:00"
"2562",2562,5476802503,"true",14.9409681921006,11.3113540292692,1.111112,144,321,3,"gps","Bos taurus","misde_cattle1front","misde_cattle1front","Daily cattle herd movements in the Logone Floodplain, Cameroon","2011-03-21","11:28:00"
"2563",2563,5476802522,"true",14.9412431603429,11.3110556381025,1.111112,68,320,3,"gps","Bos taurus","misde_cattle1front","misde_cattle1front","Daily cattle herd movements in the Logone Floodplain, Cameroon","2011-03-21","11:29:00"
"2564",2564,5476802542,"true",14.9417471805129,11.3109381681341,1.38889,129,321,4,"gps","Bos taurus","misde_cattle1front","misde_cattle1front","Daily cattle herd movements in the Logone Floodplain, Cameroon","2011-03-21","11:30:00"
"2565",2565,5476802562,"true",14.9422054023991,11.3107212064016,1.111112,127,321,3,"gps","Bos taurus","misde_cattle1front","misde_cattle1front","Daily cattle herd movements in the Logone Floodplain, Cameroon","2011-03-21","11:31:00"
"2566",2566,5476802582,"true",14.9426544582458,11.3105132859929,1.111112,112,321,3,"gps","Bos taurus","misde_cattle1front","misde_cattle1front","Daily cattle herd movements in the Logone Floodplain, Cameroon","2011-03-21","11:32:00"
"2567",2567,5476802602,"true",14.9431584982989,11.3102872878297,1.111112,127,321,3,"gps","Bos taurus","misde_cattle1front","misde_cattle1front","Daily cattle herd movements in the Logone Floodplain, Cameroon","2011-03-21","11:33:00"
"2568",2568,5476802622,"true",14.943589248709,11.3099617928721,1.111112,127,320,3,"gps","Bos taurus","misde_cattle1front","misde_cattle1front","Daily cattle herd movements in the Logone Floodplain, Cameroon","2011-03-21","11:34:00"
"2569",2569,5476802642,"true",14.9439833686391,11.309509676924,1.111112,144,319,3,"gps","Bos taurus","misde_cattle1front","misde_cattle1front","Daily cattle herd movements in the Logone Floodplain, Cameroon","2011-03-21","11:35:00"
"2570",2570,5476802662,"true",14.9444141099844,11.3092203560026,0.833334,136,319,3,"gps","Bos taurus","misde_cattle1front","misde_cattle1front","Daily cattle herd movements in the Logone Floodplain, Cameroon","2011-03-21","11:36:00"
"2571",2571,5476802680,"true",14.9448081912574,11.3089581590618,1.111112,144,319,3,"gps","Bos taurus","misde_cattle1front","misde_cattle1front","Daily cattle herd movements in the Logone Floodplain, Cameroon","2011-03-21","11:37:00"
"2572",2572,5476802700,"true",14.9452481064702,11.3086055319021,1.111112,109,319,4,"gps","Bos taurus","misde_cattle1front","misde_cattle1front","Daily cattle herd movements in the Logone Floodplain, Cameroon","2011-03-21","11:38:00"
"2573",2573,5476802720,"true",14.9457154974373,11.3083252596503,0.833334,136,320,3,"gps","Bos taurus","misde_cattle1front","misde_cattle1front","Daily cattle herd movements in the Logone Floodplain, Cameroon","2011-03-21","11:39:00"
"2574",2574,5476802740,"true",14.9461737155817,11.3080902040694,0.833334,117,318,3,"gps","Bos taurus","misde_cattle1front","misde_cattle1front","Daily cattle herd movements in the Logone Floodplain, Cameroon","2011-03-21","11:40:00"
"2575",2575,5476802760,"true",14.9466502599222,11.3078551510752,1.111112,112,319,3,"gps","Bos taurus","misde_cattle1front","misde_cattle1front","Daily cattle herd movements in the Logone Floodplain, Cameroon","2011-03-21","11:41:00"
"2576",2576,5476802780,"true",14.9470718293504,11.3075839122141,0.833334,147,319,2,"gps","Bos taurus","misde_cattle1front","misde_cattle1front","Daily cattle herd movements in the Logone Floodplain, Cameroon","2011-03-21","11:42:00"
"2577",2577,5476802798,"true",14.9473192956811,11.3072945541829,0.833334,117,318,3,"gps","Bos taurus","misde_cattle1front","misde_cattle1front","Daily cattle herd movements in the Logone Floodplain, Cameroon","2011-03-21","11:43:00"
"2578",2578,5476802818,"true",14.9476583975904,11.3069961683321,1.111112,180,320,3,"gps","Bos taurus","misde_cattle1front","misde_cattle1front","Daily cattle herd movements in the Logone Floodplain, Cameroon","2011-03-21","11:44:00"
"2579",2579,5476802838,"true",14.9479425508426,11.3065168960629,0.833334,117,317,3,"gps","Bos taurus","misde_cattle1front","misde_cattle1front","Daily cattle herd movements in the Logone Floodplain, Cameroon","2011-03-21","11:45:00"
"2580",2580,5476802858,"true",14.9482725121025,11.3060828506003,1.111112,150,318,3,"gps","Bos taurus","misde_cattle1front","misde_cattle1front","Daily cattle herd movements in the Logone Floodplain, Cameroon","2011-03-21","11:46:00"
"2581",2581,5476802878,"true",14.9486941015469,11.3056759520995,0.833334,117,317,3,"gps","Bos taurus","misde_cattle1front","misde_cattle1front","Daily cattle herd movements in the Logone Floodplain, Cameroon","2011-03-21","11:47:00"
"2582",2582,5476802898,"true",14.9491339990364,11.305368538139,1.111112,121,317,3,"gps","Bos taurus","misde_cattle1front","misde_cattle1front","Daily cattle herd movements in the Logone Floodplain, Cameroon","2011-03-21","11:48:00"
"2583",2583,5476802918,"true",14.949619733033,11.304943561663,1.111112,102,317,3,"gps","Bos taurus","misde_cattle1front","misde_cattle1front","Daily cattle herd movements in the Logone Floodplain, Cameroon","2011-03-21","11:49:00"
"2584",2584,5476802938,"true",14.9499771549688,11.3046542200237,1.111112,136,319,3,"gps","Bos taurus","misde_cattle1front","misde_cattle1front","Daily cattle herd movements in the Logone Floodplain, Cameroon","2011-03-21","11:50:00"
"2585",2585,5476802958,"true",14.9504353949012,11.3042382813543,1.111112,127,317,3,"gps","Bos taurus","misde_cattle1front","misde_cattle1front","Daily cattle herd movements in the Logone Floodplain, Cameroon","2011-03-21","11:51:00"
"2586",2586,5476802978,"true",14.9507378674956,11.3037590093485,1.111112,150,317,3,"gps","Bos taurus","misde_cattle1front","misde_cattle1front","Daily cattle herd movements in the Logone Floodplain, Cameroon","2011-03-21","11:52:00"
"2587",2587,5476802986,"true",14.9509028091683,11.3037499929168,0,180,318,1,"gps","Bos taurus","misde_cattle1front","misde_cattle1front","Daily cattle herd movements in the Logone Floodplain, Cameroon","2011-03-21","11:53:21"
"2588",2588,5476802987,"true",14.9509028107074,11.3037409490966,0.1111112,180,318,1,"gps","Bos taurus","misde_cattle1front","misde_cattle1front","Daily cattle herd movements in the Logone Floodplain, Cameroon","2011-03-21","11:54:21"
"2589",2589,5476802999,"true",14.9508203483541,11.3036957163132,0.555556,297,321,1,"gps","Bos taurus","misde_cattle1front","misde_cattle1front","Daily cattle herd movements in the Logone Floodplain, Cameroon","2011-03-21","11:55:42"
"2590",2590,5476803003,"true",14.9507653621481,11.3037318824593,0.0555556,243,322,1,"gps","Bos taurus","misde_cattle1front","misde_cattle1front","Daily cattle herd movements in the Logone Floodplain, Cameroon","2011-03-21","11:56:33"
"2591",2591,5476803006,"true",14.9507470277484,11.3037770985127,0.833334,334,320,3,"gps","Bos taurus","misde_cattle1front","misde_cattle1front","Daily cattle herd movements in the Logone Floodplain, Cameroon","2011-03-21","11:57:02"
"2592",2592,5476803016,"true",14.9506187146537,11.3039308220919,0.833334,316,320,3,"gps","Bos taurus","misde_cattle1front","misde_cattle1front","Daily cattle herd movements in the Logone Floodplain, Cameroon","2011-03-21","11:58:01"
"2593",2593,5476803025,"true",14.9505179023338,11.304021243468,0.555556,342,322,2,"gps","Bos taurus","misde_cattle1front","misde_cattle1front","Daily cattle herd movements in the Logone Floodplain, Cameroon","2011-03-21","11:59:26"
"2594",2594,5476803030,"true",14.9505087250213,11.3041026363161,0.0555556,63,321,3,"gps","Bos taurus","misde_cattle1front","misde_cattle1front","Daily cattle herd movements in the Logone Floodplain, Cameroon","2011-03-21","12:00:21"
"2595",2595,5476803031,"true",14.9505270486227,11.3041207270178,0.0833334,270,321,1,"gps","Bos taurus","misde_cattle1front","misde_cattle1front","Daily cattle herd movements in the Logone Floodplain, Cameroon","2011-03-21","12:01:21"
"2596",2596,5476803040,"true",14.9505636803344,11.304247346616,1.111112,21,320,3,"gps","Bos taurus","misde_cattle1front","misde_cattle1front","Daily cattle herd movements in the Logone Floodplain, Cameroon","2011-03-21","12:02:01"
"2597",2597,5476803054,"true",14.9506277851329,11.3044734528096,0.833334,33,320,2,"gps","Bos taurus","misde_cattle1front","misde_cattle1front","Daily cattle herd movements in the Logone Floodplain, Cameroon","2011-03-21","12:03:00"
"2598",2598,5476803063,"true",14.9507285620498,11.3045910392518,1.111112,36,320,3,"gps","Bos taurus","misde_cattle1front","misde_cattle1front","Daily cattle herd movements in the Logone Floodplain, Cameroon","2011-03-21","12:04:01"
"2599",2599,5476803072,"true",14.9507835283662,11.3046724427702,0,0,320,0,"gps","Bos taurus","misde_cattle1front","misde_cattle1front","Daily cattle herd movements in the Logone Floodplain, Cameroon","2011-03-21","12:05:02"
"2600",2600,5476803075,"true",14.9507743603667,11.3046995727059,0.277778,44,321,1,"gps","Bos taurus","misde_cattle1front","misde_cattle1front","Daily cattle herd movements in the Logone Floodplain, Cameroon","2011-03-21","12:06:02"
"2601",2601,5476803083,"true",14.9508293375074,11.3047176694787,0.0555556,90,319,1,"gps","Bos taurus","misde_cattle1front","misde_cattle1front","Daily cattle herd movements in the Logone Floodplain, Cameroon","2011-03-21","12:07:11"
"2602",2602,5476803085,"true",14.9508384993373,11.3047267148195,0.555556,243,319,1,"gps","Bos taurus","misde_cattle1front","misde_cattle1front","Daily cattle herd movements in the Logone Floodplain, Cameroon","2011-03-21","12:08:22"
"2603",2603,5476803087,"true",14.950820175678,11.3047086241376,0.0277778,270,319,1,"gps","Bos taurus","misde_cattle1front","misde_cattle1front","Daily cattle herd movements in the Logone Floodplain, Cameroon","2011-03-21","12:09:03"
"2604",2604,5476803089,"true",14.9508018504785,11.304699577274,0.0277778,270,320,1,"gps","Bos taurus","misde_cattle1front","misde_cattle1front","Daily cattle herd movements in the Logone Floodplain, Cameroon","2011-03-21","12:10:48"
"2605",2605,5476803090,"true",14.9507926871079,11.3046995757516,0.833334,270,320,2,"gps","Bos taurus","misde_cattle1front","misde_cattle1front","Daily cattle herd movements in the Logone Floodplain, Cameroon","2011-03-21","12:11:17"
"2606",2606,5476803099,"true",14.9507010642206,11.3046362537749,0.833334,166,322,2,"gps","Bos taurus","misde_cattle1front","misde_cattle1front","Daily cattle herd movements in the Logone Floodplain, Cameroon","2011-03-21","12:12:09"
"2607",2607,5476803103,"true",14.950701076585,11.3045639032181,0.0277778,124,320,2,"gps","Bos taurus","misde_cattle1front","misde_cattle1front","Daily cattle herd movements in the Logone Floodplain, Cameroon","2011-03-21","12:13:18"
"2608",2608,5476803104,"true",14.9507194048625,11.3045548624487,0,90,319,1,"gps","Bos taurus","misde_cattle1front","misde_cattle1front","Daily cattle herd movements in the Logone Floodplain, Cameroon","2011-03-21","12:14:18"
"2609",2609,5476803105,"true",14.9507285682285,11.3045548639733,0.0277778,0,319,1,"gps","Bos taurus","misde_cattle1front","misde_cattle1front","Daily cattle herd movements in the Logone Floodplain, Cameroon","2011-03-21","12:15:18"
"2610",2610,5476803109,"true",14.9507652216926,11.3045548700691,0,90,317,1,"gps","Bos taurus","misde_cattle1front","misde_cattle1front","Daily cattle herd movements in the Logone Floodplain, Cameroon","2011-03-21","12:16:41"
"2611",2611,5476803110,"true",14.9507652216926,11.3045548700691,0,180,315,1,"gps","Bos taurus","misde_cattle1front","misde_cattle1front","Daily cattle herd movements in the Logone Floodplain, Cameroon","2011-03-21","12:17:41"
"2612",2612,5476803111,"true",14.9507652216926,11.3045548700691,0,180,316,1,"gps","Bos taurus","misde_cattle1front","misde_cattle1front","Daily cattle herd movements in the Logone Floodplain, Cameroon","2011-03-21","12:18:41"
"2613",2613,5476803112,"true",14.9507652232362,11.3045458262495,0.0555556,342,316,4,"gps","Bos taurus","misde_cattle1front","misde_cattle1front","Daily cattle herd movements in the Logone Floodplain, Cameroon","2011-03-21","12:19:34"
"2614",2614,5476803113,"true",14.9507560536952,11.3045820000045,0.0277778,136,320,1,"gps","Bos taurus","misde_cattle1front","misde_cattle1front","Daily cattle herd movements in the Logone Floodplain, Cameroon","2011-03-21","12:20:34"
"2615",2615,5476803114,"true",14.9507652186056,11.3045729577084,0.0277778,136,320,2,"gps","Bos taurus","misde_cattle1front","misde_cattle1front","Daily cattle herd movements in the Logone Floodplain, Cameroon","2011-03-21","12:21:00"
"2616",2616,5476803115,"true",14.9507743835154,11.304563915412,0.0277778,316,320,1,"gps","Bos taurus","misde_cattle1front","misde_cattle1front","Daily cattle herd movements in the Logone Floodplain, Cameroon","2011-03-21","12:22:00"
"2617",2617,5476803116,"true",14.9507652201491,11.3045639138888,0.0277778,136,319,1,"gps","Bos taurus","misde_cattle1front","misde_cattle1front","Daily cattle herd movements in the Logone Floodplain, Cameroon","2011-03-21","12:23:00"
"2618",2618,5476803125,"true",14.9508751682243,11.3046362827061,0.555556,63,320,1,"gps","Bos taurus","misde_cattle1front","misde_cattle1front","Daily cattle herd movements in the Logone Floodplain, Cameroon","2011-03-21","12:24:00"
"2619",2619,5476803128,"true",14.9508934918825,11.3046543733847,0.138889,316,319,1,"gps","Bos taurus","misde_cattle1front","misde_cattle1front","Daily cattle herd movements in the Logone Floodplain, Cameroon","2011-03-21","12:25:06"
"2620",2620,5476803141,"true",14.9506827467601,11.304581987806,0.0277778,270,321,1,"gps","Bos taurus","misde_cattle1front","misde_cattle1front","Daily cattle herd movements in the Logone Floodplain, Cameroon","2011-03-21","12:26:45"
"2621",2621,5476803142,"true",14.9506735833933,11.3045819862799,0.555556,251,322,2,"gps","Bos taurus","misde_cattle1front","misde_cattle1front","Daily cattle herd movements in the Logone Floodplain, Cameroon","2011-03-21","12:27:09"
"2622",2622,5476803155,"true",14.950444502329,11.3045638603965,0.555556,18,325,2,"gps","Bos taurus","misde_cattle1front","misde_cattle1front","Daily cattle herd movements in the Logone Floodplain, Cameroon","2011-03-21","12:28:18"
"2623",2623,5476803160,"true",14.9504444961147,11.3046000356748,0,0,323,0,"gps","Bos taurus","misde_cattle1front","misde_cattle1front","Daily cattle herd movements in the Logone Floodplain, Cameroon","2011-03-21","12:29:40"
"2624",2624,5476803162,"true",14.9504536610354,11.3045909933884,0.833334,304,319,2,"gps","Bos taurus","misde_cattle1front","misde_cattle1front","Daily cattle herd movements in the Logone Floodplain, Cameroon","2011-03-21","12:30:21"
"2625",2625,5476803170,"true",14.9503620164709,11.3046542847807,0.555556,289,320,2,"gps","Bos taurus","misde_cattle1front","misde_cattle1front","Daily cattle herd movements in the Logone Floodplain, Cameroon","2011-03-21","12:31:02"
"2626",2626,5476803176,"true",14.9502978682125,11.3046814054811,0.833334,304,322,2,"gps","Bos taurus","misde_cattle1front","misde_cattle1front","Daily cattle herd movements in the Logone Floodplain, Cameroon","2011-03-21","12:32:00"
"2627",2627,5476803178,"true",14.9502703749845,11.3046994885052,0.833334,284,322,2,"gps","Bos taurus","misde_cattle1front","misde_cattle1front","Daily cattle herd movements in the Logone Floodplain, Cameroon","2011-03-21","12:33:00"
"2628",2628,5476803191,"true",14.9501146164525,11.304590936472,0.833334,256,321,2,"gps","Bos taurus","misde_cattle1front","misde_cattle1front","Daily cattle herd movements in the Logone Floodplain, Cameroon","2011-03-21","12:34:01"
"2629",2629,5476803200,"true",14.9499771722194,11.3045547380092,0.833334,316,322,3,"gps","Bos taurus","misde_cattle1front","misde_cattle1front","Daily cattle herd movements in the Logone Floodplain, Cameroon","2011-03-21","12:35:05"
"2630",2630,5476803204,"true",14.9499130270879,11.3045637709874,0,0,322,0,"gps","Bos taurus","misde_cattle1front","misde_cattle1front","Daily cattle herd movements in the Logone Floodplain, Cameroon","2011-03-21","12:36:13"
"2631",2631,5476803211,"true",14.9498488866691,11.3045456724931,0.0277778,243,321,1,"gps","Bos taurus","misde_cattle1front","misde_cattle1front","Daily cattle herd movements in the Logone Floodplain, Cameroon","2011-03-21","12:37:32"
"2632",2632,5476803212,"true",14.949839724876,11.3045366271217,0.0277778,270,321,1,"gps","Bos taurus","misde_cattle1front","misde_cattle1front","Daily cattle herd movements in the Logone Floodplain, Cameroon","2011-03-21","12:38:04"
"2633",2633,5476803214,"true",14.9498213981454,11.3045366240171,0.2222224,224,321,1,"gps","Bos taurus","misde_cattle1front","misde_cattle1front","Daily cattle herd movements in the Logone Floodplain, Cameroon","2011-03-21","12:39:19"
"2634",2634,5476803220,"true",14.949757264039,11.3044823502248,0.3888892,180,320,1,"gps","Bos taurus","misde_cattle1front","misde_cattle1front","Daily cattle herd movements in the Logone Floodplain, Cameroon","2011-03-21","12:40:07"
"2635",2635,5476803229,"true",14.9498489275472,11.3043105331838,1.111112,127,321,3,"gps","Bos taurus","misde_cattle1front","misde_cattle1front","Daily cattle herd movements in the Logone Floodplain, Cameroon","2011-03-21","12:41:00"
"2636",2636,5476803241,"true",14.94992227209,11.3040934939147,0.0277778,180,321,1,"gps","Bos taurus","misde_cattle1front","misde_cattle1front","Daily cattle herd movements in the Logone Floodplain, Cameroon","2011-03-21","12:42:35"
"2637",2637,5476803244,"true",14.9499039500989,11.3040663593559,0.833334,147,322,2,"gps","Bos taurus","misde_cattle1front","misde_cattle1front","Daily cattle herd movements in the Logone Floodplain, Cameroon","2011-03-21","12:43:27"
"2638",2638,5476803251,"true",14.949922297208,11.3039487927971,0.0277778,224,322,1,"gps","Bos taurus","misde_cattle1front","misde_cattle1front","Daily cattle herd movements in the Logone Floodplain, Cameroon","2011-03-21","12:44:28"
"2639",2639,5476803252,"true",14.9499222987779,11.3039397489772,0.1944446,0,322,1,"gps","Bos taurus","misde_cattle1front","misde_cattle1front","Daily cattle herd movements in the Logone Floodplain, Cameroon","2011-03-21","12:45:22"
"2640",2640,5476803257,"true",14.9499131370017,11.3039307036078,0.0555556,334,321,1,"gps","Bos taurus","misde_cattle1front","misde_cattle1front","Daily cattle herd movements in the Logone Floodplain, Cameroon","2011-03-21","12:46:03"
"2641",2641,5476803268,"true",14.9499223144765,11.303849310778,0.555556,198,321,2,"gps","Bos taurus","misde_cattle1front","misde_cattle1front","Daily cattle herd movements in the Logone Floodplain, Cameroon","2011-03-21","12:47:03"
"2642",2642,5476803281,"true",14.9500506216412,11.3037317627814,0.833334,117,322,3,"gps","Bos taurus","misde_cattle1front","misde_cattle1front","Daily cattle herd movements in the Logone Floodplain, Cameroon","2011-03-21","12:48:01"
"2643",2643,5476803289,"true",14.9501147869128,11.3036051601109,0.138889,224,321,1,"gps","Bos taurus","misde_cattle1front","misde_cattle1front","Daily cattle herd movements in the Logone Floodplain, Cameroon","2011-03-21","12:49:17"
"2644",2644,5476803297,"true",14.9500781523488,11.3034966280932,0.555556,198,321,2,"gps","Bos taurus","misde_cattle1front","misde_cattle1front","Daily cattle herd movements in the Logone Floodplain, Cameroon","2011-03-21","12:50:00"
"2645",2645,5476803306,"true",14.9499773541253,11.3035056549067,0.0833334,270,320,1,"gps","Bos taurus","misde_cattle1front","misde_cattle1front","Daily cattle herd movements in the Logone Floodplain, Cameroon","2011-03-21","12:51:13"
"2646",2646,5476803316,"true",14.9498399167157,11.303433281099,0.0833334,243,320,1,"gps","Bos taurus","misde_cattle1front","misde_cattle1front","Daily cattle herd movements in the Logone Floodplain, Cameroon","2011-03-21","12:52:05"
"2647",2647,5476803327,"true",14.9498399355841,11.3033247552563,0.555556,154,320,1,"gps","Bos taurus","misde_cattle1front","misde_cattle1front","Daily cattle herd movements in the Logone Floodplain, Cameroon","2011-03-21","12:53:01"
"2648",2648,5476803337,"true",14.9498307832658,11.3032614469623,0.2222224,136,321,1,"gps","Bos taurus","misde_cattle1front","misde_cattle1front","Daily cattle herd movements in the Logone Floodplain, Cameroon","2011-03-21","12:54:04"
"2649",2649,5476803346,"true",14.9498766156018,11.3031710165161,0.1111112,224,321,1,"gps","Bos taurus","misde_cattle1front","misde_cattle1front","Daily cattle herd movements in the Logone Floodplain, Cameroon","2011-03-21","12:55:05"
"2650",2650,5476803356,"true",14.949849127208,11.3031619680424,0,0,321,0,"gps","Bos taurus","misde_cattle1front","misde_cattle1front","Daily cattle herd movements in the Logone Floodplain, Cameroon","2011-03-21","12:56:41"
"2651",2651,5476803358,"true",14.9498674507083,11.3031800587856,0,0,321,0,"gps","Bos taurus","misde_cattle1front","misde_cattle1front","Daily cattle herd movements in the Logone Floodplain, Cameroon","2011-03-21","12:57:50"
"2652",2652,5476803359,"true",14.9498674507083,11.3031800587856,0.1944446,0,319,1,"gps","Bos taurus","misde_cattle1front","misde_cattle1front","Daily cattle herd movements in the Logone Floodplain, Cameroon","2011-03-21","12:58:24"
"2653",2653,5476803361,"true",14.9498766140306,11.3031800603365,0.1111112,180,319,1,"gps","Bos taurus","misde_cattle1front","misde_cattle1front","Daily cattle herd movements in the Logone Floodplain, Cameroon","2011-03-21","12:59:27"
"2654",2654,5476803364,"true",14.9498857773528,11.303180061887,0.1944446,180,319,1,"gps","Bos taurus","misde_cattle1front","misde_cattle1front","Daily cattle herd movements in the Logone Floodplain, Cameroon","2011-03-21","13:00:37"
"2655",2655,5476803366,"true",14.9498674522798,11.3031710149653,0.0555556,270,319,1,"gps","Bos taurus","misde_cattle1front","misde_cattle1front","Daily cattle herd movements in the Logone Floodplain, Cameroon","2011-03-21","13:01:40"
"2656",2656,5476803371,"true",14.9498491397843,11.3030896174793,1.111112,180,320,3,"gps","Bos taurus","misde_cattle1front","misde_cattle1front","Daily cattle herd movements in the Logone Floodplain, Cameroon","2011-03-21","13:02:02"
"2657",2657,5476803384,"true",14.9497117152155,11.3029448930475,0.1111112,236,319,2,"gps","Bos taurus","misde_cattle1front","misde_cattle1front","Daily cattle herd movements in the Logone Floodplain, Cameroon","2011-03-21","13:03:02"
"2658",2658,5476803388,"true",14.9496842331572,11.3028996692765,0.0555556,180,319,1,"gps","Bos taurus","misde_cattle1front","misde_cattle1front","Daily cattle herd movements in the Logone Floodplain, Cameroon","2011-03-21","13:04:17"
"2659",2659,5476803392,"true",14.949693402778,11.302863495551,0.138889,90,320,1,"gps","Bos taurus","misde_cattle1front","misde_cattle1front","Daily cattle herd movements in the Logone Floodplain, Cameroon","2011-03-21","13:05:01"
"2660",2660,5476803407,"true",14.949867483709,11.302990138557,0.555556,63,318,1,"gps","Bos taurus","misde_cattle1front","misde_cattle1front","Daily cattle herd movements in the Logone Floodplain, Cameroon","2011-03-21","13:06:01"
"2661",2661,5476803420,"true",14.9500324327985,11.3029359035052,0.555556,154,317,1,"gps","Bos taurus","misde_cattle1front","misde_cattle1front","Daily cattle herd movements in the Logone Floodplain, Cameroon","2011-03-21","13:07:01"
"2662",2662,5476803429,"true",14.9500782571951,11.3028906921282,0.277778,224,320,1,"gps","Bos taurus","misde_cattle1front","misde_cattle1front","Daily cattle herd movements in the Logone Floodplain, Cameroon","2011-03-21","13:08:17"
"2663",2663,5476803441,"true",14.9499774748633,11.3028092807373,0.555556,289,319,2,"gps","Bos taurus","misde_cattle1front","misde_cattle1front","Daily cattle herd movements in the Logone Floodplain, Cameroon","2011-03-21","13:09:05"
"2664",2664,5476803451,"true",14.9498125321287,11.302827340477,0.0555556,270,318,1,"gps","Bos taurus","misde_cattle1front","misde_cattle1front","Daily cattle herd movements in the Logone Floodplain, Cameroon","2011-03-21","13:10:15"
"2665",2665,5476803455,"true",14.9498033672443,11.3028363827448,0.138889,316,318,1,"gps","Bos taurus","misde_cattle1front","misde_cattle1front","Daily cattle herd movements in the Logone Floodplain, Cameroon","2011-03-21","13:11:52"
"2666",2666,5476803457,"true",14.9497941992118,11.3028635126534,0.555556,316,318,2,"gps","Bos taurus","misde_cattle1front","misde_cattle1front","Daily cattle herd movements in the Logone Floodplain, Cameroon","2011-03-21","13:12:54"
"2667",2667,5476803459,"true",14.9497758710131,11.3028725533669,0.2222224,206,318,1,"gps","Bos taurus","misde_cattle1front","misde_cattle1front","Daily cattle herd movements in the Logone Floodplain, Cameroon","2011-03-21","13:13:01"
"2668",2668,5476803463,"true",14.9497392224897,11.302845415688,0.0277778,270,318,2,"gps","Bos taurus","misde_cattle1front","misde_cattle1front","Daily cattle herd movements in the Logone Floodplain, Cameroon","2011-03-21","13:14:20"
"2669",2669,5476803464,"true",14.9497117325549,11.302845411022,0.0555556,251,318,4,"gps","Bos taurus","misde_cattle1front","misde_cattle1front","Daily cattle herd movements in the Logone Floodplain, Cameroon","2011-03-21","13:15:20"
"2670",2670,5476803465,"true",14.9496842441974,11.3028363625329,0.0555556,213,318,2,"gps","Bos taurus","misde_cattle1front","misde_cattle1front","Daily cattle herd movements in the Logone Floodplain, Cameroon","2011-03-21","13:16:20"
"2671",2671,5476803467,"true",14.949665922308,11.3028092279575,0.0555556,243,318,3,"gps","Bos taurus","misde_cattle1front","misde_cattle1front","Daily cattle herd movements in the Logone Floodplain, Cameroon","2011-03-21","13:17:10"
"2672",2672,5476803468,"true",14.9496475972655,11.3028001810221,0.555556,26,318,1,"gps","Bos taurus","misde_cattle1front","misde_cattle1front","Daily cattle herd movements in the Logone Floodplain, Cameroon","2011-03-21","13:18:04"
"2673",2673,5476803476,"true",14.9497392193388,11.302863503329,0.833334,33,320,2,"gps","Bos taurus","misde_cattle1front","misde_cattle1front","Daily cattle herd movements in the Logone Floodplain, Cameroon","2011-03-21","13:19:02"
"2674",2674,5476803484,"true",14.9498125116777,11.3029449101438,0.555556,71,318,2,"gps","Bos taurus","misde_cattle1front","misde_cattle1front","Daily cattle herd movements in the Logone Floodplain, Cameroon","2011-03-21","13:20:34"
"2675",2675,5476803487,"true",14.9498308367346,11.302953957069,0.555556,44,317,2,"gps","Bos taurus","misde_cattle1front","misde_cattle1front","Daily cattle herd movements in the Logone Floodplain, Cameroon","2011-03-21","13:21:10"
"2676",2676,5476803497,"true",14.9499591105968,11.3030263293343,0.1944446,90,317,1,"gps","Bos taurus","misde_cattle1front","misde_cattle1front","Daily cattle herd movements in the Logone Floodplain, Cameroon","2011-03-21","13:22:00"
"2677",2677,5476803505,"true",14.9500507469019,11.3030082571604,0.0277778,224,318,1,"gps","Bos taurus","misde_cattle1front","misde_cattle1front","Daily cattle herd movements in the Logone Floodplain, Cameroon","2011-03-21","13:23:24"
"2678",2678,5476803506,"true",14.9500415835851,11.303008255615,0,0,319,0,"gps","Bos taurus","misde_cattle1front","misde_cattle1front","Daily cattle herd movements in the Logone Floodplain, Cameroon","2011-03-21","13:24:22"
"2679",2679,5476803508,"true",14.9500507484676,11.3029992133399,0.0277778,136,319,1,"gps","Bos taurus","misde_cattle1front","misde_cattle1front","Daily cattle herd movements in the Logone Floodplain, Cameroon","2011-03-21","13:25:15"
"2680",2680,5476803512,"true",14.9500599070878,11.3030263463465,0.1111112,63,317,1,"gps","Bos taurus","misde_cattle1front","misde_cattle1front","Daily cattle herd movements in the Logone Floodplain, Cameroon","2011-03-21","13:26:56"
"2681",2681,5476803513,"true",14.9500782337226,11.3030263494359,0.277778,44,317,1,"gps","Bos taurus","misde_cattle1front","misde_cattle1front","Daily cattle herd movements in the Logone Floodplain, Cameroon","2011-03-21","13:27:08"
"2682",2682,5476803522,"true",14.950179019282,11.3030896731509,0.833334,33,318,2,"gps","Bos taurus","misde_cattle1front","misde_cattle1front","Daily cattle herd movements in the Logone Floodplain, Cameroon","2011-03-21","13:28:01"
"2683",2683,5476803540,"true",14.9502522868519,11.3033157809823,0,0,320,0,"gps","Bos taurus","misde_cattle1front","misde_cattle1front","Daily cattle herd movements in the Logone Floodplain, Cameroon","2011-03-21","13:29:02"
"2684",2684,5476803557,"true",14.9504446809822,11.3035238211073,0.833334,56,320,2,"gps","Bos taurus","misde_cattle1front","misde_cattle1front","Daily cattle herd movements in the Logone Floodplain, Cameroon","2011-03-21","13:30:17"
"2685",2685,5476803565,"true",14.9505271401254,11.3035871416358,0,0,319,0,"gps","Bos taurus","misde_cattle1front","misde_cattle1front","Daily cattle herd movements in the Logone Floodplain, Cameroon","2011-03-21","13:31:36"
"2686",2686,5476803567,"true",14.9505363034606,11.3035871431663,0.0833334,90,318,1,"gps","Bos taurus","misde_cattle1front","misde_cattle1front","Daily cattle herd movements in the Logone Floodplain, Cameroon","2011-03-21","13:32:02"
"2687",2687,5476803573,"true",14.9505729537028,11.3036052369258,0.555556,243,319,1,"gps","Bos taurus","misde_cattle1front","misde_cattle1front","Daily cattle herd movements in the Logone Floodplain, Cameroon","2011-03-21","13:33:46"
"2688",2688,5476803577,"true",14.950572950604,11.3036233245662,0.555556,18,320,2,"gps","Bos taurus","misde_cattle1front","misde_cattle1front","Daily cattle herd movements in the Logone Floodplain, Cameroon","2011-03-21","13:34:00"
"2689",2689,5476803591,"true",14.9507378721284,11.3037318778881,0.1111112,90,318,1,"gps","Bos taurus","misde_cattle1front","misde_cattle1front","Daily cattle herd movements in the Logone Floodplain, Cameroon","2011-03-21","13:35:09"
"2690",2690,5476803603,"true",14.9509028291764,11.3036324232544,0,0,317,0,"gps","Bos taurus","misde_cattle1front","misde_cattle1front","Daily cattle herd movements in the Logone Floodplain, Cameroon","2011-03-21","13:36:10"
"2691",2691,5476803612,"true",14.9510127815393,11.3036776605632,0.2500002,0,316,1,"gps","Bos taurus","misde_cattle1front","misde_cattle1front","Daily cattle herd movements in the Logone Floodplain, Cameroon","2011-03-21","13:37:02"
"2692",2692,5476803623,"true",14.9510677523649,11.303731932573,0.833334,33,317,2,"gps","Bos taurus","misde_cattle1front","misde_cattle1front","Daily cattle herd movements in the Logone Floodplain, Cameroon","2011-03-21","13:38:02"
"2693",2693,5476803642,"true",14.9511776588765,11.3040484844231,1.111112,324,320,3,"gps","Bos taurus","misde_cattle1front","misde_cattle1front","Daily cattle herd movements in the Logone Floodplain, Cameroon","2011-03-21","13:39:02"
"2694",2694,5476803648,"true",14.9511043428796,11.3041027352494,0.0555556,90,316,1,"gps","Bos taurus","misde_cattle1front","misde_cattle1front","Daily cattle herd movements in the Logone Floodplain, Cameroon","2011-03-21","13:40:17"
"2695",2695,5476803652,"true",14.9511135016337,11.3041298682219,0.0833334,18,315,2,"gps","Bos taurus","misde_cattle1front","misde_cattle1front","Daily cattle herd movements in the Logone Floodplain, Cameroon","2011-03-21","13:41:23"
"2696",2696,5476803655,"true",14.9511043367483,11.3041389105292,0.0277778,90,314,1,"gps","Bos taurus","misde_cattle1front","misde_cattle1front","Daily cattle herd movements in the Logone Floodplain, Cameroon","2011-03-21","13:42:38"
"2697",2697,5476803656,"true",14.9511135001012,11.3041389120419,0.1944446,0,314,1,"gps","Bos taurus","misde_cattle1front","misde_cattle1front","Daily cattle herd movements in the Logone Floodplain, Cameroon","2011-03-21","13:43:13"
"2698",2698,5476803672,"true",14.9508385794807,11.3042564361958,0.3055558,270,315,1,"gps","Bos taurus","misde_cattle1front","misde_cattle1front","Daily cattle herd movements in the Logone Floodplain, Cameroon","2011-03-21","13:44:01"
"2699",2699,5476803683,"true",14.9507011260415,11.3042745009873,0.0277778,0,318,1,"gps","Bos taurus","misde_cattle1front","misde_cattle1front","Daily cattle herd movements in the Logone Floodplain, Cameroon","2011-03-21","13:45:02"
"2700",2700,5476803694,"true",14.950499508908,11.3044101246573,0.833334,297,321,3,"gps","Bos taurus","misde_cattle1front","misde_cattle1front","Daily cattle herd movements in the Logone Floodplain, Cameroon","2011-03-21","13:46:01"
"2701",2701,5476803712,"true",14.9502062454402,11.3046180833517,0.277778,316,320,2,"gps","Bos taurus","misde_cattle1front","misde_cattle1front","Daily cattle herd movements in the Logone Floodplain, Cameroon","2011-03-21","13:47:27"
"2702",2702,5476803721,"true",14.9501054390075,11.3046723293039,0.833334,270,319,2,"gps","Bos taurus","misde_cattle1front","misde_cattle1front","Daily cattle herd movements in the Logone Floodplain, Cameroon","2011-03-21","13:48:01"
"2703",2703,5476803728,"true",14.9499954770039,11.3046813545771,0.0277778,270,318,1,"gps","Bos taurus","misde_cattle1front","misde_cattle1front","Daily cattle herd movements in the Logone Floodplain, Cameroon","2011-03-21","13:49:25"
"2704",2704,5476803730,"true",14.9499954770039,11.3046813545771,0.833334,304,318,2,"gps","Bos taurus","misde_cattle1front","misde_cattle1front","Daily cattle herd movements in the Logone Floodplain, Cameroon","2011-03-21","13:50:02"
"2705",2705,5476803735,"true",14.9499313224266,11.3047446504756,0.1944446,270,318,1,"gps","Bos taurus","misde_cattle1front","misde_cattle1front","Daily cattle herd movements in the Logone Floodplain, Cameroon","2011-03-21","13:51:02"
"2706",2706,5476803753,"true",14.9495556241783,11.3047445867194,0.833334,284,319,2,"gps","Bos taurus","misde_cattle1front","misde_cattle1front","Daily cattle herd movements in the Logone Floodplain, Cameroon","2011-03-21","13:52:01"
"2707",2707,5476803763,"true",14.9493906850713,11.304735514759,0.555556,251,320,2,"gps","Bos taurus","misde_cattle1front","misde_cattle1front","Daily cattle herd movements in the Logone Floodplain, Cameroon","2011-03-21","13:53:02"
"2708",2708,5476803779,"true",14.9490333135812,11.3047354534715,1.111112,270,320,4,"gps","Bos taurus","misde_cattle1front","misde_cattle1front","Daily cattle herd movements in the Logone Floodplain, Cameroon","2011-03-21","13:54:00"
"2709",2709,5476803799,"true",14.9484835048323,11.3047715336179,1.111112,270,321,3,"gps","Bos taurus","misde_cattle1front","misde_cattle1front","Daily cattle herd movements in the Logone Floodplain, Cameroon","2011-03-21","13:55:00"
"2710",2710,5476803819,"true",14.9479153936966,11.3046719522333,1.111112,239,321,3,"gps","Bos taurus","misde_cattle1front","misde_cattle1front","Daily cattle herd movements in the Logone Floodplain, Cameroon","2011-03-21","13:56:00"
"2711",2711,5476803839,"true",14.9473747879045,11.3044909802736,1.111112,258,321,3,"gps","Bos taurus","misde_cattle1front","misde_cattle1front","Daily cattle herd movements in the Logone Floodplain, Cameroon","2011-03-21","13:57:00"
"2712",2712,5476803859,"true",14.9468708212352,11.3043914082784,1.111112,258,322,3,"gps","Bos taurus","misde_cattle1front","misde_cattle1front","Daily cattle herd movements in the Logone Floodplain, Cameroon","2011-03-21","13:58:00"
"2713",2713,5476803879,"true",14.9463943466692,11.3042827965844,0.833334,243,322,3,"gps","Bos taurus","misde_cattle1front","misde_cattle1front","Daily cattle herd movements in the Logone Floodplain, Cameroon","2011-03-21","13:59:00"
"2714",2714,5476803899,"true",14.9459087006336,11.304219401547,1.111112,260,323,4,"gps","Bos taurus","misde_cattle1front","misde_cattle1front","Daily cattle herd movements in the Logone Floodplain, Cameroon","2011-03-21","14:00:00"
"2715",2715,5476803919,"true",14.9454322284316,11.3041017444877,1.111112,248,322,3,"gps","Bos taurus","misde_cattle1front","misde_cattle1front","Daily cattle herd movements in the Logone Floodplain, Cameroon","2011-03-21","14:01:02"
"2716",2716,5476803938,"true",14.9449832380393,11.3040293108662,0.555556,243,322,1,"gps","Bos taurus","misde_cattle1front","misde_cattle1front","Daily cattle herd movements in the Logone Floodplain, Cameroon","2011-03-21","14:02:01"
"2717",2717,5476803958,"true",14.9444792677989,11.3039568662632,1.111112,233,322,3,"gps","Bos taurus","misde_cattle1front","misde_cattle1front","Daily cattle herd movements in the Logone Floodplain, Cameroon","2011-03-21","14:03:01"
"2718",2718,5476803978,"true",14.9439753030846,11.3038572893462,1.111112,258,322,3,"gps","Bos taurus","misde_cattle1front","misde_cattle1front","Daily cattle herd movements in the Logone Floodplain, Cameroon","2011-03-21","14:04:01"
"2719",2719,5476803998,"true",14.9434896689444,11.3037396274318,1.111112,258,322,3,"gps","Bos taurus","misde_cattle1front","misde_cattle1front","Daily cattle herd movements in the Logone Floodplain, Cameroon","2011-03-21","14:05:01"
"2720",2720,5476804018,"true",14.9430406474772,11.3038299796105,0.833334,284,323,2,"gps","Bos taurus","misde_cattle1front","misde_cattle1front","Daily cattle herd movements in the Logone Floodplain, Cameroon","2011-03-21","14:06:01"
"2721",2721,5476804038,"true",14.9425916437285,11.3038298929182,1.111112,239,323,3,"gps","Bos taurus","misde_cattle1front","misde_cattle1front","Daily cattle herd movements in the Logone Floodplain, Cameroon","2011-03-21","14:07:01"
"2722",2722,5476804058,"true",14.942096834166,11.3037755336784,1.111112,270,322,3,"gps","Bos taurus","misde_cattle1front","misde_cattle1front","Daily cattle herd movements in the Logone Floodplain, Cameroon","2011-03-21","14:08:01"
"2723",2723,5476804078,"true",14.9416111899626,11.3037121316004,0.833334,327,322,2,"gps","Bos taurus","misde_cattle1front","misde_cattle1front","Daily cattle herd movements in the Logone Floodplain, Cameroon","2011-03-21","14:09:01"
"2724",2724,5476804094,"true",14.9413454494876,11.3037301667304,0.833334,256,321,2,"gps","Bos taurus","misde_cattle1front","misde_cattle1front","Daily cattle herd movements in the Logone Floodplain, Cameroon","2011-03-21","14:10:00"
"2725",2725,5476804114,"true",14.9409056351808,11.3036034658355,0.833334,243,321,3,"gps","Bos taurus","misde_cattle1front","misde_cattle1front","Daily cattle herd movements in the Logone Floodplain, Cameroon","2011-03-21","14:11:00"
"2726",2726,5476804124,"true",14.9407865155474,11.3035853544061,0.3055558,270,321,2,"gps","Bos taurus","misde_cattle1front","misde_cattle1front","Daily cattle herd movements in the Logone Floodplain, Cameroon","2011-03-21","14:12:01"
"2727",2727,5476804136,"true",14.9405391018099,11.3036033924765,0.833334,270,322,2,"gps","Bos taurus","misde_cattle1front","misde_cattle1front","Daily cattle herd movements in the Logone Floodplain, Cameroon","2011-03-21","14:13:02"
"2728",2728,5476804153,"true",14.9401908913601,11.3036214100025,0.0833334,270,322,1,"gps","Bos taurus","misde_cattle1front","misde_cattle1front","Daily cattle herd movements in the Logone Floodplain, Cameroon","2011-03-21","14:14:06"
"2729",2729,5476804166,"true",14.9399434719092,11.3036665790305,0.833334,297,323,3,"gps","Bos taurus","misde_cattle1front","misde_cattle1front","Daily cattle herd movements in the Logone Floodplain, Cameroon","2011-03-21","14:15:00"
"2730",2730,5476804182,"true",14.9397235405048,11.3037207972658,0.1111112,243,321,1,"gps","Bos taurus","misde_cattle1front","misde_cattle1front","Daily cattle herd movements in the Logone Floodplain, Cameroon","2011-03-21","14:16:01"
"2731",2731,5476804196,"true",14.9395127799428,11.303738841935,0.3055558,270,321,1,"gps","Bos taurus","misde_cattle1front","misde_cattle1front","Daily cattle herd movements in the Logone Floodplain, Cameroon","2011-03-21","14:17:05"
"2732",2732,5476804210,"true",14.9392928579193,11.3037478407576,0.277778,224,321,1,"gps","Bos taurus","misde_cattle1front","misde_cattle1front","Daily cattle herd movements in the Logone Floodplain, Cameroon","2011-03-21","14:18:00"
"2733",2733,5476804223,"true",14.9391187544859,11.3037478050202,0.3333336,284,322,2,"gps","Bos taurus","misde_cattle1front","misde_cattle1front","Daily cattle herd movements in the Logone Floodplain, Cameroon","2011-03-21","14:19:08"
"2734",2734,5476804230,"true",14.9389996310844,11.3037477805092,0.555556,270,322,2,"gps","Bos taurus","misde_cattle1front","misde_cattle1front","Daily cattle herd movements in the Logone Floodplain, Cameroon","2011-03-21","14:20:01"
"2735",2735,5476804245,"true",14.9387613900413,11.3037205998887,0.555556,243,321,1,"gps","Bos taurus","misde_cattle1front","misde_cattle1front","Daily cattle herd movements in the Logone Floodplain, Cameroon","2011-03-21","14:21:01"
"2736",2736,5476804262,"true",14.9384590172619,11.3036391428459,0.555556,251,319,2,"gps","Bos taurus","misde_cattle1front","misde_cattle1front","Daily cattle herd movements in the Logone Floodplain, Cameroon","2011-03-21","14:22:03"
"2737",2737,5476804269,"true",14.938312401968,11.3036481561637,0.833334,270,321,2,"gps","Bos taurus","misde_cattle1front","misde_cattle1front","Daily cattle herd movements in the Logone Floodplain, Cameroon","2011-03-21","14:23:00"
"2738",2738,5476804283,"true",14.9380374999678,11.3036571425981,0.1944446,270,320,1,"gps","Bos taurus","misde_cattle1front","misde_cattle1front","Daily cattle herd movements in the Logone Floodplain, Cameroon","2011-03-21","14:24:03"
"2739",2739,5476804287,"true",14.9379825121783,11.3036933063635,0.1666668,284,320,2,"gps","Bos taurus","misde_cattle1front","misde_cattle1front","Daily cattle herd movements in the Logone Floodplain, Cameroon","2011-03-21","14:25:00"
"2740",2740,5476804298,"true",14.9377809129208,11.3037203955366,0.833334,270,320,2,"gps","Bos taurus","misde_cattle1front","misde_cattle1front","Daily cattle herd movements in the Logone Floodplain, Cameroon","2011-03-21","14:26:01"
"2741",2741,5476804308,"true",14.9376343034313,11.3037022770641,0.833334,256,320,2,"gps","Bos taurus","misde_cattle1front","misde_cattle1front","Daily cattle herd movements in the Logone Floodplain, Cameroon","2011-03-21","14:27:00"
"2742",2742,5476804320,"true",14.9374327276724,11.3036208401827,0.1944446,243,320,1,"gps","Bos taurus","misde_cattle1front","misde_cattle1front","Daily cattle herd movements in the Logone Floodplain, Cameroon","2011-03-21","14:28:07"
"2743",2743,5476804328,"true",14.9373044449236,11.3036027254181,0.1944446,270,319,1,"gps","Bos taurus","misde_cattle1front","misde_cattle1front","Daily cattle herd movements in the Logone Floodplain, Cameroon","2011-03-21","14:29:00"
"2744",2744,5476804341,"true",14.9370570349152,11.3036026729422,0.3888892,270,320,1,"gps","Bos taurus","misde_cattle1front","misde_cattle1front","Daily cattle herd movements in the Logone Floodplain, Cameroon","2011-03-21","14:30:04"
"2745",2745,5476804352,"true",14.9368371208489,11.3035754946694,1.111112,282,320,3,"gps","Bos taurus","misde_cattle1front","misde_cattle1front","Daily cattle herd movements in the Logone Floodplain, Cameroon","2011-03-21","14:31:02"
"2746",2746,5476804364,"true",14.9367271311045,11.3037111284689,0.555556,297,321,1,"gps","Bos taurus","misde_cattle1front","misde_cattle1front","Daily cattle herd movements in the Logone Floodplain, Cameroon","2011-03-21","14:32:04"
"2747",2747,5476804381,"true",14.9363514283029,11.3037381794226,0.833334,256,320,2,"gps","Bos taurus","misde_cattle1front","misde_cattle1front","Daily cattle herd movements in the Logone Floodplain, Cameroon","2011-03-21","14:33:01"
"2748",2748,5476804400,"true",14.9360673848735,11.3036476800617,0.833334,327,320,2,"gps","Bos taurus","misde_cattle1front","misde_cattle1front","Daily cattle herd movements in the Logone Floodplain, Cameroon","2011-03-21","14:34:14"
"2749",2749,5476804407,"true",14.9360856935111,11.3037290783779,0.0833334,342,321,2,"gps","Bos taurus","misde_cattle1front","misde_cattle1front","Daily cattle herd movements in the Logone Floodplain, Cameroon","2011-03-21","14:35:11"
"2750",2750,5476804415,"true",14.9360123868114,11.3037290625492,0.555556,224,322,2,"gps","Bos taurus","misde_cattle1front","misde_cattle1front","Daily cattle herd movements in the Logone Floodplain, Cameroon","2011-03-21","14:36:01"
"2751",2751,5476804425,"true",14.9359115961267,11.3037019093017,0.555556,297,321,1,"gps","Bos taurus","misde_cattle1front","misde_cattle1front","Daily cattle herd movements in the Logone Floodplain, Cameroon","2011-03-21","14:37:03"
"2752",2752,5476804436,"true",14.9357833255193,11.3036295309717,0.0833334,243,322,1,"gps","Bos taurus","misde_cattle1front","misde_cattle1front","Daily cattle herd movements in the Logone Floodplain, Cameroon","2011-03-21","14:38:01"
"2753",2753,5476804442,"true",14.9357100248915,11.3036023836148,0.0833334,316,320,1,"gps","Bos taurus","misde_cattle1front","misde_cattle1front","Daily cattle herd movements in the Logone Floodplain, Cameroon","2011-03-21","14:39:04"
"2754",2754,5476804456,"true",14.9354717944068,11.303529981261,0.555556,251,320,2,"gps","Bos taurus","misde_cattle1front","misde_cattle1front","Daily cattle herd movements in the Logone Floodplain, Cameroon","2011-03-21","14:40:01"
"2755",2755,5476804469,"true",14.9352060537455,11.3035480108815,0.0833334,270,320,1,"gps","Bos taurus","misde_cattle1front","misde_cattle1front","Daily cattle herd movements in the Logone Floodplain, Cameroon","2011-03-21","14:41:01"
"2756",2756,5476804476,"true",14.9351419063584,11.3035660844777,0.3888892,270,319,1,"gps","Bos taurus","misde_cattle1front","misde_cattle1front","Daily cattle herd movements in the Logone Floodplain, Cameroon","2011-03-21","14:42:00"
"2757",2757,5476804489,"true",14.9349861235986,11.3035931817774,0.555556,297,319,1,"gps","Bos taurus","misde_cattle1front","misde_cattle1front","Daily cattle herd movements in the Logone Floodplain, Cameroon","2011-03-21","14:43:02"
"2758",2758,5476804501,"true",14.9348028569401,11.3035931414917,0.1944446,270,320,1,"gps","Bos taurus","misde_cattle1front","misde_cattle1front","Daily cattle herd movements in the Logone Floodplain, Cameroon","2011-03-21","14:44:04"
"2759",2759,5476804515,"true",14.9345646307973,11.3035026507741,0.277778,224,321,1,"gps","Bos taurus","misde_cattle1front","misde_cattle1front","Daily cattle herd movements in the Logone Floodplain, Cameroon","2011-03-21","14:45:03"
"2760",2760,5476804524,"true",14.9344271911252,11.3034574012867,1.111112,248,321,3,"gps","Bos taurus","misde_cattle1front","misde_cattle1front","Daily cattle herd movements in the Logone Floodplain, Cameroon","2011-03-21","14:46:00"
"2761",2761,5476804544,"true",14.9339599110561,11.303240245829,0.1111112,270,321,1,"gps","Bos taurus","misde_cattle1front","misde_cattle1front","Daily cattle herd movements in the Logone Floodplain, Cameroon","2011-03-21","14:47:00"
"2762",2762,5476804559,"true",14.9337491629679,11.3032040234911,0.1944446,270,321,1,"gps","Bos taurus","misde_cattle1front","misde_cattle1front","Daily cattle herd movements in the Logone Floodplain, Cameroon","2011-03-21","14:48:12"
"2763",2763,5476804570,"true",14.9335750807032,11.3031135463193,0.555556,243,321,1,"gps","Bos taurus","misde_cattle1front","misde_cattle1front","Daily cattle herd movements in the Logone Floodplain, Cameroon","2011-03-21","14:49:21"
"2764",2764,5476804580,"true",14.9334193272642,11.3030140293477,0.1111112,270,321,1,"gps","Bos taurus","misde_cattle1front","misde_cattle1front","Daily cattle herd movements in the Logone Floodplain, Cameroon","2011-03-21","14:50:02"
"2765",2765,5476804594,"true",14.933226933247,11.3028602411263,0.138889,270,322,1,"gps","Bos taurus","misde_cattle1front","misde_cattle1front","Daily cattle herd movements in the Logone Floodplain, Cameroon","2011-03-21","14:51:01"
"2766",2766,5476804607,"true",14.9330620461337,11.3026341084498,1.111112,191,321,3,"gps","Bos taurus","misde_cattle1front","misde_cattle1front","Daily cattle herd movements in the Logone Floodplain, Cameroon","2011-03-21","14:52:00"
"2767",2767,5476804615,"true",14.9329979429217,11.3024622614053,1.111112,216,321,3,"gps","Bos taurus","misde_cattle1front","misde_cattle1front","Daily cattle herd movements in the Logone Floodplain, Cameroon","2011-03-21","14:53:01"
"2768",2768,5476804631,"true",14.9329063709417,11.3021999699383,0.3055558,180,321,1,"gps","Bos taurus","misde_cattle1front","misde_cattle1front","Daily cattle herd movements in the Logone Floodplain, Cameroon","2011-03-21","14:54:00"
"2769",2769,5476804639,"true",14.9329155489487,11.3021366652862,0.0833334,316,322,1,"gps","Bos taurus","misde_cattle1front","misde_cattle1front","Daily cattle herd movements in the Logone Floodplain, Cameroon","2011-03-21","14:55:04"
"2770",2770,5476804642,"true",14.9328972286858,11.3021095296804,0.1111112,289,322,2,"gps","Bos taurus","misde_cattle1front","misde_cattle1front","Daily cattle herd movements in the Logone Floodplain, Cameroon","2011-03-21","14:56:04"
"2771",2771,5476804650,"true",14.9328239308244,11.3020733377919,0.833334,236,322,2,"gps","Bos taurus","misde_cattle1front","misde_cattle1front","Daily cattle herd movements in the Logone Floodplain, Cameroon","2011-03-21","14:57:01"
"2772",2772,5476804661,"true",14.9326681845374,11.3019466889681,0.2500002,297,321,1,"gps","Bos taurus","misde_cattle1front","misde_cattle1front","Daily cattle herd movements in the Logone Floodplain, Cameroon","2011-03-21","14:58:01"
"2773",2773,5476804678,"true",14.9328330646353,11.3021999533249,0.3888892,90,321,1,"gps","Bos taurus","misde_cattle1front","misde_cattle1front","Daily cattle herd movements in the Logone Floodplain, Cameroon","2011-03-21","14:59:01"
"2774",2774,5476804690,"true",14.933043818168,11.3022090448577,0.0555556,136,321,1,"gps","Bos taurus","misde_cattle1front","misde_cattle1front","Daily cattle herd movements in the Logone Floodplain, Cameroon","2011-03-21","15:00:01"
"2775",2775,5476804696,"true",14.933144614343,11.3022090676247,0.1111112,90,321,1,"gps","Bos taurus","misde_cattle1front","misde_cattle1front","Daily cattle herd movements in the Logone Floodplain, Cameroon","2011-03-21","15:01:06"
"2776",2776,5476804702,"true",14.9331629430152,11.3022000279423,0.555556,251,321,2,"gps","Bos taurus","misde_cattle1front","misde_cattle1front","Daily cattle herd movements in the Logone Floodplain, Cameroon","2011-03-21","15:02:02"
"2777",2777,5476804722,"true",14.9327139798491,11.3020371375618,1.111112,233,321,3,"gps","Bos taurus","misde_cattle1front","misde_cattle1front","Daily cattle herd movements in the Logone Floodplain, Cameroon","2011-03-21","15:03:02"
"2778",2778,5476804731,"true",14.9325307289902,11.3019737891481,0.1111112,260,321,4,"gps","Bos taurus","misde_cattle1front","misde_cattle1front","Daily cattle herd movements in the Logone Floodplain, Cameroon","2011-03-21","15:04:10"
"2779",2779,5476804734,"true",14.9324574248588,11.3019647286239,0.1944446,243,321,1,"gps","Bos taurus","misde_cattle1front","misde_cattle1front","Daily cattle herd movements in the Logone Floodplain, Cameroon","2011-03-21","15:05:14"
"2780",2780,5476804745,"true",14.9322466948848,11.3018561546741,0.833334,236,319,2,"gps","Bos taurus","misde_cattle1front","misde_cattle1front","Daily cattle herd movements in the Logone Floodplain, Cameroon","2011-03-21","15:06:02"
"2781",2781,5476804753,"true",14.9321184238963,11.301792818576,0.833334,224,320,3,"gps","Bos taurus","misde_cattle1front","misde_cattle1front","Daily cattle herd movements in the Logone Floodplain, Cameroon","2011-03-21","15:07:09"
"2782",2782,5476804769,"true",14.9319076771031,11.3017565949317,0.0555556,270,319,1,"gps","Bos taurus","misde_cattle1front","misde_cattle1front","Daily cattle herd movements in the Logone Floodplain, Cameroon","2011-03-21","15:08:02"
"2783",2783,5476804779,"true",14.931751916418,11.3016932523549,0.555556,251,319,2,"gps","Bos taurus","misde_cattle1front","misde_cattle1front","Daily cattle herd movements in the Logone Floodplain, Cameroon","2011-03-21","15:09:14"
"2784",2784,5476804789,"true",14.931724426602,11.3016932460201,0.0277778,180,318,1,"gps","Bos taurus","misde_cattle1front","misde_cattle1front","Daily cattle herd movements in the Logone Floodplain, Cameroon","2011-03-21","15:10:04"
"2785",2785,5476804796,"true",14.9318069088739,11.3016390021069,0.0277778,180,317,1,"gps","Bos taurus","misde_cattle1front","misde_cattle1front","Daily cattle herd movements in the Logone Floodplain, Cameroon","2011-03-21","15:11:00"
"2786",2786,5476804801,"true",14.931742759564,11.3016661187887,0.555556,44,317,2,"gps","Bos taurus","misde_cattle1front","misde_cattle1front","Daily cattle herd movements in the Logone Floodplain, Cameroon","2011-03-21","15:12:19"
"2787",2787,5476804812,"true",14.9316236134656,11.3017655733168,0.3055558,270,319,1,"gps","Bos taurus","misde_cattle1front","misde_cattle1front","Daily cattle herd movements in the Logone Floodplain, Cameroon","2011-03-21","15:13:03"
"2788",2788,5476804822,"true",14.9314861686465,11.3017474539214,0.138889,270,320,2,"gps","Bos taurus","misde_cattle1front","misde_cattle1front","Daily cattle herd movements in the Logone Floodplain, Cameroon","2011-03-21","15:14:05"
"2789",2789,5476804829,"true",14.9314037013335,11.3017383910173,0.0833334,224,319,1,"gps","Bos taurus","misde_cattle1front","misde_cattle1front","Daily cattle herd movements in the Logone Floodplain, Cameroon","2011-03-21","15:15:07"
"2790",2790,5476804833,"true",14.93136704824,11.3017383825272,0.0555556,270,318,1,"gps","Bos taurus","misde_cattle1front","misde_cattle1front","Daily cattle herd movements in the Logone Floodplain, Cameroon","2011-03-21","15:16:05"
"2791",2791,5476804837,"true",14.9313120750584,11.3017112383292,0.138889,270,319,1,"gps","Bos taurus","misde_cattle1front","misde_cattle1front","Daily cattle herd movements in the Logone Floodplain, Cameroon","2011-03-21","15:17:30"
"2792",2792,5476804839,"true",14.931284591702,11.301684100499,0.2222224,270,320,1,"gps","Bos taurus","misde_cattle1front","misde_cattle1front","Daily cattle herd movements in the Logone Floodplain, Cameroon","2011-03-21","15:18:15"
"2793",2793,5476804852,"true",14.9310646926288,11.301602655039,0.3888892,270,321,1,"gps","Bos taurus","misde_cattle1front","misde_cattle1front","Daily cattle herd movements in the Logone Floodplain, Cameroon","2011-03-21","15:19:09"
"2794",2794,5476804859,"true",14.9309639031612,11.3015755001108,0.0833334,270,320,1,"gps","Bos taurus","misde_cattle1front","misde_cattle1front","Daily cattle herd movements in the Logone Floodplain, Cameroon","2011-03-21","15:20:23"
"2795",2795,5476804865,"true",14.9309272565833,11.3015483601119,0.1111112,270,321,1,"gps","Bos taurus","misde_cattle1front","misde_cattle1front","Daily cattle herd movements in the Logone Floodplain, Cameroon","2011-03-21","15:21:13"
"2796",2796,5476804870,"true",14.9308631202133,11.3015212136938,0.833334,256,321,2,"gps","Bos taurus","misde_cattle1front","misde_cattle1front","Daily cattle herd movements in the Logone Floodplain, Cameroon","2011-03-21","15:22:11"
"2797",2797,5476804877,"true",14.930771494059,11.3014940608388,0.2500002,224,320,2,"gps","Bos taurus","misde_cattle1front","misde_cattle1front","Daily cattle herd movements in the Logone Floodplain, Cameroon","2011-03-21","15:23:00"
"2798",2798,5476804888,"true",14.9306798918205,11.3013674259548,0.833334,206,322,3,"gps","Bos taurus","misde_cattle1front","misde_cattle1front","Daily cattle herd movements in the Logone Floodplain, Cameroon","2011-03-21","15:24:00"
"2799",2799,5476804898,"true",14.9305882874868,11.3012498348601,0.0555556,180,320,1,"gps","Bos taurus","misde_cattle1front","misde_cattle1front","Daily cattle herd movements in the Logone Floodplain, Cameroon","2011-03-21","15:25:04"
"2800",2800,5476804909,"true",14.9305150119132,11.3011232042175,0.555556,198,321,2,"gps","Bos taurus","misde_cattle1front","misde_cattle1front","Daily cattle herd movements in the Logone Floodplain, Cameroon","2011-03-21","15:26:00"
"2801",2801,5476804918,"true",14.9304508909346,11.3010327509812,0.555556,224,321,2,"gps","Bos taurus","misde_cattle1front","misde_cattle1front","Daily cattle herd movements in the Logone Floodplain, Cameroon","2011-03-21","15:27:00"
"2802",2802,5476804928,"true",14.9303684500472,11.3009151619682,0.1944446,90,320,1,"gps","Bos taurus","misde_cattle1front","misde_cattle1front","Daily cattle herd movements in the Logone Floodplain, Cameroon","2011-03-21","15:28:01"
"2803",2803,5476804947,"true",14.9303685220604,11.3006167159549,0.1944446,0,319,1,"gps","Bos taurus","misde_cattle1front","misde_cattle1front","Daily cattle herd movements in the Logone Floodplain, Cameroon","2011-03-21","15:29:05"
"2804",2804,5476804963,"true",14.9304601043112,11.3008247453067,0.555556,90,319,2,"gps","Bos taurus","misde_cattle1front","misde_cattle1front","Daily cattle herd movements in the Logone Floodplain, Cameroon","2011-03-21","15:30:00"
"2805",2805,5476804974,"true",14.9305242687938,11.3007343221704,0.555556,224,318,2,"gps","Bos taurus","misde_cattle1front","misde_cattle1front","Daily cattle herd movements in the Logone Floodplain, Cameroon","2011-03-21","15:31:07"
"2806",2806,5476804988,"true",14.9305243188719,11.3005263143403,0.555556,198,319,2,"gps","Bos taurus","misde_cattle1front","misde_cattle1front","Daily cattle herd movements in the Logone Floodplain, Cameroon","2011-03-21","15:32:34"
"2807",2807,5476804997,"true",14.9304968487711,11.3004449135232,0.0833334,136,319,2,"gps","Bos taurus","misde_cattle1front","misde_cattle1front","Daily cattle herd movements in the Logone Floodplain, Cameroon","2011-03-21","15:33:11"
"2808",2808,5476805005,"true",14.9304877138583,11.3003273417284,0.555556,180,318,2,"gps","Bos taurus","misde_cattle1front","misde_cattle1front","Daily cattle herd movements in the Logone Floodplain, Cameroon","2011-03-21","15:34:01"
"2809",2809,5476805013,"true",14.9304510870992,11.3002188072993,0.555556,198,320,2,"gps","Bos taurus","misde_cattle1front","misde_cattle1front","Daily cattle herd movements in the Logone Floodplain, Cameroon","2011-03-21","15:35:11"
"2810",2810,5476805024,"true",14.9304053015078,11.3000921830746,0.2222224,206,319,1,"gps","Bos taurus","misde_cattle1front","misde_cattle1front","Daily cattle herd movements in the Logone Floodplain, Cameroon","2011-03-21","15:36:01"
"2811",2811,5476805034,"true",14.9303961535554,11.3000288741888,0.1111112,224,319,1,"gps","Bos taurus","misde_cattle1front","misde_cattle1front","Daily cattle herd movements in the Logone Floodplain, Cameroon","2011-03-21","15:37:11"
"2812",2812,5476805041,"true",14.9303228587218,11.2999836378623,0.1666668,224,320,2,"gps","Bos taurus","misde_cattle1front","misde_cattle1front","Daily cattle herd movements in the Logone Floodplain, Cameroon","2011-03-21","15:38:02"
"2813",2813,5476805055,"true",14.9301395702917,11.3000830767136,0.3333336,334,318,1,"gps","Bos taurus","misde_cattle1front","misde_cattle1front","Daily cattle herd movements in the Logone Floodplain, Cameroon","2011-03-21","15:39:05"
"2814",2814,5476805061,"true",14.9301487247564,11.30011925415,0.555556,117,317,1,"gps","Bos taurus","misde_cattle1front","misde_cattle1front","Daily cattle herd movements in the Logone Floodplain, Cameroon","2011-03-21","15:40:17"
"2815",2815,5476805067,"true",14.9302311915654,11.3001283174015,0.3888892,0,317,2,"gps","Bos taurus","misde_cattle1front","misde_cattle1front","Daily cattle herd movements in the Logone Floodplain, Cameroon","2011-03-21","15:41:20"
"2816",2816,5476805077,"true",14.9301761772233,11.3002730055513,0.833334,297,316,3,"gps","Bos taurus","misde_cattle1front","misde_cattle1front","Daily cattle herd movements in the Logone Floodplain, Cameroon","2011-03-21","15:42:02"
"2817",2817,5476805092,"true",14.9300020737246,11.3002820082859,0.833334,297,319,3,"gps","Bos taurus","misde_cattle1front","misde_cattle1front","Daily cattle herd movements in the Logone Floodplain, Cameroon","2011-03-21","15:43:01"
"2818",2818,5476805112,"true",14.9295713755795,11.3003904320413,0.833334,304,317,2,"gps","Bos taurus","misde_cattle1front","misde_cattle1front","Daily cattle herd movements in the Logone Floodplain, Cameroon","2011-03-21","15:44:02"
"2819",2819,5476805120,"true",14.9295163763186,11.3004718133336,0.3333336,316,318,2,"gps","Bos taurus","misde_cattle1front","misde_cattle1front","Daily cattle herd movements in the Logone Floodplain, Cameroon","2011-03-21","15:45:00"
"2820",2820,5476805127,"true",14.9294430571894,11.3005260587953,0.3888892,270,318,1,"gps","Bos taurus","misde_cattle1front","misde_cattle1front","Daily cattle herd movements in the Logone Floodplain, Cameroon","2011-03-21","15:46:07"
"2821",2821,5476805136,"true",14.9293056131032,11.300507938391,0.833334,284,319,2,"gps","Bos taurus","misde_cattle1front","misde_cattle1front","Daily cattle herd movements in the Logone Floodplain, Cameroon","2011-03-21","15:47:03"
"2822",2822,5476805143,"true",14.929204815312,11.3005169581397,0.0833334,270,319,1,"gps","Bos taurus","misde_cattle1front","misde_cattle1front","Daily cattle herd movements in the Logone Floodplain, Cameroon","2011-03-21","15:48:00"
"2823",2823,5476805151,"true",14.9291315094388,11.3005169406129,0.555556,224,319,2,"gps","Bos taurus","misde_cattle1front","misde_cattle1front","Daily cattle herd movements in the Logone Floodplain, Cameroon","2011-03-21","15:49:13"
"2824",2824,5476805157,"true",14.9290582080123,11.3004988354309,0.0555556,243,319,1,"gps","Bos taurus","misde_cattle1front","misde_cattle1front","Daily cattle herd movements in the Logone Floodplain, Cameroon","2011-03-21","15:50:20"
"2825",2825,5476805160,"true",14.9290490470022,11.300489789418,0.138889,284,318,2,"gps","Bos taurus","misde_cattle1front","misde_cattle1front","Daily cattle herd movements in the Logone Floodplain, Cameroon","2011-03-21","15:51:00"
"2826",2826,5476805166,"true",14.928984906595,11.3004807302308,0.1111112,243,319,1,"gps","Bos taurus","misde_cattle1front","misde_cattle1front","Daily cattle herd movements in the Logone Floodplain, Cameroon","2011-03-21","15:52:14"
"2827",2827,5476805172,"true",14.9289482670232,11.3004264585314,0.3888892,180,320,1,"gps","Bos taurus","misde_cattle1front","misde_cattle1front","Daily cattle herd movements in the Logone Floodplain, Cameroon","2011-03-21","15:53:00"
"2828",2828,5476805183,"true",14.9290582346909,11.3003903096085,0.1111112,117,319,1,"gps","Bos taurus","misde_cattle1front","misde_cattle1front","Daily cattle herd movements in the Logone Floodplain, Cameroon","2011-03-21","15:54:05"
"2829",2829,5476805194,"true",14.9292323404986,11.3003722636106,0.833334,90,319,2,"gps","Bos taurus","misde_cattle1front","misde_cattle1front","Daily cattle herd movements in the Logone Floodplain, Cameroon","2011-03-21","15:55:02"
"2830",2830,5476805210,"true",14.9296171873191,11.3004085305669,0.555556,63,318,1,"gps","Bos taurus","misde_cattle1front","misde_cattle1front","Daily cattle herd movements in the Logone Floodplain, Cameroon","2011-03-21","15:56:04"
"2831",2831,5476805219,"true",14.9296538578786,11.3003361887229,0.833334,166,318,2,"gps","Bos taurus","misde_cattle1front","misde_cattle1front","Daily cattle herd movements in the Logone Floodplain, Cameroon","2011-03-21","15:57:05"
"2832",2832,5476805229,"true",14.9297638320283,11.3002729080808,1.111112,127,318,3,"gps","Bos taurus","misde_cattle1front","misde_cattle1front","Daily cattle herd movements in the Logone Floodplain, Cameroon","2011-03-21","15:58:04"
"2833",2833,5476805237,"true",14.9298829715518,11.3002005857474,1.111112,102,319,3,"gps","Bos taurus","misde_cattle1front","misde_cattle1front","Daily cattle herd movements in the Logone Floodplain, Cameroon","2011-03-21","15:59:00"
"2834",2834,5476805243,"true",14.9299379596796,11.300164423479,0.1111112,224,318,1,"gps","Bos taurus","misde_cattle1front","misde_cattle1front","Daily cattle herd movements in the Logone Floodplain, Cameroon","2011-03-21","16:00:02"
"2835",2835,5476805253,"true",14.9299196442142,11.3001192000501,0.833334,124,318,2,"gps","Bos taurus","misde_cattle1front","misde_cattle1front","Daily cattle herd movements in the Logone Floodplain, Cameroon","2011-03-21","16:01:00"
"2836",2836,5476805264,"true",14.9300021439191,11.2999926060812,0.138889,180,319,1,"gps","Bos taurus","misde_cattle1front","misde_cattle1front","Daily cattle herd movements in the Logone Floodplain, Cameroon","2011-03-21","16:02:02"
"2837",2837,5476805277,"true",14.9300846457423,11.2998569682687,0.555556,162,318,2,"gps","Bos taurus","misde_cattle1front","misde_cattle1front","Daily cattle herd movements in the Logone Floodplain, Cameroon","2011-03-21","16:03:00"
"2838",2838,5476805289,"true",14.9301396578605,11.2997213239509,0,0,318,0,"gps","Bos taurus","misde_cattle1front","misde_cattle1front","Daily cattle herd movements in the Logone Floodplain, Cameroon","2011-03-21","16:04:00"
"2839",2839,5476805297,"true",14.9301579842787,11.2997213282716,0.833334,136,319,3,"gps","Bos taurus","misde_cattle1front","misde_cattle1front","Daily cattle herd movements in the Logone Floodplain, Cameroon","2011-03-21","16:05:02"
"2840",2840,5476805309,"true",14.9303229526103,11.2995947536378,0.833334,104,318,2,"gps","Bos taurus","misde_cattle1front","misde_cattle1front","Daily cattle herd movements in the Logone Floodplain, Cameroon","2011-03-21","16:06:02"
"2841",2841,5476805326,"true",14.9306528388602,11.2995496119361,0.138889,136,319,1,"gps","Bos taurus","misde_cattle1front","misde_cattle1front","Daily cattle herd movements in the Logone Floodplain, Cameroon","2011-03-21","16:07:00"
"2842",2842,5476805342,"true",14.9309461046574,11.2993688040333,0.833334,147,320,2,"gps","Bos taurus","misde_cattle1front","misde_cattle1front","Daily cattle herd movements in the Logone Floodplain, Cameroon","2011-03-21","16:08:01"
"2843",2843,5476805354,"true",14.9310560867983,11.2992693476251,0.555556,154,320,1,"gps","Bos taurus","misde_cattle1front","misde_cattle1front","Daily cattle herd movements in the Logone Floodplain, Cameroon","2011-03-21","16:09:02"
"2844",2844,5476805370,"true",14.9312577201674,11.2990885180712,0,0,320,0,"gps","Bos taurus","misde_cattle1front","misde_cattle1front","Daily cattle herd movements in the Logone Floodplain, Cameroon","2011-03-21","16:10:25"
"2845",2845,5476805376,"true",14.9313310385914,11.2990342721509,0.833334,136,321,3,"gps","Bos taurus","misde_cattle1front","misde_cattle1front","Daily cattle herd movements in the Logone Floodplain, Cameroon","2011-03-21","16:11:02"
"2846",2846,5476805395,"true",14.9316059749355,11.2988625031553,0.2222224,136,319,1,"gps","Bos taurus","misde_cattle1front","misde_cattle1front","Daily cattle herd movements in the Logone Floodplain, Cameroon","2011-03-21","16:12:03"
"2847",2847,5476805414,"true",14.9319175764597,11.2986364794038,0.555556,136,319,2,"gps","Bos taurus","misde_cattle1front","misde_cattle1front","Daily cattle herd movements in the Logone Floodplain, Cameroon","2011-03-21","16:13:02"
"2848",2848,5476805425,"true",14.9320550368582,11.2985822480327,0.0555556,180,319,1,"gps","Bos taurus","misde_cattle1front","misde_cattle1front","Daily cattle herd movements in the Logone Floodplain, Cameroon","2011-03-21","16:14:01"
"2849",2849,5476805432,"true",14.9320917023181,11.2985279935137,0.277778,154,319,1,"gps","Bos taurus","misde_cattle1front","misde_cattle1front","Daily cattle herd movements in the Logone Floodplain, Cameroon","2011-03-21","16:15:01"
"2850",2850,5476805449,"true",14.9323208091755,11.2984104762622,0.555556,162,319,2,"gps","Bos taurus","misde_cattle1front","misde_cattle1front","Daily cattle herd movements in the Logone Floodplain, Cameroon","2011-03-21","16:16:00"
"2851",2851,5476805464,"true",14.9325224326972,11.2982658211111,0.833334,136,319,3,"gps","Bos taurus","misde_cattle1front","misde_cattle1front","Daily cattle herd movements in the Logone Floodplain, Cameroon","2011-03-21","16:17:00"
"2852",2852,5476805478,"true",14.9326873822917,11.2982115957024,1.111112,21,320,3,"gps","Bos taurus","misde_cattle1front","misde_cattle1front","Daily cattle herd movements in the Logone Floodplain, Cameroon","2011-03-21","16:18:01"
"2853",2853,5476805495,"true",14.9329438835846,11.2985010561332,0.1944446,90,319,1,"gps","Bos taurus","misde_cattle1front","misde_cattle1front","Daily cattle herd movements in the Logone Floodplain, Cameroon","2011-03-21","16:19:19"
"2854",2854,5476805502,"true",14.933017195248,11.2984739412524,0.1111112,44,320,1,"gps","Bos taurus","misde_cattle1front","misde_cattle1front","Daily cattle herd movements in the Logone Floodplain, Cameroon","2011-03-21","16:20:08"
"2855",2855,5476805514,"true",14.9331729921714,11.2983744943999,0.833334,90,321,2,"gps","Bos taurus","misde_cattle1front","misde_cattle1front","Daily cattle herd movements in the Logone Floodplain, Cameroon","2011-03-21","16:21:04"
"2856",2856,5476805528,"true",14.9334112553753,11.2982841098292,1.111112,121,320,3,"gps","Bos taurus","misde_cattle1front","misde_cattle1front","Daily cattle herd movements in the Logone Floodplain, Cameroon","2011-03-21","16:22:00"
"2857",2857,5476805545,"true",14.9336312149826,11.2980942389326,1.111112,127,321,3,"gps","Bos taurus","misde_cattle1front","misde_cattle1front","Daily cattle herd movements in the Logone Floodplain, Cameroon","2011-03-21","16:23:00"
"2858",2858,5476805564,"true",14.9339794522247,11.2979315279415,0.833334,136,320,3,"gps","Bos taurus","misde_cattle1front","misde_cattle1front","Daily cattle herd movements in the Logone Floodplain, Cameroon","2011-03-21","16:24:01"
"2859",2859,5476805577,"true",14.9341627379752,11.2978320866849,0.833334,136,319,3,"gps","Bos taurus","misde_cattle1front","misde_cattle1front","Daily cattle herd movements in the Logone Floodplain, Cameroon","2011-03-21","16:25:01"
"2860",2860,5476805593,"true",14.9344468305372,11.2976784047014,0.833334,63,321,3,"gps","Bos taurus","misde_cattle1front","misde_cattle1front","Daily cattle herd movements in the Logone Floodplain, Cameroon","2011-03-21","16:26:00"
"2861",2861,5476805607,"true",14.9346392688701,11.29762418428,0.277778,124,321,2,"gps","Bos taurus","misde_cattle1front","misde_cattle1front","Daily cattle herd movements in the Logone Floodplain, Cameroon","2011-03-21","16:27:00"
"2862",2862,5476805620,"true",14.9348408845632,11.2975066589983,0.277778,136,320,1,"gps","Bos taurus","misde_cattle1front","misde_cattle1front","Daily cattle herd movements in the Logone Floodplain, Cameroon","2011-03-21","16:28:09"
"2863",2863,5476805631,"true",14.934960011492,11.2974795537033,0.1111112,136,320,1,"gps","Bos taurus","misde_cattle1front","misde_cattle1front","Daily cattle herd movements in the Logone Floodplain, Cameroon","2011-03-21","16:29:04"
"2864",2864,5476805644,"true",14.9351524739776,11.2973168070881,0,0,320,0,"gps","Bos taurus","misde_cattle1front","misde_cattle1front","Daily cattle herd movements in the Logone Floodplain, Cameroon","2011-03-21","16:30:04"
"2865",2865,5476805657,"true",14.9353357589367,11.2972173650974,0.555556,109,321,2,"gps","Bos taurus","misde_cattle1front","misde_cattle1front","Daily cattle herd movements in the Logone Floodplain, Cameroon","2011-03-21","16:31:02"
"2866",2866,5476805665,"true",14.9354365675321,11.2971540803229,0.555556,117,320,1,"gps","Bos taurus","misde_cattle1front","misde_cattle1front","Daily cattle herd movements in the Logone Floodplain, Cameroon","2011-03-21","16:32:02"
"2867",2867,5476805682,"true",14.9357023204197,11.2970546560592,0.833334,124,321,2,"gps","Bos taurus","misde_cattle1front","misde_cattle1front","Daily cattle herd movements in the Logone Floodplain, Cameroon","2011-03-21","16:33:00"
"2868",2868,5476805697,"true",14.9358672787796,11.2969552097591,0.833334,76,320,2,"gps","Bos taurus","misde_cattle1front","misde_cattle1front","Daily cattle herd movements in the Logone Floodplain, Cameroon","2011-03-21","16:34:04"
"2869",2869,5476805709,"true",14.936023067894,11.296882892854,0.833334,104,320,2,"gps","Bos taurus","misde_cattle1front","misde_cattle1front","Daily cattle herd movements in the Logone Floodplain, Cameroon","2011-03-21","16:35:03"
"2870",2870,5476805722,"true",14.9362063422871,11.2968286694291,0.555556,109,321,2,"gps","Bos taurus","misde_cattle1front","misde_cattle1front","Daily cattle herd movements in the Logone Floodplain, Cameroon","2011-03-21","16:36:05"
"2871",2871,5476805738,"true",14.9364445992942,11.2967563700421,0.138889,117,319,1,"gps","Bos taurus","misde_cattle1front","misde_cattle1front","Daily cattle herd movements in the Logone Floodplain, Cameroon","2011-03-21","16:37:08"
"2872",2872,5476805746,"true",14.9365820619304,11.2966840489099,0.833334,104,319,2,"gps","Bos taurus","misde_cattle1front","misde_cattle1front","Daily cattle herd movements in the Logone Floodplain, Cameroon","2011-03-21","16:38:01"
"2873",2873,5476805758,"true",14.9367378546849,11.2965936439813,1.111112,112,321,3,"gps","Bos taurus","misde_cattle1front","misde_cattle1front","Daily cattle herd movements in the Logone Floodplain, Cameroon","2011-03-21","16:39:00"
"2874",2874,5476805771,"true",14.9368936433882,11.2965213266145,0.1944446,90,321,1,"gps","Bos taurus","misde_cattle1front","misde_cattle1front","Daily cattle herd movements in the Logone Floodplain, Cameroon","2011-03-21","16:40:01"
"2875",2875,5476805788,"true",14.9370586069509,11.2963947481765,0.833334,117,321,3,"gps","Bos taurus","misde_cattle1front","misde_cattle1front","Daily cattle herd movements in the Logone Floodplain, Cameroon","2011-03-21","16:41:01"
"2876",2876,5476805805,"true",14.9373610129564,11.2962862863728,0.277778,136,322,1,"gps","Bos taurus","misde_cattle1front","misde_cattle1front","Daily cattle herd movements in the Logone Floodplain, Cameroon","2011-03-21","16:42:02"
"2877",2877,5476805824,"true",14.937736711817,11.2962321026048,1.111112,90,323,3,"gps","Bos taurus","misde_cattle1front","misde_cattle1front","Daily cattle herd movements in the Logone Floodplain, Cameroon","2011-03-21","16:43:00"
"2878",2878,5476805840,"true",14.9380207679091,11.296232162147,0.2222224,90,325,1,"gps","Bos taurus","misde_cattle1front","misde_cattle1front","Daily cattle herd movements in the Logone Floodplain, Cameroon","2011-03-21","16:44:07"
"2879",2879,5476805851,"true",14.9381215620066,11.2962321832095,1.111112,78,323,3,"gps","Bos taurus","misde_cattle1front","misde_cattle1front","Daily cattle herd movements in the Logone Floodplain, Cameroon","2011-03-21","16:45:00"
"2880",2880,5476805865,"true",14.9383048259354,11.2962231775942,0.833334,90,323,2,"gps","Bos taurus","misde_cattle1front","misde_cattle1front","Daily cattle herd movements in the Logone Floodplain, Cameroon","2011-03-21","16:46:04"
"2881",2881,5476805875,"true",14.9384422820705,11.2961779870613,0.3055558,90,322,1,"gps","Bos taurus","misde_cattle1front","misde_cattle1front","Daily cattle herd movements in the Logone Floodplain, Cameroon","2011-03-21","16:47:06"
"2882",2882,5476805889,"true",14.9386347071315,11.2961780269678,0.555556,78,322,3,"gps","Bos taurus","misde_cattle1front","misde_cattle1front","Daily cattle herd movements in the Logone Floodplain, Cameroon","2011-03-21","16:48:01"
"2883",2883,5476805905,"true",14.9388546253186,11.2961599847764,1.111112,78,323,3,"gps","Bos taurus","misde_cattle1front","misde_cattle1front","Daily cattle herd movements in the Logone Floodplain, Cameroon","2011-03-21","16:49:02"
"2884",2884,5476805923,"true",14.9392761106906,11.296241465848,1.111112,90,324,3,"gps","Bos taurus","misde_cattle1front","misde_cattle1front","Daily cattle herd movements in the Logone Floodplain, Cameroon","2011-03-21","16:50:00"
"2885",2885,5476805940,"true",14.9395693242211,11.2962686572524,0.1666668,136,324,1,"gps","Bos taurus","misde_cattle1front","misde_cattle1front","Daily cattle herd movements in the Logone Floodplain, Cameroon","2011-03-21","16:51:02"
"2886",2886,5476805956,"true",14.939780079322,11.2962506125058,0.1111112,117,324,1,"gps","Bos taurus","misde_cattle1front","misde_cattle1front","Daily cattle herd movements in the Logone Floodplain, Cameroon","2011-03-21","16:52:03"
"2887",2887,5476805973,"true",14.9401099509466,11.2962506793518,1.111112,78,324,3,"gps","Bos taurus","misde_cattle1front","misde_cattle1front","Daily cattle herd movements in the Logone Floodplain, Cameroon","2011-03-21","16:53:02"
"2888",2888,5476805993,"true",14.940659716544,11.2963502720006,1.111112,80,325,4,"gps","Bos taurus","misde_cattle1front","misde_cattle1front","Daily cattle herd movements in the Logone Floodplain, Cameroon","2011-03-21","16:54:02"
"2889",2889,5476806013,"true",14.9410995215489,11.2964679294433,0.555556,44,326,2,"gps","Bos taurus","misde_cattle1front","misde_cattle1front","Daily cattle herd movements in the Logone Floodplain, Cameroon","2011-03-21","16:55:02"
"2890",2890,5476806031,"true",14.9415118485744,11.2965313178713,1.111112,80,326,4,"gps","Bos taurus","misde_cattle1front","misde_cattle1front","Daily cattle herd movements in the Logone Floodplain, Cameroon","2011-03-21","16:56:01"
"2891",2891,5476806051,"true",14.9420341313112,11.2966037710775,1.111112,36,326,3,"gps","Bos taurus","misde_cattle1front","misde_cattle1front","Daily cattle herd movements in the Logone Floodplain, Cameroon","2011-03-21","16:57:01"
"2892",2892,5476806071,"true",14.9425105753282,11.2967937841811,1.111112,78,326,3,"gps","Bos taurus","misde_cattle1front","misde_cattle1front","Daily cattle herd movements in the Logone Floodplain, Cameroon","2011-03-21","16:58:01"
"2893",2893,5476806089,"true",14.9429503853507,11.2968933512343,1.111112,102,325,3,"gps","Bos taurus","misde_cattle1front","misde_cattle1front","Daily cattle herd movements in the Logone Floodplain, Cameroon","2011-03-21","16:59:02"
"2894",2894,5476806105,"true",14.9431703358766,11.296712517024,0.0277778,251,323,2,"gps","Bos taurus","misde_cattle1front","misde_cattle1front","Daily cattle herd movements in the Logone Floodplain, Cameroon","2011-03-21","17:00:16"
"2895",2895,5476806106,"true",14.9431520096448,11.2967125135091,0.0555556,224,323,1,"gps","Bos taurus","misde_cattle1front","misde_cattle1front","Daily cattle herd movements in the Logone Floodplain, Cameroon","2011-03-21","17:01:01"
"2896",2896,5476806111,"true",14.9431336905391,11.2966763346998,0.1111112,224,323,1,"gps","Bos taurus","misde_cattle1front","misde_cattle1front","Daily cattle herd movements in the Logone Floodplain, Cameroon","2011-03-21","17:02:04"
"2897",2897,5476806117,"true",14.9431520238922,11.2966401629225,0.0277778,136,323,2,"gps","Bos taurus","misde_cattle1front","misde_cattle1front","Daily cattle herd movements in the Logone Floodplain, Cameroon","2011-03-21","17:03:12"
"2898",2898,5476806119,"true",14.9431795167931,11.2966220805478,0.833334,104,323,2,"gps","Bos taurus","misde_cattle1front","misde_cattle1front","Daily cattle herd movements in the Logone Floodplain, Cameroon","2011-03-21","17:04:01"
"2899",2899,5476806133,"true",14.9433078163596,11.2965407107058,0.833334,236,323,2,"gps","Bos taurus","misde_cattle1front","misde_cattle1front","Daily cattle herd movements in the Logone Floodplain, Cameroon","2011-03-21","17:05:07"
"2900",2900,5476806140,"true",14.9432436656963,11.2965859175455,0.0277778,44,323,1,"gps","Bos taurus","misde_cattle1front","misde_cattle1front","Daily cattle herd movements in the Logone Floodplain, Cameroon","2011-03-21","17:06:25"
"2901",2901,5476806141,"true",14.9432528270305,11.2965949631237,0.138889,90,323,1,"gps","Bos taurus","misde_cattle1front","misde_cattle1front","Daily cattle herd movements in the Logone Floodplain, Cameroon","2011-03-21","17:07:00"
"2902",2902,5476806152,"true",14.9433994332788,11.296613078808,0.0277778,117,324,1,"gps","Bos taurus","misde_cattle1front","misde_cattle1front","Daily cattle herd movements in the Logone Floodplain, Cameroon","2011-03-21","17:08:00"
"2903",2903,5476806157,"true",14.9433902772599,11.2965769017642,0.0277778,243,323,1,"gps","Bos taurus","misde_cattle1front","misde_cattle1front","Daily cattle herd movements in the Logone Floodplain, Cameroon","2011-03-21","17:09:55"
"2904",2904,5476806158,"true",14.9433811141483,11.2965769000137,0,0,323,0,"gps","Bos taurus","misde_cattle1front","misde_cattle1front","Daily cattle herd movements in the Logone Floodplain, Cameroon","2011-03-21","17:10:47"
"2905",2905,5476806159,"true",14.9433811141483,11.2965769000137,0.0555556,243,323,1,"gps","Bos taurus","misde_cattle1front","misde_cattle1front","Daily cattle herd movements in the Logone Floodplain, Cameroon","2011-03-21","17:11:04"
"2906",2906,5476806165,"true",14.9433169652641,11.2966130630458,0.833334,334,323,3,"gps","Bos taurus","misde_cattle1front","misde_cattle1front","Daily cattle herd movements in the Logone Floodplain, Cameroon","2011-03-21","17:12:02"
"2907",2907,5476806177,"true",14.9432344652392,11.2967758360804,0,0,322,0,"gps","Bos taurus","misde_cattle1front","misde_cattle1front","Daily cattle herd movements in the Logone Floodplain, Cameroon","2011-03-21","17:13:01"
"2908",2908,5476806181,"true",14.943252791475,11.2967758395902,0.2222224,90,323,2,"gps","Bos taurus","misde_cattle1front","misde_cattle1front","Daily cattle herd movements in the Logone Floodplain, Cameroon","2011-03-21","17:14:10"
"2909",2909,5476806188,"true",14.9432527736971,11.2968662778227,0.0277778,90,323,1,"gps","Bos taurus","misde_cattle1front","misde_cattle1front","Daily cattle herd movements in the Logone Floodplain, Cameroon","2011-03-21","17:15:12"
"2910",2910,5476806193,"true",14.9432527736971,11.2968662778227,0.0833334,316,323,1,"gps","Bos taurus","misde_cattle1front","misde_cattle1front","Daily cattle herd movements in the Logone Floodplain, Cameroon","2011-03-21","17:16:42"
"2911",2911,5476806195,"true",14.9432436087982,11.2968753198911,0.0277778,334,323,1,"gps","Bos taurus","misde_cattle1front","misde_cattle1front","Daily cattle herd movements in the Logone Floodplain, Cameroon","2011-03-21","17:17:51"
"2912",2912,5476806196,"true",14.9432344438988,11.2968843619593,0.1944446,0,323,1,"gps","Bos taurus","misde_cattle1front","misde_cattle1front","Daily cattle herd movements in the Logone Floodplain, Cameroon","2011-03-21","17:18:38"
"2913",2913,5476806198,"true",14.943234440342,11.2969024496057,0.0277778,270,323,2,"gps","Bos taurus","misde_cattle1front","misde_cattle1front","Daily cattle herd movements in the Logone Floodplain, Cameroon","2011-03-21","17:19:22"
"2914",2914,5476806199,"true",14.9432161140982,11.2969024460946,0.0277778,316,323,1,"gps","Bos taurus","misde_cattle1front","misde_cattle1front","Daily cattle herd movements in the Logone Floodplain, Cameroon","2011-03-21","17:20:22"
"2915",2915,5476806201,"true",14.9432161123192,11.2969114899178,0,0,322,0,"gps","Bos taurus","misde_cattle1front","misde_cattle1front","Daily cattle herd movements in the Logone Floodplain, Cameroon","2011-03-21","17:21:26"
"2916",2916,5476806203,"true",14.9432161105403,11.296920533741,0.0277778,316,322,1,"gps","Bos taurus","misde_cattle1front","misde_cattle1front","Daily cattle herd movements in the Logone Floodplain, Cameroon","2011-03-21","17:22:06"
"2917",2917,5476806205,"true",14.9431977807362,11.2969386178752,0.0277778,0,323,1,"gps","Bos taurus","misde_cattle1front","misde_cattle1front","Daily cattle herd movements in the Logone Floodplain, Cameroon","2011-03-21","17:23:42"
"2918",2918,5476806206,"true",14.9431977789567,11.2969476616983,0.3333336,63,323,1,"gps","Bos taurus","misde_cattle1front","misde_cattle1front","Daily cattle herd movements in the Logone Floodplain, Cameroon","2011-03-21","17:24:00"
"2919",2919,5476806209,"true",14.9432161069824,11.2969386213874,0,90,324,1,"gps","Bos taurus","misde_cattle1front","misde_cattle1front","Daily cattle herd movements in the Logone Floodplain, Cameroon","2011-03-21","17:25:07"
"2920",2920,5476806210,"true",14.9432252701054,11.296938623143,0.0277778,180,326,1,"gps","Bos taurus","misde_cattle1front","misde_cattle1front","Daily cattle herd movements in the Logone Floodplain, Cameroon","2011-03-21","17:26:07"
"2921",2921,5476806211,"true",14.9432252718841,11.2969295793198,0.0277778,136,325,1,"gps","Bos taurus","misde_cattle1front","misde_cattle1front","Daily cattle herd movements in the Logone Floodplain, Cameroon","2011-03-21","17:27:07"
"2922",2922,5476806212,"true",14.9432344367853,11.296920537252,0,0,325,0,"gps","Bos taurus","misde_cattle1front","misde_cattle1front","Daily cattle herd movements in the Logone Floodplain, Cameroon","2011-03-21","17:28:07"
"2923",2923,5476806215,"true",14.9432436034639,11.2969024513607,0.0833334,90,325,1,"gps","Bos taurus","misde_cattle1front","misde_cattle1front","Daily cattle herd movements in the Logone Floodplain, Cameroon","2011-03-21","17:29:09"
"2924",2924,5476806226,"true",14.9432802257433,11.2970562033719,0.0555556,270,323,1,"gps","Bos taurus","misde_cattle1front","misde_cattle1front","Daily cattle herd movements in the Logone Floodplain, Cameroon","2011-03-21","17:30:02"
"2925",2925,5476806243,"true",14.9431518814136,11.2973636687722,0.0555556,71,320,2,"gps","Bos taurus","misde_cattle1front","misde_cattle1front","Daily cattle herd movements in the Logone Floodplain, Cameroon","2011-03-21","17:31:00"
"2926",2926,5476806246,"true",14.9431793619223,11.2974088931589,0.0555556,26,322,1,"gps","Bos taurus","misde_cattle1front","misde_cattle1front","Daily cattle herd movements in the Logone Floodplain, Cameroon","2011-03-21","17:32:12"
"2927",2927,5476806249,"true",14.9432160109162,11.2974269878305,0.1111112,90,322,1,"gps","Bos taurus","misde_cattle1front","misde_cattle1front","Daily cattle herd movements in the Logone Floodplain, Cameroon","2011-03-21","17:33:11"
"2928",2928,5476806253,"true",14.9432435003319,11.2974269930968,0.1111112,90,322,1,"gps","Bos taurus","misde_cattle1front","misde_cattle1front","Daily cattle herd movements in the Logone Floodplain, Cameroon","2011-03-21","17:34:26"
"2929",2929,5476806260,"true",14.9433076316448,11.2974812683123,0.1944446,90,323,1,"gps","Bos taurus","misde_cattle1front","misde_cattle1front","Daily cattle herd movements in the Logone Floodplain, Cameroon","2011-03-21","17:35:53"
"2930",2930,5476806262,"true",14.943316796561,11.2974722262424,0,0,321,0,"gps","Bos taurus","misde_cattle1front","misde_cattle1front","Daily cattle herd movements in the Logone Floodplain, Cameroon","2011-03-21","17:36:56"
"2931",2931,5476806263,"true",14.943316796561,11.2974722262424,0,0,321,0,"gps","Bos taurus","misde_cattle1front","misde_cattle1front","Daily cattle herd movements in the Logone Floodplain, Cameroon","2011-03-21","17:37:56"
"2932",2932,5476806264,"true",14.943316796561,11.2974722262424,0.0555556,26,322,1,"gps","Bos taurus","misde_cattle1front","misde_cattle1front","Daily cattle herd movements in the Logone Floodplain, Cameroon","2011-03-21","17:38:01"
"2933",2933,5476806266,"true",14.9433351210657,11.2974812735702,0.0277778,44,322,1,"gps","Bos taurus","misde_cattle1front","misde_cattle1front","Daily cattle herd movements in the Logone Floodplain, Cameroon","2011-03-21","17:39:29"
"2934",2934,5476806267,"true",14.9433351192904,11.2974903173931,0.138889,154,322,1,"gps","Bos taurus","misde_cattle1front","misde_cattle1front","Daily cattle herd movements in the Logone Floodplain, Cameroon","2011-03-21","17:40:29"
"2935",2935,5476806269,"true",14.9433626140355,11.2974631911798,0,0,323,0,"gps","Bos taurus","misde_cattle1front","misde_cattle1front","Daily cattle herd movements in the Logone Floodplain, Cameroon","2011-03-21","17:41:38"
"2936",2936,5476806270,"true",14.9433626140355,11.2974631911798,0.0277778,90,323,1,"gps","Bos taurus","misde_cattle1front","misde_cattle1front","Daily cattle herd movements in the Logone Floodplain, Cameroon","2011-03-21","17:42:29"
"2937",2937,5476806272,"true",14.9433717771753,11.297463192931,0.0277778,180,322,1,"gps","Bos taurus","misde_cattle1front","misde_cattle1front","Daily cattle herd movements in the Logone Floodplain, Cameroon","2011-03-21","17:43:07"
"2938",2938,5476806274,"true",14.9433626175844,11.297445103534,0,0,321,0,"gps","Bos taurus","misde_cattle1front","misde_cattle1front","Daily cattle herd movements in the Logone Floodplain, Cameroon","2011-03-21","17:44:32"
"2939",2939,5476806276,"true",14.9433534526705,11.2974541456054,0.0277778,270,320,1,"gps","Bos taurus","misde_cattle1front","misde_cattle1front","Daily cattle herd movements in the Logone Floodplain, Cameroon","2011-03-21","17:45:05"
"2940",2940,5476806282,"true",14.943252652803,11.2974812577889,0.1944446,334,320,1,"gps","Bos taurus","misde_cattle1front","misde_cattle1front","Daily cattle herd movements in the Logone Floodplain, Cameroon","2011-03-21","17:46:00"
"2941",2941,5476806289,"true",14.9432159984628,11.2974902945904,0.0277778,136,322,1,"gps","Bos taurus","misde_cattle1front","misde_cattle1front","Daily cattle herd movements in the Logone Floodplain, Cameroon","2011-03-21","17:47:00"
"2942",2942,5476806290,"true",14.9432251616034,11.2974902963462,0.0277778,270,320,1,"gps","Bos taurus","misde_cattle1front","misde_cattle1front","Daily cattle herd movements in the Logone Floodplain, Cameroon","2011-03-21","17:48:00"
"2943",2943,5476806291,"true",14.9432159984628,11.2974902945904,0,90,320,1,"gps","Bos taurus","misde_cattle1front","misde_cattle1front","Daily cattle herd movements in the Logone Floodplain, Cameroon","2011-03-21","17:49:00"
"2944",2944,5476806294,"true",14.9432160020209,11.2974722069448,0.0555556,180,322,1,"gps","Bos taurus","misde_cattle1front","misde_cattle1front","Daily cattle herd movements in the Logone Floodplain, Cameroon","2011-03-21","17:50:48"
"2945",2945,5476806296,"true",14.9432160073581,11.2974450754762,1.38889,154,323,4,"gps","Bos taurus","misde_cattle1front","misde_cattle1front","Daily cattle herd movements in the Logone Floodplain, Cameroon","2011-03-21","17:51:01"
